{
  "v": "5.5.8",
  "fr": 60,
  "ip": 0,
  "op": 190,
  "w": 95,
  "h": 95,
  "nm": "Pre-comp 1",
  "ddd": 0,
  "assets": [],
  "layers": [
    {
      "ddd": 0,
      "ind": 1,
      "ty": 4,
      "nm": "Shape Layer 2",
      "parent": 5,
      "sr": 1,
      "ks": {
        "o": {
          "a": 0,
          "k": 100,
          "ix": 11
        },
        "r": {
          "a": 0,
          "k": 0,
          "ix": 10
        },
        "p": {
          "a": 0,
          "k": [18.727, 11.531, 0],
          "ix": 2
        },
        "a": {
          "a": 0,
          "k": [9.25, -27.875, 0],
          "ix": 1
        },
        "s": {
          "a": 1,
          "k": [
            {
              "i": {
                "x": [0.833, 0.833, 0.833],
                "y": [0.833, 0.833, 0.833]
              },
              "o": {
                "x": [0.167, 0.167, 0.167],
                "y": [0.167, 0.167, 0.167]
              },
              "t": 41.5,
              "s": [66.667, 66.667, 100]
            },
            {
              "i": {
                "x": [0.833, 0.833, 0.833],
                "y": [0.833, 0.833, 0.833]
              },
              "o": {
                "x": [0.167, 0.167, 0.167],
                "y": [0.167, 0.167, 0.167]
              },
              "t": 48.416,
              "s": [66.667, 0, 100]
            },
            {
              "i": {
                "x": [0.833, 0.833, 0.833],
                "y": [0.833, 0.833, 0.833]
              },
              "o": {
                "x": [0.167, 0.167, 0.167],
                "y": [0.167, 0.167, 0.167]
              },
              "t": 55.334,
              "s": [66.667, 66.667, 100]
            },
            {
              "i": {
                "x": [0.833, 0.833, 0.833],
                "y": [0.833, 0.833, 0.833]
              },
              "o": {
                "x": [0.167, 0.167, 0.167],
                "y": [0.167, 0.167, 0.167]
              },
              "t": 112,
              "s": [66.667, 66.667, 100]
            },
            {
              "i": {
                "x": [0.833, 0.833, 0.833],
                "y": [0.833, 0.833, 0.833]
              },
              "o": {
                "x": [0.167, 0.167, 0.167],
                "y": [0.167, 0.167, 0.167]
              },
              "t": 118.916,
              "s": [66.667, 0, 100]
            },
            {
              "t": 125.83203125,
              "s": [66.667, 66.667, 100]
            }
          ],
          "ix": 6
        }
      },
      "ao": 0,
      "shapes": [
        {
          "ty": "gr",
          "it": [
            {
              "d": 1,
              "ty": "el",
              "s": {
                "a": 0,
                "k": [3.75, 3.75],
                "ix": 2
              },
              "p": {
                "a": 0,
                "k": [0, 0],
                "ix": 3
              },
              "nm": "Ellipse Path 1",
              "mn": "ADBE Vector Shape - Ellipse",
              "hd": false
            },
            {
              "ty": "fl",
              "c": {
                "a": 0,
                "k": [0, 0.623529434204, 0.627451002598, 1],
                "ix": 4
              },
              "o": {
                "a": 0,
                "k": 100,
                "ix": 5
              },
              "r": 1,
              "bm": 0,
              "nm": "Fill 2",
              "mn": "ADBE Vector Graphic - Fill",
              "hd": false
            },
            {
              "ty": "fl",
              "c": {
                "a": 0,
                "k": [0, 0.619607843137, 0.623529411765, 1],
                "ix": 4
              },
              "o": {
                "a": 0,
                "k": 0,
                "ix": 5
              },
              "r": 1,
              "bm": 0,
              "nm": "Fill 1",
              "mn": "ADBE Vector Graphic - Fill",
              "hd": false
            },
            {
              "ty": "tr",
              "p": {
                "a": 0,
                "k": [9.125, -28],
                "ix": 2
              },
              "a": {
                "a": 0,
                "k": [0, 0],
                "ix": 1
              },
              "s": {
                "a": 0,
                "k": [100, 100],
                "ix": 3
              },
              "r": {
                "a": 0,
                "k": 0,
                "ix": 6
              },
              "o": {
                "a": 0,
                "k": 100,
                "ix": 7
              },
              "sk": {
                "a": 0,
                "k": 0,
                "ix": 4
              },
              "sa": {
                "a": 0,
                "k": 0,
                "ix": 5
              },
              "nm": "Transform"
            }
          ],
          "nm": "Ellipse 1",
          "np": 4,
          "cix": 2,
          "bm": 0,
          "ix": 1,
          "mn": "ADBE Vector Group",
          "hd": false
        }
      ],
      "ip": 0,
      "op": 194,
      "st": 0,
      "bm": 0
    },
    {
      "ddd": 0,
      "ind": 2,
      "ty": 4,
      "nm": "Shape Layer 1",
      "parent": 5,
      "sr": 1,
      "ks": {
        "o": {
          "a": 0,
          "k": 100,
          "ix": 11
        },
        "r": {
          "a": 0,
          "k": 0,
          "ix": 10
        },
        "p": {
          "a": 0,
          "k": [31.227, 11.531, 0],
          "ix": 2
        },
        "a": {
          "a": 0,
          "k": [9.25, -27.875, 0],
          "ix": 1
        },
        "s": {
          "a": 1,
          "k": [
            {
              "i": {
                "x": [0.833, 0.833, 0.833],
                "y": [0.833, 0.833, 0.833]
              },
              "o": {
                "x": [0.167, 0.167, 0.167],
                "y": [0.167, 0.167, 0.167]
              },
              "t": 41.5,
              "s": [66.667, 66.667, 100]
            },
            {
              "i": {
                "x": [0.833, 0.833, 0.833],
                "y": [0.833, 0.833, 0.833]
              },
              "o": {
                "x": [0.167, 0.167, 0.167],
                "y": [0.167, 0.167, 0.167]
              },
              "t": 48.416,
              "s": [66.667, 0, 100]
            },
            {
              "i": {
                "x": [0.833, 0.833, 0.833],
                "y": [0.833, 0.833, 0.833]
              },
              "o": {
                "x": [0.167, 0.167, 0.167],
                "y": [0.167, 0.167, 0.167]
              },
              "t": 55.334,
              "s": [66.667, 66.667, 100]
            },
            {
              "i": {
                "x": [0.833, 0.833, 0.833],
                "y": [0.833, 0.833, 0.833]
              },
              "o": {
                "x": [0.167, 0.167, 0.167],
                "y": [0.167, 0.167, 0.167]
              },
              "t": 112,
              "s": [66.667, 66.667, 100]
            },
            {
              "i": {
                "x": [0.833, 0.833, 0.833],
                "y": [0.833, 0.833, 0.833]
              },
              "o": {
                "x": [0.167, 0.167, 0.167],
                "y": [0.167, 0.167, 0.167]
              },
              "t": 118.916,
              "s": [66.667, 0, 100]
            },
            {
              "t": 125.83203125,
              "s": [66.667, 66.667, 100]
            }
          ],
          "ix": 6
        }
      },
      "ao": 0,
      "shapes": [
        {
          "ty": "gr",
          "it": [
            {
              "d": 1,
              "ty": "el",
              "s": {
                "a": 0,
                "k": [3.75, 3.75],
                "ix": 2
              },
              "p": {
                "a": 0,
                "k": [0, 0],
                "ix": 3
              },
              "nm": "Ellipse Path 1",
              "mn": "ADBE Vector Shape - Ellipse",
              "hd": false
            },
            {
              "ty": "fl",
              "c": {
                "a": 0,
                "k": [0, 0.623529434204, 0.627451002598, 1],
                "ix": 4
              },
              "o": {
                "a": 0,
                "k": 100,
                "ix": 5
              },
              "r": 1,
              "bm": 0,
              "nm": "Fill 2",
              "mn": "ADBE Vector Graphic - Fill",
              "hd": false
            },
            {
              "ty": "fl",
              "c": {
                "a": 0,
                "k": [0, 0.619607843137, 0.623529411765, 1],
                "ix": 4
              },
              "o": {
                "a": 0,
                "k": 0,
                "ix": 5
              },
              "r": 1,
              "bm": 0,
              "nm": "Fill 1",
              "mn": "ADBE Vector Graphic - Fill",
              "hd": false
            },
            {
              "ty": "tr",
              "p": {
                "a": 0,
                "k": [9.125, -28],
                "ix": 2
              },
              "a": {
                "a": 0,
                "k": [0, 0],
                "ix": 1
              },
              "s": {
                "a": 0,
                "k": [100, 100],
                "ix": 3
              },
              "r": {
                "a": 0,
                "k": 0,
                "ix": 6
              },
              "o": {
                "a": 0,
                "k": 100,
                "ix": 7
              },
              "sk": {
                "a": 0,
                "k": 0,
                "ix": 4
              },
              "sa": {
                "a": 0,
                "k": 0,
                "ix": 5
              },
              "nm": "Transform"
            }
          ],
          "nm": "Ellipse 1",
          "np": 4,
          "cix": 2,
          "bm": 0,
          "ix": 1,
          "mn": "ADBE Vector Group",
          "hd": false
        }
      ],
      "ip": 0,
      "op": 194,
      "st": 0,
      "bm": 0
    },
    {
      "ddd": 0,
      "ind": 3,
      "ty": 4,
      "nm": "Layer 3 Outlines 2",
      "parent": 5,
      "sr": 1,
      "ks": {
        "o": {
          "a": 0,
          "k": 100,
          "ix": 11
        },
        "r": {
          "a": 1,
          "k": [
            {
              "i": {
                "x": [0.833],
                "y": [0.833]
              },
              "o": {
                "x": [0.167],
                "y": [0.167]
              },
              "t": 41.5,
              "s": [0]
            },
            {
              "i": {
                "x": [0.833],
                "y": [0.833]
              },
              "o": {
                "x": [0.167],
                "y": [0.167]
              },
              "t": 69.166,
              "s": [6]
            },
            {
              "i": {
                "x": [0.833],
                "y": [0.833]
              },
              "o": {
                "x": [0.167],
                "y": [0.167]
              },
              "t": 112,
              "s": [6]
            },
            {
              "t": 139.666015625,
              "s": [0]
            }
          ],
          "ix": 10
        },
        "p": {
          "a": 0,
          "k": [4.061, 20.554, 0],
          "ix": 2
        },
        "a": {
          "a": 0,
          "k": [4.061, 20.554, 0],
          "ix": 1
        },
        "s": {
          "a": 0,
          "k": [100, 100, 100],
          "ix": 6
        }
      },
      "ao": 0,
      "shapes": [
        {
          "ty": "gr",
          "it": [
            {
              "ind": 0,
              "ty": "sh",
              "ix": 1,
              "ks": {
                "a": 0,
                "k": {
                  "i": [
                    [0, 0],
                    [0, 0],
                    [-1.613, 0.505],
                    [-0.606, -1.916],
                    [0, -0.505],
                    [0, 0],
                    [0, 0],
                    [1.714, -0.303],
                    [0.706, 1.412],
                    [0, 0.807]
                  ],
                  "o": [
                    [0, 0],
                    [-0.101, -1.714],
                    [2.018, -0.604],
                    [0.1, 0.202],
                    [0, 0],
                    [0, 0],
                    [0, 1.715],
                    [-1.614, 0.503],
                    [-0.201, -0.605],
                    [0, 0]
                  ],
                  "v": [
                    [-3.63, 0.051],
                    [-3.63, -8.321],
                    [-1.009, -12.053],
                    [3.632, -9.632],
                    [3.732, -8.522],
                    [3.732, 0.353],
                    [3.732, 8.623],
                    [0.908, 12.154],
                    [-3.126, 10.338],
                    [-3.63, 8.321]
                  ],
                  "c": true
                },
                "ix": 2
              },
              "nm": "Path 1",
              "mn": "ADBE Vector Shape - Group",
              "hd": false
            },
            {
              "ty": "fl",
              "c": {
                "a": 0,
                "k": [0.486, 0.227, 0.929, 1],
                "ix": 4
              },
              "o": {
                "a": 0,
                "k": 100,
                "ix": 5
              },
              "r": 1,
              "bm": 0,
              "nm": "Fill 1",
              "mn": "ADBE Vector Graphic - Fill",
              "hd": false
            },
            {
              "ty": "tr",
              "p": {
                "a": 0,
                "k": [3.981, 32.676],
                "ix": 2
              },
              "a": {
                "a": 0,
                "k": [0, 0],
                "ix": 1
              },
              "s": {
                "a": 0,
                "k": [100, 100],
                "ix": 3
              },
              "r": {
                "a": 0,
                "k": 0,
                "ix": 6
              },
              "o": {
                "a": 0,
                "k": 100,
                "ix": 7
              },
              "sk": {
                "a": 0,
                "k": 0,
                "ix": 4
              },
              "sa": {
                "a": 0,
                "k": 0,
                "ix": 5
              },
              "nm": "Transform"
            }
          ],
          "nm": "Group 5",
          "np": 2,
          "cix": 2,
          "bm": 0,
          "ix": 1,
          "mn": "ADBE Vector Group",
          "hd": false
        }
      ],
      "ip": 0,
      "op": 194,
      "st": 0,
      "bm": 0
    },
    {
      "ddd": 0,
      "ind": 4,
      "ty": 4,
      "nm": "Layer 3 Outlines 3",
      "parent": 5,
      "sr": 1,
      "ks": {
        "o": {
          "a": 0,
          "k": 100,
          "ix": 11
        },
        "r": {
          "a": 1,
          "k": [
            {
              "i": {
                "x": [0.833],
                "y": [0.833]
              },
              "o": {
                "x": [0.167],
                "y": [0.167]
              },
              "t": 41.5,
              "s": [0]
            },
            {
              "i": {
                "x": [0.833],
                "y": [0.833]
              },
              "o": {
                "x": [0.167],
                "y": [0.167]
              },
              "t": 69.166,
              "s": [-6]
            },
            {
              "i": {
                "x": [0.833],
                "y": [0.833]
              },
              "o": {
                "x": [0.167],
                "y": [0.167]
              },
              "t": 112,
              "s": [-6]
            },
            {
              "t": 139.666015625,
              "s": [0]
            }
          ],
          "ix": 10
        },
        "p": {
          "a": 0,
          "k": [46.395, 20.554, 0],
          "ix": 2
        },
        "a": {
          "a": 0,
          "k": [46.395, 20.554, 0],
          "ix": 1
        },
        "s": {
          "a": 0,
          "k": [100, 100, 100],
          "ix": 6
        }
      },
      "ao": 0,
      "shapes": [
        {
          "ty": "gr",
          "it": [
            {
              "ind": 0,
              "ty": "sh",
              "ix": 1,
              "ks": {
                "a": 0,
                "k": {
                  "i": [
                    [0, 0],
                    [0, 0],
                    [1.917, -0.102],
                    [0.1, 1.916],
                    [0, 0],
                    [0, 0],
                    [-0.1, 0.201],
                    [-1.815, -0.201],
                    [-0.101, -1.815]
                  ],
                  "o": [
                    [0, 0],
                    [0.101, 2.017],
                    [-2.117, 0.1],
                    [0, 0],
                    [0, 0],
                    [0, -0.202],
                    [0.404, -1.816],
                    [1.816, 0],
                    [0, 0]
                  ],
                  "v": [
                    [3.631, 0],
                    [3.631, 8.473],
                    [0.201, 12.305],
                    [-3.732, 8.876],
                    [-3.732, 8.473],
                    [-3.732, -8.573],
                    [-3.632, -9.279],
                    [0.201, -12.204],
                    [3.631, -8.876]
                  ],
                  "c": true
                },
                "ix": 2
              },
              "nm": "Path 1",
              "mn": "ADBE Vector Shape - Group",
              "hd": false
            },
            {
              "ty": "fl",
              "c": {
                "a": 0,
                "k": [
  0.486,
  0.227,
  0.929,
  1
],
                "ix": 4
              },
              "o": {
                "a": 0,
                "k": 100,
                "ix": 5
              },
              "r": 1,
              "bm": 0,
              "nm": "Fill 1",
              "mn": "ADBE Vector Graphic - Fill",
              "hd": false
            },
            {
              "ty": "tr",
              "p": {
                "a": 0,
                "k": [46.141, 32.727],
                "ix": 2
              },
              "a": {
                "a": 0,
                "k": [0, 0],
                "ix": 1
              },
              "s": {
                "a": 0,
                "k": [100, 100],
                "ix": 3
              },
              "r": {
                "a": 0,
                "k": 0,
                "ix": 6
              },
              "o": {
                "a": 0,
                "k": 100,
                "ix": 7
              },
              "sk": {
                "a": 0,
                "k": 0,
                "ix": 4
              },
              "sa": {
                "a": 0,
                "k": 0,
                "ix": 5
              },
              "nm": "Transform"
            }
          ],
          "nm": "Group 2",
          "np": 2,
          "cix": 2,
          "bm": 0,
          "ix": 1,
          "mn": "ADBE Vector Group",
          "hd": false
        }
      ],
      "ip": 0,
      "op": 194,
      "st": 0,
      "bm": 0
    },
    {
      "ddd": 0,
      "ind": 5,
      "ty": 4,
      "nm": "Layer 3 Outlines",
      "sr": 1,
      "ks": {
        "o": {
          "a": 0,
          "k": 100,
          "ix": 11
        },
        "r": {
          "a": 0,
          "k": 0,
          "ix": 10
        },
        "p": {
          "a": 0,
          "k": [47.501, 94.496, 0],
          "ix": 2
        },
        "a": {
          "a": 0,
          "k": [25.061, 59.721, 0],
          "ix": 1
        },
        "s": {
          "a": 1,
          "k": [
            {
              "i": {
                "x": [0.833, 0.833, 0.833],
                "y": [0.833, 0.833, 0.833]
              },
              "o": {
                "x": [0.167, 0.167, 0.167],
                "y": [0.167, 0.167, 0.167]
              },
              "t": 0,
              "s": [0, 0, 100]
            },
            {
              "i": {
                "x": [0.833, 0.833, 0.833],
                "y": [0.833, 0.833, 0.833]
              },
              "o": {
                "x": [0.167, 0.167, 0.167],
                "y": [0.167, 0.167, 0.167]
              },
              "t": 13.834,
              "s": [158.08, 158.08, 100]
            },
            {
              "i": {
                "x": [0.833, 0.833, 0.833],
                "y": [0.833, 0.833, 0.833]
              },
              "o": {
                "x": [0.167, 0.167, 0.167],
                "y": [0.167, 0.167, 0.167]
              },
              "t": 27.666,
              "s": [138.32, 138.32, 100]
            },
            {
              "t": 41.5,
              "s": [148.2, 148.2, 100]
            }
          ],
          "ix": 6
        }
      },
      "ao": 0,
      "shapes": [
        {
          "ty": "gr",
          "it": [
            {
              "ind": 0,
              "ty": "sh",
              "ix": 1,
              "ks": {
                "a": 0,
                "k": {
                  "i": [
                    [0, 0],
                    [-2.926, 2.623],
                    [0.403, 0.504],
                    [0, 0],
                    [0.102, 0.1],
                    [-0.504, 0.504],
                    [-0.504, -0.504],
                    [-0.908, -1.008],
                    [-0.706, 0.505],
                    [-3.632, -1.714],
                    [-0.303, 0.303],
                    [-1.11, 1.109],
                    [-0.505, -0.504],
                    [0, 0],
                    [0.504, -0.504],
                    [0, 0],
                    [0.706, -0.706],
                    [-0.504, -0.504],
                    [-0.403, -3.833],
                    [0.706, 0],
                    [0, 0],
                    [0, 0],
                    [0, 0.807]
                  ],
                  "o": [
                    [0.403, -3.832],
                    [0.504, -0.504],
                    [0, 0],
                    [-0.1, -0.101],
                    [-0.504, -0.505],
                    [0.505, -0.504],
                    [0.908, 0.908],
                    [0.504, 0.706],
                    [3.731, -1.512],
                    [0.403, 0.202],
                    [1.009, -1.008],
                    [0.403, -0.605],
                    [0, 0],
                    [0.504, 0.504],
                    [0, 0],
                    [-0.909, 0.706],
                    [-0.504, 0.505],
                    [2.825, 2.42],
                    [0.102, 0.605],
                    [0, 0],
                    [0, 0],
                    [-0.605, 0.101],
                    [0, 0.202]
                  ],
                  "v": [
                    [-14.776, 7.413],
                    [-9.733, -2.471],
                    [-9.632, -4.185],
                    [-11.448, -6.001],
                    [-11.953, -6.505],
                    [-11.953, -8.22],
                    [-10.238, -8.22],
                    [-7.514, -5.497],
                    [-5.295, -4.993],
                    [6.102, -4.791],
                    [7.11, -4.993],
                    [10.237, -8.119],
                    [11.952, -8.321],
                    [12.052, -8.22],
                    [12.052, -6.405],
                    [11.952, -6.304],
                    [9.631, -4.085],
                    [9.631, -2.37],
                    [14.674, 7.514],
                    [13.565, 8.724],
                    [13.464, 8.724],
                    [-13.667, 8.724],
                    [-14.776, 7.413]
                  ],
                  "c": true
                },
                "ix": 2
              },
              "nm": "Path 3",
              "mn": "ADBE Vector Shape - Group",
              "hd": false
            },
            {
              "ty": "mm",
              "mm": 1,
              "nm": "Merge Paths 1",
              "mn": "ADBE Vector Filter - Merge",
              "hd": false
            },
            {
              "ty": "fl",
              "c": {
                "a": 0,
                "k": [0.576, 0.2, 0.918, 1],
                "ix": 4
              },
              "o": {
                "a": 0,
                "k": 100,
                "ix": 5
              },
              "r": 1,
              "bm": 0,
              "nm": "Fill 1",
              "mn": "ADBE Vector Graphic - Fill",
              "hd": false
            },
            {
              "ty": "tr",
              "p": {
                "a": 0,
                "k": [25.112, 9.075],
                "ix": 2
              },
              "a": {
                "a": 0,
                "k": [0, 0],
                "ix": 1
              },
              "s": {
                "a": 0,
                "k": [100, 100],
                "ix": 3
              },
              "r": {
                "a": 0,
                "k": 0,
                "ix": 6
              },
              "o": {
                "a": 0,
                "k": 100,
                "ix": 7
              },
              "sk": {
                "a": 0,
                "k": 0,
                "ix": 4
              },
              "sa": {
                "a": 0,
                "k": 0,
                "ix": 5
              },
              "nm": "Transform"
            }
          ],
          "nm": "Group 3",
          "np": 3,
          "cix": 2,
          "bm": 0,
          "ix": 1,
          "mn": "ADBE Vector Group",
          "hd": false
        },
        {
          "ty": "gr",
          "it": [
            {
              "ind": 0,
              "ty": "sh",
              "ix": 1,
              "ks": {
                "a": 0,
                "k": {
                  "i": [
                    [0, 0],
                    [0.1, 0],
                    [-0.101, 1.715],
                    [0, 0],
                    [0.605, 0],
                    [0, 0],
                    [-0.101, 1.312],
                    [0, 0],
                    [0, 0],
                    [0, 0],
                    [0, 0],
                    [0, 0],
                    [0, 0],
                    [1.312, -0.101],
                    [0, 0],
                    [0, 0],
                    [0, -0.403],
                    [0, 0],
                    [2.521, -1.009],
                    [0, 0],
                    [0, 0],
                    [-0.1, 1.815],
                    [0, 0],
                    [0, 0],
                    [0, 0],
                    [0, 0],
                    [0, 0],
                    [1.614, -0.302],
                    [0, 0]
                  ],
                  "o": [
                    [-0.102, 0],
                    [-1.715, -0.403],
                    [0, 0],
                    [0, -0.505],
                    [0, 0],
                    [-1.31, 0],
                    [0, 0],
                    [0, 0],
                    [0, 0],
                    [0, 0],
                    [0, 0],
                    [0, 0],
                    [0.101, 1.311],
                    [0, 0],
                    [0, 0],
                    [-0.404, 0],
                    [0, 0],
                    [0, 2.724],
                    [0, 0],
                    [0, 0],
                    [-1.715, -0.403],
                    [0, 0],
                    [0, 0],
                    [0, 0],
                    [0, 0],
                    [0, 0],
                    [0, 1.715],
                    [-0.101, 0],
                    [0, 0]
                  ],
                  "v": [
                    [-6.959, 19.718],
                    [-7.161, 19.616],
                    [-9.985, 15.885],
                    [-9.985, 8.119],
                    [-10.691, 7.413],
                    [-12.507, 7.413],
                    [-14.826, 4.992],
                    [-14.826, 4.892],
                    [-14.826, -19.214],
                    [-14.826, -19.718],
                    [14.826, -19.718],
                    [14.826, -19.113],
                    [14.826, 4.69],
                    [12.607, 7.413],
                    [12.103, 7.413],
                    [10.389, 7.413],
                    [9.884, 7.917],
                    [9.884, 15.179],
                    [6.758, 19.718],
                    [5.446, 19.718],
                    [5.346, 19.616],
                    [2.521, 15.684],
                    [2.521, 8.018],
                    [2.521, 7.413],
                    [-2.421, 7.413],
                    [-2.421, 8.018],
                    [-2.421, 15.885],
                    [-5.144, 19.415],
                    [-5.346, 19.516]
                  ],
                  "c": true
                },
                "ix": 2
              },
              "nm": "Path 1",
              "mn": "ADBE Vector Shape - Group",
              "hd": false
            },
            {
              "ty": "fl",
              "c": {
                "a": 0,
                "k": [
  0.576,
  0.200,
  0.918,
  1
],
                "ix": 4
              },
              "o": {
                "a": 0,
                "k": 100,
                "ix": 5
              },
              "r": 1,
              "bm": 0,
              "nm": "Fill 1",
              "mn": "ADBE Vector Graphic - Fill",
              "hd": false
            },
            {
              "ty": "tr",
              "p": {
                "a": 0,
                "k": [25.263, 40.14],
                "ix": 2
              },
              "a": {
                "a": 0,
                "k": [0, 0],
                "ix": 1
              },
              "s": {
                "a": 0,
                "k": [100, 100],
                "ix": 3
              },
              "r": {
                "a": 0,
                "k": 0,
                "ix": 6
              },
              "o": {
                "a": 0,
                "k": 100,
                "ix": 7
              },
              "sk": {
                "a": 0,
                "k": 0,
                "ix": 4
              },
              "sa": {
                "a": 0,
                "k": 0,
                "ix": 5
              },
              "nm": "Transform"
            }
          ],
          "nm": "Group 4",
          "np": 2,
          "cix": 2,
          "bm": 0,
          "ix": 2,
          "mn": "ADBE Vector Group",
          "hd": false
        }
      ],
      "ip": 0,
      "op": 194,
      "st": 0,
      "bm": 0
    }
  ],
  "markers": []
}
