{
  "v": "5.5.8",
  "fr": 30,
  "ip": 0,
  "op": 76,
  "w": 95,
  "h": 95,
  "nm": "bitcoin",
  "ddd": 0,
  "assets": [
    {
      "id": "comp_0",
      "layers": [
        {
          "ddd": 0,
          "ind": 1,
          "ty": 4,
          "nm": "Shape Layer 7",
          "sr": 1,
          "ks": {
            "o": {
              "a": 0,
              "k": 100,
              "ix": 11
            },
            "r": {
              "a": 0,
              "k": 0,
              "ix": 10
            },
            "p": {
              "a": 0,
              "k": [145.75, 221.25, 0],
              "ix": 2
            },
            "a": {
              "a": 0,
              "k": [0, 0, 0],
              "ix": 1
            },
            "s": {
              "a": 0,
              "k": [100, 100, 100],
              "ix": 6
            }
          },
          "ao": 0,
          "shapes": [
            {
              "ty": "gr",
              "it": [
                {
                  "ind": 0,
                  "ty": "sh",
                  "ix": 1,
                  "ks": {
                    "a": 0,
                    "k": {
                      "i": [
                        [0, 0],
                        [0, 0]
                      ],
                      "o": [
                        [0, 0],
                        [0, 0]
                      ],
                      "v": [
                        [-25.5, -42],
                        [-25.5, -23.25]
                      ],
                      "c": false
                    },
                    "ix": 2
                  },
                  "nm": "Path 1",
                  "mn": "ADBE Vector Shape - Group",
                  "hd": false
                },
                {
                  "ind": 1,
                  "ty": "sh",
                  "ix": 2,
                  "ks": {
                    "a": 0,
                    "k": {
                      "i": [
                        [0, 0],
                        [0, 0]
                      ],
                      "o": [
                        [0, 0],
                        [0, 0]
                      ],
                      "v": [
                        [-10.25, -42],
                        [-10.25, -23.25]
                      ],
                      "c": false
                    },
                    "ix": 2
                  },
                  "nm": "Path 2",
                  "mn": "ADBE Vector Shape - Group",
                  "hd": false
                },
                {
                  "ty": "st",
                  "c": {
                    "a": 0,
                    "k": [0, 0.098039215686, 0.098039215686, 1],
                    "ix": 3
                  },
                  "o": {
                    "a": 0,
                    "k": 100,
                    "ix": 4
                  },
                  "w": {
                    "a": 0,
                    "k": 8,
                    "ix": 5
                  },
                  "lc": 1,
                  "lj": 1,
                  "ml": 4,
                  "bm": 0,
                  "nm": "Stroke 1",
                  "mn": "ADBE Vector Graphic - Stroke",
                  "hd": false
                },
                {
                  "ty": "tr",
                  "p": {
                    "a": 0,
                    "k": [0, 0],
                    "ix": 2
                  },
                  "a": {
                    "a": 0,
                    "k": [0, 0],
                    "ix": 1
                  },
                  "s": {
                    "a": 0,
                    "k": [100, 100],
                    "ix": 3
                  },
                  "r": {
                    "a": 0,
                    "k": 0,
                    "ix": 6
                  },
                  "o": {
                    "a": 0,
                    "k": 100,
                    "ix": 7
                  },
                  "sk": {
                    "a": 0,
                    "k": 0,
                    "ix": 4
                  },
                  "sa": {
                    "a": 0,
                    "k": 0,
                    "ix": 5
                  },
                  "nm": "Transform"
                }
              ],
              "nm": "Shape 1",
              "np": 4,
              "cix": 2,
              "bm": 0,
              "ix": 1,
              "mn": "ADBE Vector Group",
              "hd": false
            },
            {
              "ty": "tm",
              "s": {
                "a": 0,
                "k": 0,
                "ix": 1
              },
              "e": {
                "a": 1,
                "k": [
                  {
                    "i": {
                      "x": [0.5],
                      "y": [1]
                    },
                    "o": {
                      "x": [0.167],
                      "y": [0.167]
                    },
                    "t": 0,
                    "s": [0]
                  },
                  {
                    "t": 20,
                    "s": [100]
                  }
                ],
                "ix": 2
              },
              "o": {
                "a": 0,
                "k": 0,
                "ix": 3
              },
              "m": 1,
              "ix": 2,
              "nm": "Trim In Path",
              "mn": "ADBE Vector Filter - Trim",
              "hd": false
            }
          ],
          "ip": 0,
          "op": 180,
          "st": 0,
          "bm": 0
        },
        {
          "ddd": 0,
          "ind": 2,
          "ty": 4,
          "nm": "Shape Layer 6",
          "sr": 1,
          "ks": {
            "o": {
              "a": 0,
              "k": 100,
              "ix": 11
            },
            "r": {
              "a": 0,
              "k": 0,
              "ix": 10
            },
            "p": {
              "a": 0,
              "k": [145.75, 154.25, 0],
              "ix": 2
            },
            "a": {
              "a": 0,
              "k": [0, 0, 0],
              "ix": 1
            },
            "s": {
              "a": 0,
              "k": [100, 100, 100],
              "ix": 6
            }
          },
          "ao": 0,
          "shapes": [
            {
              "ty": "gr",
              "it": [
                {
                  "ind": 0,
                  "ty": "sh",
                  "ix": 1,
                  "ks": {
                    "a": 0,
                    "k": {
                      "i": [
                        [0, 0],
                        [0, 0]
                      ],
                      "o": [
                        [0, 0],
                        [0, 0]
                      ],
                      "v": [
                        [-25.5, -42],
                        [-25.5, -23.25]
                      ],
                      "c": false
                    },
                    "ix": 2
                  },
                  "nm": "Path 1",
                  "mn": "ADBE Vector Shape - Group",
                  "hd": false
                },
                {
                  "ind": 1,
                  "ty": "sh",
                  "ix": 2,
                  "ks": {
                    "a": 0,
                    "k": {
                      "i": [
                        [0, 0],
                        [0, 0]
                      ],
                      "o": [
                        [0, 0],
                        [0, 0]
                      ],
                      "v": [
                        [-9.5, -42],
                        [-9.5, -23.25]
                      ],
                      "c": false
                    },
                    "ix": 2
                  },
                  "nm": "Path 2",
                  "mn": "ADBE Vector Shape - Group",
                  "hd": false
                },
                {
                  "ty": "st",
                  "c": {
                    "a": 0,
                    "k": [0, 0.098039215686, 0.098039215686, 1],
                    "ix": 3
                  },
                  "o": {
                    "a": 0,
                    "k": 100,
                    "ix": 4
                  },
                  "w": {
                    "a": 0,
                    "k": 8,
                    "ix": 5
                  },
                  "lc": 1,
                  "lj": 1,
                  "ml": 4,
                  "bm": 0,
                  "nm": "Stroke 1",
                  "mn": "ADBE Vector Graphic - Stroke",
                  "hd": false
                },
                {
                  "ty": "tr",
                  "p": {
                    "a": 0,
                    "k": [0, 0],
                    "ix": 2
                  },
                  "a": {
                    "a": 0,
                    "k": [0, 0],
                    "ix": 1
                  },
                  "s": {
                    "a": 0,
                    "k": [100, 100],
                    "ix": 3
                  },
                  "r": {
                    "a": 0,
                    "k": 0,
                    "ix": 6
                  },
                  "o": {
                    "a": 0,
                    "k": 100,
                    "ix": 7
                  },
                  "sk": {
                    "a": 0,
                    "k": 0,
                    "ix": 4
                  },
                  "sa": {
                    "a": 0,
                    "k": 0,
                    "ix": 5
                  },
                  "nm": "Transform"
                }
              ],
              "nm": "Shape 1",
              "np": 4,
              "cix": 2,
              "bm": 0,
              "ix": 1,
              "mn": "ADBE Vector Group",
              "hd": false
            },
            {
              "ty": "tm",
              "s": {
                "a": 0,
                "k": 0,
                "ix": 1
              },
              "e": {
                "a": 1,
                "k": [
                  {
                    "i": {
                      "x": [0.5],
                      "y": [1]
                    },
                    "o": {
                      "x": [0.167],
                      "y": [0.167]
                    },
                    "t": 0,
                    "s": [0]
                  },
                  {
                    "t": 20,
                    "s": [100]
                  }
                ],
                "ix": 2
              },
              "o": {
                "a": 0,
                "k": 0,
                "ix": 3
              },
              "m": 1,
              "ix": 2,
              "nm": "Trim In Path",
              "mn": "ADBE Vector Filter - Trim",
              "hd": false
            }
          ],
          "ip": 0,
          "op": 180,
          "st": 0,
          "bm": 0
        },
        {
          "ddd": 0,
          "ind": 3,
          "ty": 4,
          "nm": "Shape Layer 5",
          "sr": 1,
          "ks": {
            "o": {
              "a": 0,
              "k": 100,
              "ix": 11
            },
            "r": {
              "a": 0,
              "k": 0,
              "ix": 10
            },
            "p": {
              "a": 0,
              "k": [150, 150, 0],
              "ix": 2
            },
            "a": {
              "a": 0,
              "k": [0, 0, 0],
              "ix": 1
            },
            "s": {
              "a": 0,
              "k": [100, 100, 100],
              "ix": 6
            }
          },
          "ao": 0,
          "shapes": [
            {
              "ty": "gr",
              "it": [
                {
                  "ind": 0,
                  "ty": "sh",
                  "ix": 1,
                  "ks": {
                    "a": 0,
                    "k": {
                      "i": [
                        [0, 0],
                        [0, 0]
                      ],
                      "o": [
                        [0, 0],
                        [0, 0]
                      ],
                      "v": [
                        [-35.5, -26.75],
                        [-35.5, 36.25]
                      ],
                      "c": false
                    },
                    "ix": 2
                  },
                  "nm": "Path 1",
                  "mn": "ADBE Vector Shape - Group",
                  "hd": false
                },
                {
                  "ty": "st",
                  "c": {
                    "a": 0,
                    "k": [0, 0.098039215686, 0.098039215686, 1],
                    "ix": 3
                  },
                  "o": {
                    "a": 0,
                    "k": 100,
                    "ix": 4
                  },
                  "w": {
                    "a": 0,
                    "k": 8,
                    "ix": 5
                  },
                  "lc": 1,
                  "lj": 1,
                  "ml": 4,
                  "bm": 0,
                  "nm": "Stroke 1",
                  "mn": "ADBE Vector Graphic - Stroke",
                  "hd": false
                },
                {
                  "ty": "tr",
                  "p": {
                    "a": 0,
                    "k": [0, 0],
                    "ix": 2
                  },
                  "a": {
                    "a": 0,
                    "k": [0, 0],
                    "ix": 1
                  },
                  "s": {
                    "a": 0,
                    "k": [100, 100],
                    "ix": 3
                  },
                  "r": {
                    "a": 0,
                    "k": 0,
                    "ix": 6
                  },
                  "o": {
                    "a": 0,
                    "k": 100,
                    "ix": 7
                  },
                  "sk": {
                    "a": 0,
                    "k": 0,
                    "ix": 4
                  },
                  "sa": {
                    "a": 0,
                    "k": 0,
                    "ix": 5
                  },
                  "nm": "Transform"
                }
              ],
              "nm": "Shape 1",
              "np": 3,
              "cix": 2,
              "bm": 0,
              "ix": 1,
              "mn": "ADBE Vector Group",
              "hd": false
            },
            {
              "ty": "tm",
              "s": {
                "a": 0,
                "k": 0,
                "ix": 1
              },
              "e": {
                "a": 1,
                "k": [
                  {
                    "i": {
                      "x": [0.5],
                      "y": [1]
                    },
                    "o": {
                      "x": [0.167],
                      "y": [0.167]
                    },
                    "t": 0,
                    "s": [0]
                  },
                  {
                    "t": 20,
                    "s": [100]
                  }
                ],
                "ix": 2
              },
              "o": {
                "a": 0,
                "k": 0,
                "ix": 3
              },
              "m": 1,
              "ix": 2,
              "nm": "Trim In Path",
              "mn": "ADBE Vector Filter - Trim",
              "hd": false
            }
          ],
          "ip": 0,
          "op": 180,
          "st": 0,
          "bm": 0
        },
        {
          "ddd": 0,
          "ind": 4,
          "ty": 4,
          "nm": "Shape Layer 4",
          "sr": 1,
          "ks": {
            "o": {
              "a": 0,
              "k": 100,
              "ix": 11
            },
            "r": {
              "a": 0,
              "k": 0,
              "ix": 10
            },
            "p": {
              "a": 0,
              "k": [150, 177.75, 0],
              "ix": 2
            },
            "a": {
              "a": 0,
              "k": [0, 0, 0],
              "ix": 1
            },
            "s": {
              "a": 0,
              "k": [100, 100, 100],
              "ix": 6
            }
          },
          "ao": 0,
          "shapes": [
            {
              "ty": "gr",
              "it": [
                {
                  "ind": 0,
                  "ty": "sh",
                  "ix": 1,
                  "ks": {
                    "a": 0,
                    "k": {
                      "i": [
                        [0, 0],
                        [0, 0],
                        [0, -14],
                        [1.5, 0],
                        [0, 0]
                      ],
                      "o": [
                        [0, 0],
                        [0, 0],
                        [0, 14],
                        [-1.5, 0],
                        [0, 0]
                      ],
                      "v": [
                        [-35.5, -23],
                        [-12, -23],
                        [4, -9.25],
                        [-10.75, 4.5],
                        [-50, 4.5]
                      ],
                      "c": false
                    },
                    "ix": 2
                  },
                  "nm": "Path 1",
                  "mn": "ADBE Vector Shape - Group",
                  "hd": false
                },
                {
                  "ind": 1,
                  "ty": "sh",
                  "ix": 2,
                  "ks": {
                    "a": 0,
                    "k": {
                      "i": [
                        [0, 0],
                        [0, 0],
                        [0, -14],
                        [1.5, 0],
                        [0, 0]
                      ],
                      "o": [
                        [0, 0],
                        [0, 0],
                        [0, 14],
                        [-1.5, 0],
                        [0, 0]
                      ],
                      "v": [
                        [-35.5, -23],
                        [-12, -23],
                        [4, -9.25],
                        [-10.75, 4.5],
                        [-35, 4.5]
                      ],
                      "c": false
                    },
                    "ix": 2
                  },
                  "nm": "Path 2",
                  "mn": "ADBE Vector Shape - Group",
                  "hd": false
                },
                {
                  "ty": "st",
                  "c": {
                    "a": 0,
                    "k": [0, 0.098039215686, 0.098039215686, 1],
                    "ix": 3
                  },
                  "o": {
                    "a": 0,
                    "k": 100,
                    "ix": 4
                  },
                  "w": {
                    "a": 0,
                    "k": 8,
                    "ix": 5
                  },
                  "lc": 1,
                  "lj": 1,
                  "ml": 4,
                  "bm": 0,
                  "nm": "Stroke 1",
                  "mn": "ADBE Vector Graphic - Stroke",
                  "hd": false
                },
                {
                  "ty": "tr",
                  "p": {
                    "a": 0,
                    "k": [0, 0],
                    "ix": 2
                  },
                  "a": {
                    "a": 0,
                    "k": [0, 0],
                    "ix": 1
                  },
                  "s": {
                    "a": 0,
                    "k": [100, 100],
                    "ix": 3
                  },
                  "r": {
                    "a": 0,
                    "k": 0,
                    "ix": 6
                  },
                  "o": {
                    "a": 0,
                    "k": 100,
                    "ix": 7
                  },
                  "sk": {
                    "a": 0,
                    "k": 0,
                    "ix": 4
                  },
                  "sa": {
                    "a": 0,
                    "k": 0,
                    "ix": 5
                  },
                  "nm": "Transform"
                }
              ],
              "nm": "Shape 1",
              "np": 4,
              "cix": 2,
              "bm": 0,
              "ix": 1,
              "mn": "ADBE Vector Group",
              "hd": false
            },
            {
              "ty": "tm",
              "s": {
                "a": 0,
                "k": 0,
                "ix": 1
              },
              "e": {
                "a": 1,
                "k": [
                  {
                    "i": {
                      "x": [0.5],
                      "y": [1]
                    },
                    "o": {
                      "x": [0.167],
                      "y": [0.167]
                    },
                    "t": 0,
                    "s": [0]
                  },
                  {
                    "t": 20,
                    "s": [100]
                  }
                ],
                "ix": 2
              },
              "o": {
                "a": 0,
                "k": 0,
                "ix": 3
              },
              "m": 1,
              "ix": 2,
              "nm": "Trim In Path",
              "mn": "ADBE Vector Filter - Trim",
              "hd": false
            }
          ],
          "ip": 0,
          "op": 180,
          "st": 0,
          "bm": 0
        },
        {
          "ddd": 0,
          "ind": 5,
          "ty": 4,
          "nm": "Shape Layer 3",
          "sr": 1,
          "ks": {
            "o": {
              "a": 0,
              "k": 100,
              "ix": 11
            },
            "r": {
              "a": 0,
              "k": 0,
              "ix": 10
            },
            "p": {
              "a": 0,
              "k": [150, 150, 0],
              "ix": 2
            },
            "a": {
              "a": 0,
              "k": [0, 0, 0],
              "ix": 1
            },
            "s": {
              "a": 0,
              "k": [100, 100, 100],
              "ix": 6
            }
          },
          "ao": 0,
          "shapes": [
            {
              "ty": "gr",
              "it": [
                {
                  "ind": 0,
                  "ty": "sh",
                  "ix": 1,
                  "ks": {
                    "a": 0,
                    "k": {
                      "i": [
                        [0, 0],
                        [0, 0],
                        [0, -14],
                        [1.5, 0],
                        [0, 0]
                      ],
                      "o": [
                        [0, 0],
                        [0, 0],
                        [0, 14],
                        [-1.5, 0],
                        [0, 0]
                      ],
                      "v": [
                        [-49.25, -23],
                        [-12, -23],
                        [4, -9.25],
                        [-10.75, 4.5],
                        [-35, 4.5]
                      ],
                      "c": false
                    },
                    "ix": 2
                  },
                  "nm": "Path 1",
                  "mn": "ADBE Vector Shape - Group",
                  "hd": false
                },
                {
                  "ind": 1,
                  "ty": "sh",
                  "ix": 2,
                  "ks": {
                    "a": 0,
                    "k": {
                      "i": [
                        [0, 0],
                        [0, 0],
                        [0, -14],
                        [1.5, 0],
                        [0, 0]
                      ],
                      "o": [
                        [0, 0],
                        [0, 0],
                        [0, 14],
                        [-1.5, 0],
                        [0, 0]
                      ],
                      "v": [
                        [-35.5, -23],
                        [-12, -23],
                        [4, -9.25],
                        [-10.75, 4.5],
                        [-35, 4.5]
                      ],
                      "c": false
                    },
                    "ix": 2
                  },
                  "nm": "Path 2",
                  "mn": "ADBE Vector Shape - Group",
                  "hd": false
                },
                {
                  "ty": "st",
                  "c": {
                    "a": 0,
                    "k": [0, 0.098039215686, 0.098039215686, 1],
                    "ix": 3
                  },
                  "o": {
                    "a": 0,
                    "k": 100,
                    "ix": 4
                  },
                  "w": {
                    "a": 0,
                    "k": 8,
                    "ix": 5
                  },
                  "lc": 1,
                  "lj": 1,
                  "ml": 4,
                  "bm": 0,
                  "nm": "Stroke 1",
                  "mn": "ADBE Vector Graphic - Stroke",
                  "hd": false
                },
                {
                  "ty": "tr",
                  "p": {
                    "a": 0,
                    "k": [0, 0],
                    "ix": 2
                  },
                  "a": {
                    "a": 0,
                    "k": [0, 0],
                    "ix": 1
                  },
                  "s": {
                    "a": 0,
                    "k": [100, 100],
                    "ix": 3
                  },
                  "r": {
                    "a": 0,
                    "k": 0,
                    "ix": 6
                  },
                  "o": {
                    "a": 0,
                    "k": 100,
                    "ix": 7
                  },
                  "sk": {
                    "a": 0,
                    "k": 0,
                    "ix": 4
                  },
                  "sa": {
                    "a": 0,
                    "k": 0,
                    "ix": 5
                  },
                  "nm": "Transform"
                }
              ],
              "nm": "Shape 1",
              "np": 4,
              "cix": 2,
              "bm": 0,
              "ix": 1,
              "mn": "ADBE Vector Group",
              "hd": false
            },
            {
              "ty": "tm",
              "s": {
                "a": 0,
                "k": 0,
                "ix": 1
              },
              "e": {
                "a": 1,
                "k": [
                  {
                    "i": {
                      "x": [0.5],
                      "y": [1]
                    },
                    "o": {
                      "x": [0.167],
                      "y": [0.167]
                    },
                    "t": 0,
                    "s": [0]
                  },
                  {
                    "t": 20,
                    "s": [100]
                  }
                ],
                "ix": 2
              },
              "o": {
                "a": 0,
                "k": 0,
                "ix": 3
              },
              "m": 1,
              "ix": 2,
              "nm": "Trim In Path",
              "mn": "ADBE Vector Filter - Trim",
              "hd": false
            }
          ],
          "ip": 0,
          "op": 180,
          "st": 0,
          "bm": 0
        },
        {
          "ddd": 0,
          "ind": 6,
          "ty": 4,
          "nm": "Shape Layer 9",
          "sr": 1,
          "ks": {
            "o": {
              "a": 1,
              "k": [
                {
                  "i": {
                    "x": [0.667],
                    "y": [1]
                  },
                  "o": {
                    "x": [0.333],
                    "y": [0]
                  },
                  "t": 12,
                  "s": [0]
                },
                {
                  "t": 28,
                  "s": [100]
                }
              ],
              "ix": 11
            },
            "r": {
              "a": 0,
              "k": 0,
              "ix": 10
            },
            "p": {
              "a": 0,
              "k": [150, 122, 0],
              "ix": 2
            },
            "a": {
              "a": 0,
              "k": [0, 0, 0],
              "ix": 1
            },
            "s": {
              "a": 0,
              "k": [100, 100, 100],
              "ix": 6
            }
          },
          "ao": 0,
          "shapes": [
            {
              "ty": "gr",
              "it": [
                {
                  "ind": 0,
                  "ty": "sh",
                  "ix": 1,
                  "ks": {
                    "a": 0,
                    "k": {
                      "i": [
                        [9.25, 2],
                        [0, 0],
                        [0, 0],
                        [0, 0],
                        [-0.75, 11]
                      ],
                      "o": [
                        [0, 0],
                        [0, 0],
                        [0, 0],
                        [0, 0],
                        [0, 0]
                      ],
                      "v": [
                        [-5.5, 4.75],
                        [-35.5, 5.25],
                        [-35.5, 32.5],
                        [-5.75, 32.5],
                        [5, 17.75]
                      ],
                      "c": true
                    },
                    "ix": 2
                  },
                  "nm": "Path 1",
                  "mn": "ADBE Vector Shape - Group",
                  "hd": false
                },
                {
                  "ty": "st",
                  "c": {
                    "a": 0,
                    "k": [0, 0.098039215686, 0.098039215686, 1],
                    "ix": 3
                  },
                  "o": {
                    "a": 0,
                    "k": 100,
                    "ix": 4
                  },
                  "w": {
                    "a": 0,
                    "k": 0,
                    "ix": 5
                  },
                  "lc": 1,
                  "lj": 1,
                  "ml": 4,
                  "bm": 0,
                  "nm": "Stroke 1",
                  "mn": "ADBE Vector Graphic - Stroke",
                  "hd": false
                },
                {
                  "ty": "fl",
                  "c": {
                    "a": 0,
                    "k": [0.658823529412, 0.105882352941, 0.835294117647, 1],
                    "ix": 4
                  },
                  "o": {
                    "a": 0,
                    "k": 100,
                    "ix": 5
                  },
                  "r": 1,
                  "bm": 0,
                  "nm": "Fill 1",
                  "mn": "ADBE Vector Graphic - Fill",
                  "hd": false
                },
                {
                  "ty": "tr",
                  "p": {
                    "a": 0,
                    "k": [0, 0],
                    "ix": 2
                  },
                  "a": {
                    "a": 0,
                    "k": [0, 0],
                    "ix": 1
                  },
                  "s": {
                    "a": 0,
                    "k": [100, 100],
                    "ix": 3
                  },
                  "r": {
                    "a": 0,
                    "k": 0,
                    "ix": 6
                  },
                  "o": {
                    "a": 0,
                    "k": 100,
                    "ix": 7
                  },
                  "sk": {
                    "a": 0,
                    "k": 0,
                    "ix": 4
                  },
                  "sa": {
                    "a": 0,
                    "k": 0,
                    "ix": 5
                  },
                  "nm": "Transform"
                }
              ],
              "nm": "Shape 1",
              "np": 3,
              "cix": 2,
              "bm": 0,
              "ix": 1,
              "mn": "ADBE Vector Group",
              "hd": false
            }
          ],
          "ip": 12,
          "op": 188,
          "st": 8,
          "bm": 0
        },
        {
          "ddd": 0,
          "ind": 7,
          "ty": 4,
          "nm": "Shape Layer 8",
          "sr": 1,
          "ks": {
            "o": {
              "a": 1,
              "k": [
                {
                  "i": {
                    "x": [0.667],
                    "y": [1]
                  },
                  "o": {
                    "x": [0.333],
                    "y": [0]
                  },
                  "t": 12,
                  "s": [0]
                },
                {
                  "t": 28,
                  "s": [100]
                }
              ],
              "ix": 11
            },
            "r": {
              "a": 0,
              "k": 0,
              "ix": 10
            },
            "p": {
              "a": 0,
              "k": [150, 150, 0],
              "ix": 2
            },
            "a": {
              "a": 0,
              "k": [0, 0, 0],
              "ix": 1
            },
            "s": {
              "a": 0,
              "k": [100, 100, 100],
              "ix": 6
            }
          },
          "ao": 0,
          "shapes": [
            {
              "ty": "gr",
              "it": [
                {
                  "ind": 0,
                  "ty": "sh",
                  "ix": 1,
                  "ks": {
                    "a": 0,
                    "k": {
                      "i": [
                        [9.25, 2],
                        [0, 0],
                        [0, 0],
                        [0, 0],
                        [-0.75, 11]
                      ],
                      "o": [
                        [0, 0],
                        [0, 0],
                        [0, 0],
                        [0, 0],
                        [0, 0]
                      ],
                      "v": [
                        [-5.5, 4.75],
                        [-35.5, 5.25],
                        [-35.5, 32.5],
                        [-5.75, 32.5],
                        [5, 17.75]
                      ],
                      "c": true
                    },
                    "ix": 2
                  },
                  "nm": "Path 1",
                  "mn": "ADBE Vector Shape - Group",
                  "hd": false
                },
                {
                  "ty": "st",
                  "c": {
                    "a": 0,
                    "k": [0, 0.098039215686, 0.098039215686, 1],
                    "ix": 3
                  },
                  "o": {
                    "a": 0,
                    "k": 100,
                    "ix": 4
                  },
                  "w": {
                    "a": 0,
                    "k": 0,
                    "ix": 5
                  },
                  "lc": 1,
                  "lj": 1,
                  "ml": 4,
                  "bm": 0,
                  "nm": "Stroke 1",
                  "mn": "ADBE Vector Graphic - Stroke",
                  "hd": false
                },
                {
                  "ty": "fl",
                  "c": {
                    "a": 0,
                    "k": [0.658823529412, 0.105882352941, 0.835294117647, 1],
                    "ix": 4
                  },
                  "o": {
                    "a": 0,
                    "k": 100,
                    "ix": 5
                  },
                  "r": 1,
                  "bm": 0,
                  "nm": "Fill 1",
                  "mn": "ADBE Vector Graphic - Fill",
                  "hd": false
                },
                {
                  "ty": "tr",
                  "p": {
                    "a": 0,
                    "k": [0, 0],
                    "ix": 2
                  },
                  "a": {
                    "a": 0,
                    "k": [0, 0],
                    "ix": 1
                  },
                  "s": {
                    "a": 0,
                    "k": [100, 100],
                    "ix": 3
                  },
                  "r": {
                    "a": 0,
                    "k": 0,
                    "ix": 6
                  },
                  "o": {
                    "a": 0,
                    "k": 100,
                    "ix": 7
                  },
                  "sk": {
                    "a": 0,
                    "k": 0,
                    "ix": 4
                  },
                  "sa": {
                    "a": 0,
                    "k": 0,
                    "ix": 5
                  },
                  "nm": "Transform"
                }
              ],
              "nm": "Shape 1",
              "np": 3,
              "cix": 2,
              "bm": 0,
              "ix": 1,
              "mn": "ADBE Vector Group",
              "hd": false
            }
          ],
          "ip": 12,
          "op": 188,
          "st": 8,
          "bm": 0
        }
      ]
    }
  ],
  "layers": [
    {
      "ddd": 0,
      "ind": 1,
      "ty": 0,
      "nm": "Pre-comp 1",
      "parent": 2,
      "refId": "comp_0",
      "sr": 1,
      "ks": {
        "o": {
          "a": 0,
          "k": 100,
          "ix": 11
        },
        "r": {
          "a": 0,
          "k": 0,
          "ix": 10
        },
        "p": {
          "a": 0,
          "k": [28.693, -7.061, 0],
          "ix": 2
        },
        "a": {
          "a": 0,
          "k": [150, 150, 0],
          "ix": 1
        },
        "s": {
          "a": 0,
          "k": [145.918, 145.918, 100],
          "ix": 6
        }
      },
      "ao": 0,
      "w": 300,
      "h": 300,
      "ip": 15,
      "op": 76,
      "st": 15,
      "bm": 0
    },
    {
      "ddd": 0,
      "ind": 2,
      "ty": 4,
      "nm": "Shape Layer 1",
      "sr": 1,
      "ks": {
        "o": {
          "a": 0,
          "k": 100,
          "ix": 11
        },
        "r": {
          "a": 1,
          "k": [
            {
              "i": {
                "x": [0.667],
                "y": [1]
              },
              "o": {
                "x": [0.333],
                "y": [0]
              },
              "t": 2,
              "s": [-45]
            },
            {
              "t": 15,
              "s": [0]
            }
          ],
          "ix": 10
        },
        "p": {
          "a": 0,
          "k": [47.5, 47.5, 0],
          "ix": 2
        },
        "a": {
          "a": 0,
          "k": [-2, -1, 0],
          "ix": 1
        },
        "s": {
          "a": 1,
          "k": [
            {
              "i": {
                "x": [0.701, 0.701, 0.667],
                "y": [1.252, 1.252, 1]
              },
              "o": {
                "x": [0.897, 0.897, 0.333],
                "y": [0, 0, 0]
              },
              "t": 0,
              "s": [0, 0, 100]
            },
            {
              "t": 15,
              "s": [46.525, 46.525, 100]
            }
          ],
          "ix": 6
        }
      },
      "ao": 0,
      "shapes": [
        {
          "ty": "gr",
          "it": [
            {
              "d": 1,
              "ty": "el",
              "s": {
                "a": 0,
                "k": [198, 198],
                "ix": 2
              },
              "p": {
                "a": 0,
                "k": [0, 0],
                "ix": 3
              },
              "nm": "Ellipse Path 1",
              "mn": "ADBE Vector Shape - Ellipse",
              "hd": false
            },
            {
              "ty": "st",
              "c": {
                "a": 0,
                "k": [0, 0, 0, 1],
                "ix": 3
              },
              "o": {
                "a": 0,
                "k": 100,
                "ix": 4
              },
              "w": {
                "a": 0,
                "k": 0,
                "ix": 5
              },
              "lc": 1,
              "lj": 1,
              "ml": 4,
              "bm": 0,
              "nm": "Stroke 1",
              "mn": "ADBE Vector Graphic - Stroke",
              "hd": false
            },
            {
              "ty": "fl",
              "c": {
                "a": 0,
                "k": [0.427450980392, 0.066666666667, 0.894117647059, 1],
                "ix": 4
              },
              "o": {
                "a": 0,
                "k": 100,
                "ix": 5
              },
              "r": 1,
              "bm": 0,
              "nm": "Fill 1",
              "mn": "ADBE Vector Graphic - Fill",
              "hd": false
            },
            {
              "ty": "tr",
              "p": {
                "a": 0,
                "k": [-2, -1],
                "ix": 2
              },
              "a": {
                "a": 0,
                "k": [0, 0],
                "ix": 1
              },
              "s": {
                "a": 0,
                "k": [100, 100],
                "ix": 3
              },
              "r": {
                "a": 0,
                "k": 0,
                "ix": 6
              },
              "o": {
                "a": 0,
                "k": 100,
                "ix": 7
              },
              "sk": {
                "a": 0,
                "k": 0,
                "ix": 4
              },
              "sa": {
                "a": 0,
                "k": 0,
                "ix": 5
              },
              "nm": "Transform"
            }
          ],
          "nm": "Ellipse 1",
          "np": 3,
          "cix": 2,
          "bm": 0,
          "ix": 1,
          "mn": "ADBE Vector Group",
          "hd": false
        }
      ],
      "ip": 0,
      "op": 76,
      "st": 0,
      "bm": 0
    }
  ],
  "markers": []
}