{
  "v": "5.5.8",
  "fr": 60,
  "ip": 0,
  "op": 176,
  "w": 95,
  "h": 95,
  "nm": "CSS",
  "ddd": 0,
  "assets": [
    {
      "id": "comp_0",
      "layers": [
        {
          "ddd": 0,
          "ind": 1,
          "ty": 4,
          "nm": "paper 3",
          "sr": 1,
          "ks": {
            "o": {"a":0,"k":100,"ix":11},
            "r": {"a":0,"k":0,"ix":10},
            "p": {"a":0,"k":[250,211,0],"ix":2},
            "a": {"a":0,"k":[70.5,81,0],"ix":1},
            "s": {
              "a":1,
              "k":[{"i":{"x":[0,0,0.667],"y":[1,1,1]},"o":{"x":[0.167,0.167,0.167],"y":[0.167,0,0]},"t":0,"s":[0,183,100]},{"t":24,"s":[183,183,100]}],
              "ix":6
            }
          },
          "ao": 0,
          "shapes": [
            {
              "ty": "gr",
              "it": [
                {
                  "ind": 0,
                  "ty": "sh",
                  "ix": 1,
                  "ks": {
                    "a":1,
                    "k":[{"i":{"x":0.667,"y":1},"o":{"x":0.333,"y":0},"t":24,"s":[{"i":[[0,0],[0,0],[0,0],[0,0],[0,0]],"o":[[0,0],[0,0],[0,0],[0,0],[0,0]],"v":[[22.35,-21.991],[18.757,-21.552],[-19.85,20.893],[-19.498,24.302],[-18.711,-21.469]],"c":true}]},{"t":48,"s":[{"i":[[0,0],[0,0],[0,0],[0,0],[0,0]],"o":[[0,0],[0,0],[0,0],[0,0],[0,0]],"v":[[22.35,-21.991],[19.257,-24.302],[-22.35,21.893],[-19.498,24.302],[20.289,17.031]],"c":true}]}],
                    "ix":2
                  },
                  "nm":"Path 1","mn":"ADBE Vector Shape - Group","hd":false
                },
                {
                  "ty": "fl",
                  "c": {"a":0,"k":[0.65882,0.10588,0.83529,1],"ix":4},
                  "o": {"a":0,"k":100,"ix":5},
                  "r":1,"bm":0,
                  "nm":"Fill 1","mn":"ADBE Vector Graphic - Fill","hd":false
                },
                {
                  "ty": "tr",
                  "p": {"a":0,"k":[32.497,56.892],"ix":2},
                  "a": {"a":0,"k":[0,0],"ix":1},
                  "s": {"a":0,"k":[100,100],"ix":3},
                  "r": {"a":0,"k":0,"ix":6},
                  "o": {"a":1,"k":[{"i":{"x":[0.833],"y":[0.833]},"o":{"x":[0.167],"y":[0.167]},"t":36,"s":[0]},{"t":38.400390625,"s":[100]}],"ix":7},
                  "sk": {"a":0,"k":0,"ix":4},
                  "sa": {"a":0,"k":0,"ix":5},
                  "nm":"Transform"
                }
              ],
              "nm":"corner","np":2,"cix":2,"bm":0,"ix":1,"mn":"ADBE Vector Group","hd":false
            },
            {
              "ty": "gr",
              "it": [
                {
                  "ind": 0,
                  "ty": "sh",
                  "ix": 1,
                  "ks": {
                    "a":1,
                    "k":[{"i":{"x":0.667,"y":1},"o":{"x":0.333,"y":0},"t":24,"s":[{"i":[[0,0],[0,0],[0,0],[0,0],[0,0],[0,0]],"o":[[0,0],[0,0],[0,0],[0,0],[0,0],[0,0]],"v":[[52.413,68.481],[-52.413,68.481],[-52.413,-22.188],[-51.626,-67.958],[-10.566,-68.481],[52.413,-68.481]],"c":true}]},{"t":48,"s":[{"i":[[0,0],[0,0],[0,0],[0,0],[0,0],[0,0]],"o":[[0,0],[0,0],[0,0],[0,0],[0,0],[0,0]],"v":[[52.413,68.481],[-52.413,68.481],[-52.413,-22.188],[-12.626,-29.458],[-10.566,-68.481],[52.413,-68.481]],"c":true}]}],
                    "ix":2
                  },
                  "nm":"Path 1","mn":"ADBE Vector Shape - Group","hd":false
                },
                {
                  "ty": "fl",
                  "c": {"a":0,"k":[0.65882,0.10588,0.83529,1],"ix":4},
                  "o": {"a":0,"k":100,"ix":5},
                  "r":1,"bm":0,
                  "nm":"Fill 1","mn":"ADBE Vector Graphic - Fill","hd":false
                },
                {
                  "ty": "st",
                  "c": {"a":0,"k":[0.42745,0.06667,0.89412,1],"ix":3},
                  "o": {"a":0,"k":100,"ix":4},
                  "w": {"a":0,"k":5,"ix":5},
                  "lc":1,"lj":1,"ml":10,"bm":0,
                  "nm":"Stroke 1","mn":"ADBE Vector Graphic - Stroke","hd":false
                },
                {
                  "ty": "tr",
                  "p": {"a":0,"k":[64.913,103.382],"ix":2},
                  "a": {"a":0,"k":[0,0],"ix":1},
                  "s": {"a":0,"k":[100,100],"ix":3},
                  "r": {"a":0,"k":0,"ix":6},
                  "o": {"a":0,"k":100,"ix":7},
                  "sk": {"a":0,"k":0,"ix":4},
                  "sa": {"a":0,"k":0,"ix":5},
                  "nm":"Transform"
                }
              ],
              "nm":"paper","np":3,"cix":2,"bm":0,"ix":2,"mn":"ADBE Vector Group","hd":false
            }
          ],
          "ip":0,"op":462,"st":0,"bm":0
        }
      ]
    }
  ],
  "layers": [
    {
      "ddd": 0,
      "ind": 1,
      "ty": 4,
      "nm": "Layer 1 Outlines 4",
      "sr": 1,
      "ks": {
        "o": {"a":0,"k":100,"ix":11},
        "r": {"a":0,"k":0,"ix":10},
        "p": {"a":0,"k":[58.3,57.191,0],"ix":2},
        "a": {"a":0,"k":[67.221,23.112,0],"ix":1},
        "s": {
          "a":1,
          "k":[{"i":{"x":[0.833,0.833,0.833],"y":[0.833,0.833,0.833]},"o":{"x":[0.167,0.167,0.167],"y":[0.167,0.167,0.167]},"t":44,"s":[0,0,100]},{"i":{"x":[0.833,0.833,0.833],"y":[0.833,0.833,0.833]},"o":{"x":[0.167,0.167,0.167],"y":[0.167,0.167,0.167]},"t":54,"s":[84.6,84.6,100]},{"t":64,"s":[74.88,74.88,100]}],
          "ix":6
        }
      },
      "ao": 0,
      "shapes": [
        {
          "ty": "gr",
          "it": [
            {
              "ind": 0,
              "ty": "sh",
              "ix": 1,
              "ks": {"a":0,"k":{"i":[[4.963,0],[2.356,1.545],[0,0],[-2.525,0],[0,0.957],[1.568,0.421],[0,3.147],[-4.966,0],[-2.14,-1.19],[0,0],[1.335,0],[0,-1.064],[-2.098,-0.572],[0,-3.253]],"o":[[-3.158,0],[0,0],[1.686,1.15],[1.57,0],[0,-1.054],[-5.259,-1.409],[0,-3.189],[2.686,0],[0,0],[-1.601,-1.206],[-1.588,0],[0,1.407],[4.242,1.158],[0,3.227]],"v":[[19.702,9.24],[11.499,6.859],[13.448,2.986],[19.783,5.234],[22.139,3.799],[19.337,1.742],[12.311,-4.105],[19.404,-10.359],[26.335,-8.247],[24.386,-4.566],[19.269,-6.407],[16.887,-4.81],[20.921,-2.454],[26.903,3.367]],"c":true},"ix":2},
              "nm":"Path 1","mn":"ADBE Vector Shape - Group","hd":false
            },
            {
              "ty": "tr",
              "p": {"a":0,"k":[47.75,24.314],"ix":2},
              "a": {"a":0,"k":[0,0],"ix":1},
              "s": {"a":0,"k":[100,100],"ix":3},
              "r": {"a":0,"k":0,"ix":6},
              "o": {"a":0,"k":100,"ix":7},
              "sk": {"a":0,"k":0,"ix":4},
              "sa": {"a":0,"k":0,"ix":5},
              "nm":"Transform"
            }
          ],
          "nm":"Group 1","np":1,"cix":2,"bm":0,"ix":1,"mn":"ADBE Vector Group","hd":false
        },
        {
          "ty": "fl",
          "c": {"a":0,"k":[0.42745,0.06667,0.89412,1],"ix":4},
          "o": {"a":0,"k":100,"ix":5},
          "r":1,"bm":0,
          "nm":"Fill 1","mn":"ADBE Vector Graphic - Fill","hd":false
        }
      ],
      "ip":44,"op":176,"st":44,"bm":0
    },
    {
      "ddd": 0,
      "ind": 2,
      "ty": 4,
      "nm": "Layer 1 Outlines 3",
      "sr": 1,
      "ks": {
        "o": {"a":0,"k":100,"ix":11},
        "r": {"a":0,"k":0,"ix":10},
        "p": {"a":0,"k":[44.26,57.191,0],"ix":2},
        "a": {"a":0,"k":[48.471,23.112,0],"ix":1},
        "s": {
          "a":1,
          "k":[{"i":{"x":[0.833,0.833,0.833],"y":[0.833,0.833,0.833]},"o":{"x":[0.167,0.167,0.167],"y":[0.167,0.167,0.167]},"t":34,"s":[0,0,100]},{"i":{"x":[0.833,0.833,0.833],"y":[0.833,0.833,0.833]},"o":{"x":[0.167,0.167,0.167],"y":[0.167,0.167,0.167]},"t":44,"s":[84.6,84.6,100]},{"t":54,"s":[74.88,74.88,100]}],
          "ix":6
        }
      },
      "ao": 0,
      "shapes": [
        {
          "ty": "gr",
          "it": [
            {
              "ind": 0,
              "ty": "sh",
              "ix": 1,
              "ks": {"a":0,"k":{"i":[[4.964,0],[2.355,1.545],[0,0],[-2.525,0],[0,0.957],[1.568,0.421],[0,3.147],[-4.966,0],[-2.14,-1.19],[0,0],[1.335,0],[0,-1.064],[-2.098,-0.572],[0,-3.253]],"o":[[-3.158,0],[0,0],[1.685,1.15],[1.57,0],[0,-1.054],[-5.259,-1.409],[0,-3.189],[2.686,0],[0,0],[-1.6,-1.206],[-1.588,0],[0,1.407],[4.242,1.158],[-0.001,3.227]],"v":[[1.699,9.24],[-6.503,6.859],[-4.554,2.986],[1.781,5.234],[4.137,3.799],[1.335,1.742],[-5.69,-4.105],[1.402,-10.359],[8.333,-8.247],[6.384,-4.566],[1.267,-6.407],[-1.115,-4.81],[2.919,-2.454],[8.901,3.367]],"c":true},"ix":2},
              "nm":"Path 2","mn":"ADBE Vector Shape - Group","hd":false
            },
            {
              "ty": "tr",
              "p": {"a":0,"k":[47.75,24.314],"ix":2},
              "a": {"a":0,"k":[0,0],"ix":1},
              "s": {"a":0,"k":[100,100],"ix":3},
              "r": {"a":0,"k":0,"ix":6},
              "o": {"a":0,"k":100,"ix":7},
              "sk": {"a":0,"k":0,"ix":4},
              "sa": {"a":0,"k":0,"ix":5},
              "nm":"Transform"
            }
          ],
          "nm":"Group 1","np":1,"cix":2,"bm":0,"ix":1,"mn":"ADBE Vector Group","hd":false
        },
        {
          "ty": "fl",
          "c": {"a":0,"k":[0.42745,0.06667,0.89412,1],"ix":4},
          "o": {"a":0,"k":100,"ix":5},
          "r":1,"bm":0,
          "nm":"Fill 1","mn":"ADBE Vector Graphic - Fill","hd":false
        }
      ],
      "ip":34,"op":176,"st":34,"bm":0
    },
    {
      "ddd": 0,
      "ind": 3,
      "ty": 4,
      "nm": "Layer 1 Outlines 2",
      "sr": 1,
      "ks": {
        "o": {"a":0,"k":100,"ix":11},
        "r": {"a":0,"k":0,"ix":10},
        "p": {"a":0,"k":[30.94,57.191,0],"ix":2},
        "a": {"a":0,"k":[30.683,23.112,0],"ix":1},
        "s": {
          "a":1,
          "k":[{"i":{"x":[0.833,0.833,0.833],"y":[0.833,0.833,0.833]},"o":{"x":[0.167,0.167,0.167],"y":[0.167,0.167,0.167]},"t":24,"s":[0,0,100]},{"i":{"x":[0.833,0.833,0.833],"y":[0.833,0.833,0.833]},"o":{"x":[0.167,0.167,0.167],"y":[0.167,0.167,0.167]},"t":34,"s":[84.6,84.6,100]},{"t":44,"s":[74.88,74.88,100]}],
          "ix":6
        }
      },
      "ao": 0,
      "shapes": [
        {
          "ty": "gr",
          "it": [
            {
              "ind": 0,
              "ty": "sh",
              "ix": 1,
              "ks": {"a":0,"k":{"i":[[3.949,0],[0,5.26],[-4.993,0],[-1.055,-1.974],[0,0],[0.397,0],[0,-3.449],[-3.329,0],[-0.652,1.574],[0,0]],"o":[[-5.244,0],[0,-5.775],[4.163,0],[0,0],[-1.191,-2.683],[-2.798,0],[0,2.743],[2.023,0],[0,0],[-1.028,2.424]],"v":[[-16.763,9.187],[-26.238,-0.749],[-16.601,-10.305],[-8.939,-6.109],[-12.35,-3.728],[-16.709,-6.354],[-21.717,-0.588],[-16.654,5.234],[-12.35,2.581],[-8.722,4.719]],"c":true},"ix":2},
              "nm":"Path 3","mn":"ADBE Vector Shape - Group","hd":false
            },
            {
              "ty": "tr",
              "p": {"a":0,"k":[47.75,24.314],"ix":2},
              "a": {"a":0,"k":[0,0],"ix":1},
              "s": {"a":0,"k":[100,100],"ix":3},
              "r": {"a":0,"k":0,"ix":6},
              "o": {"a":0,"k":100,"ix":7},
              "sk": {"a":0,"k":0,"ix":4},
              "sa": {"a":0,"k":0,"ix":5},
              "nm":"Transform"
            }
          ],
          "nm":"Group 1","np":1,"cix":2,"bm":0,"ix":1,"mn":"ADBE Vector Group","hd":false
        },
        {
          "ty": "fl",
          "c": {"a":0,"k":[0.42745,0.06667,0.89412,1],"ix":4},
          "o": {"a":0,"k":100,"ix":5},
          "r":1,"bm":0,
          "nm":"Fill 1","mn":"ADBE Vector Graphic - Fill","hd":false
        }
      ],
      "ip":24,"op":176,"st":24,"bm":0
    },
    {
      "ddd": 0,
      "ind": 4,
      "ty": 4,
      "nm": "Layer 1 Outlines",
      "sr": 1,
      "ks": {
        "o": {"a":0,"k":100,"ix":11},
        "r": {"a":0,"k":0,"ix":10},
        "p": {"a":0,"k":[43.72,58.091,0],"ix":2},
        "a": {"a":0,"k":[47.75,24.313,0],"ix":1},
        "s": {
          "a":1,
          "k":[{"i":{"x":[0.833,0.833,0.833],"y":[0.833,0.833,0.833]},"o":{"x":[0.167,0.167,0.167],"y":[0.167,0.167,0.167]},"t":0,"s":[74.88,0,100]},{"t":24,"s":[74.88,74.88,100]}],
          "ix":6
        }
      },
      "ao": 0,
      "shapes": [
        {
          "ty": "gr",
          "it": [
            {
              "ind": 0,
              "ty": "sh",
              "ix": 1,
              "ks": {"a":0,"k":{"i":[[0,0],[0,0],[0,0],[0,0]],"o":[[0,0],[0,0],[0,0],[0,0]],"v":[[-47.5,24.064],[47.5,24.064],[47.5,-24.064],[-47.5,-24.064]],"c":true},"ix":2},
              "nm":"Path 4","mn":"ADBE Vector Shape - Group","hd":false
            },
            {"ty":"mm","mm":1,"nm":"Merge Paths 1","mn":"ADBE Vector Filter - Merge","hd":false},
            {
              "ty": "fl",
              "c": {"a":0,"k":[0.65882,0.10588,0.83529,1],"ix":4},
              "o": {"a":0,"k":100,"ix":5},
              "r":1,"bm":0,
              "nm":"Fill 1","mn":"ADBE Vector Graphic - Fill","hd":false
            },
            {
              "ty": "tr",
              "p": {"a":0,"k":[47.75,24.314],"ix":2},
              "a": {"a":0,"k":[0,0],"ix":1},
              "s": {"a":0,"k":[100,100],"ix":3},
              "r": {"a":0,"k":0,"ix":6},
              "o": {"a":0,"k":100,"ix":7},
              "sk": {"a":0,"k":0,"ix":4},
              "sa": {"a":0,"k":0,"ix":5},
              "nm":"Transform"
            }
          ],
          "nm":"Group 1","np":5,"cix":2,"bm":0,"ix":1,"mn":"ADBE Vector Group","hd":false
        }
      ],
      "ip":0,"op":176,"st":0,"bm":0
    },
    {
      "ddd": 0,
      "ind": 5,
      "ty": 0,
      "nm": "paper 3 Comp 1",
      "refId": "comp_0",
      "sr": 1,
      "ks": {
        "o": {"a":0,"k":100,"ix":11},
        "r": {"a":0,"k":0,"ix":10},
        "p": {"a":0,"k":[47.5,47.5,0],"ix":2},
        "a": {"a":0,"k":[250,250,0],"ix":1},
        "s": {"a":0,"k":[36,36,100],"ix":6}
      },
      "ao": 0,
      "hasMask": true,
      "masksProperties": [
        {
          "inv": false,
          "mode": "a",
          "pt": {"a":0,"k":{"i":[[0,0],[0,0],[0,0],[0,0]],"o":[[0,0],[0,0],[0,0],[0,0]],"v":[[367.5,106],[115.5,106],[115.5,221],[367.5,221]],"c":true},"ix":1},
          "o": {"a":0,"k":100,"ix":3},
          "x": {"a":0,"k":0,"ix":4},
          "nm":"Mask 1"
        }
      ],
      "w": 500,
      "h": 500,
      "ip": 0,
      "op": 176,
      "st": 0,
      "bm": 0
    },
    {
      "ddd": 0,
      "ind": 6,
      "ty": 4,
      "nm": "paper 2",
      "sr": 1,
      "ks": {
        "o": {"a":0,"k":100,"ix":11},
        "r": {"a":0,"k":0,"ix":10},
        "p": {"a":0,"k":[43.72,87.678,0],"ix":2},
        "a": {"a":0,"k":[64.762,106,0],"ix":1},
        "s": {
          "a":1,
          "k":[{"i":{"x":[0,0,0.667],"y":[1,1,1]},"o":{"x":[0.167,0.167,0.167],"y":[0,0,0]},"t":0,"s":[0,10.8,100]},{"t":24,"s":[68.76,10.8,100]}],
          "ix":6
        }
      },
      "ao": 0,
      "shapes": [
        {
          "ty": "gr",
          "it": [
            {
              "ind": 0,
              "ty": "sh",
              "ix": 1,
              "ks": {"a":0,"k":{"i":[[0,0],[0,0],[0,0],[0,0],[0,0],[0,0]],"o":[[0,0],[0,0],[0,0],[0,0],[0,0],[0,0]],"v":[[52.413,68.481],[-52.413,68.481],[-52.413,-22.188],[-51.626,-67.958],[-10.566,-68.481],[52.413,-68.481]],"c":true},"ix":2},
              "nm":"Path 1","mn":"ADBE Vector Shape - Group","hd":false
            },
            {
              "ty": "fl",
              "c": {"a":0,"k":[0.65882,0.10588,0.83529,1],"ix":4},
              "o": {"a":0,"k":100,"ix":5},
              "r":1,"bm":0,
              "nm":"Fill 1","mn":"ADBE Vector Graphic - Fill","hd":false
            },
            {
              "ty": "tr",
              "p": {"a":0,"k":[64.913,103.382],"ix":2},
              "a": {"a":0,"k":[0,0],"ix":1},
              "s": {"a":0,"k":[100,100],"ix":3},
              "r": {"a":0,"k":0,"ix":6},
              "o": {"a":0,"k":100,"ix":7},
              "sk": {"a":0,"k":0,"ix":4},
              "sa": {"a":0,"k":0,"ix":5},
              "nm":"Transform"
            }
          ],
          "nm":"paper","np":3,"cix":2,"bm":0,"ix":1,"mn":"ADBE Vector Group","hd":false
        }
      ],
      "ip":0,"op":176,"st":0,"bm":0
    }
  ],
  "markers": [
    {"tm":0,"cm":"{\r\n\"name\":\"reveal\"\r\n}","dr":120},
    {"tm":180,"cm":"{\r\n\"name\":\"loop_animation\"\r\n}","dr":270}
  ]
}