{
  "v": "5.5.8",
  "fr": 60,
  "ip": 0,
  "op": 162,
  "w": 95,
  "h": 95,
  "nm": "Comp 4",
  "ddd": 0,
  "assets": [],
  "layers": [
    {
      "ddd": 0,
      "ind": 1,
      "ty": 3,
      "nm": "Null 7",
      "sr": 1,
      "ks": {
        "o": {"a":0,"k":0,"ix":11},
        "r": {"a":0,"k":0,"ix":10},
        "p": {"a":0,"k":[180.5,181.5,0],"ix":2},
        "a": {"a":0,"k":[0,0,0],"ix":1},
        "s": {"a":0,"k":[377,377,100],"ix":6}
      },
      "ao": 0,
      "ip": 0,
      "op": 162,
      "st": 0,
      "bm": 0
    },
    {
      "ddd": 0,
      "ind": 2,
      "ty": 4,
      "nm": "Layer 3 Outlines",
      "parent": 1,
      "sr": 1,
      "ks": {
        "o": {"a":0,"k":100,"ix":11},
        "r": {"a":0,"k":0,"ix":10},
        "p": {"a":0,"k":[-43.351,-32.205,0],"ix":2},
        "a": {"a":0,"k":[0.294,15.438,0],"ix":1},
        "s": {
          "a":1,
          "k":[{"i":{"x":[0.833,0.833,0.833],"y":[0.833,0.833,0.833]},"o":{"x":[0.167,0.167,0.167],"y":[0.167,0.167,0.167]},"t":69,"s":[0,0,100]},{"i":{"x":[0.833,0.833,0.833],"y":[0.833,0.833,0.833]},"o":{"x":[0.167,0.167,0.167],"y":[0.167,0.167,0.167]},"t":103.277,"s":[102,102,100]},{"t":138,"s":[100,100,100]}],
          "ix":6
        }
      },
      "ao": 0,
      "shapes": [
        {
          "ty": "gr",
          "it": [
            {
              "ind": 0,
              "ty": "sh",
              "ix": 1,
              "ks": {"a":0,"k":{"i":[[0,0],[0,0],[-0.295,-0.044],[-0.08,-0.151],[0,0]],"o":[[0,0],[0.045,-0.293],[0.17,0.026],[0,0],[0,0]],"v":[[-2.962,7.761],[-0.596,-7.267],[0.02,-7.717],[0.419,-7.437],[2.962,-2.724]],"c":true},"ix":2},
              "nm":"Path 1","mn":"ADBE Vector Shape - Group","hd":false
            },
            {
              "ty": "fl",
              "c": {"a":0,"k":[0.65882,0.10588,0.83529,1],"ix":4},
              "o": {"a":0,"k":100,"ix":5},
              "r":1,"bm":0,
              "nm":"Fill 1","mn":"ADBE Vector Graphic - Fill","hd":false
            },
            {
              "ty": "tr",
              "p": {"a":0,"k":[3.212,8.011],"ix":2},
              "a": {"a":0,"k":[0,0],"ix":1},
              "s": {"a":0,"k":[100,100],"ix":3},
              "r": {"a":0,"k":0,"ix":6},
              "o": {"a":0,"k":100,"ix":7},
              "sk": {"a":0,"k":0,"ix":4},
              "sa": {"a":0,"k":0,"ix":5},
              "nm":"Transform"
            }
          ],
          "nm":"Group 1","np":2,"cix":2,"bm":0,"ix":1,"mn":"ADBE Vector Group","hd":false
        }
      ],
      "ip":31,"op":162,"st":40,"bm":0
    },
    {
      "ddd": 0,
      "ind": 3,
      "ty": 4,
      "nm": "Layer 1 Outlines",
      "parent": 1,
      "sr": 1,
      "ks": {
        "o": {"a":0,"k":100,"ix":11},
        "r": {"a":0,"k":0,"ix":10},
        "p": {"a":0,"k":[-43.764,-29.769,0],"ix":2},
        "a": {"a":0,"k":[0.242,14.578,0],"ix":1},
        "s": {
          "a":1,
          "k":[{"i":{"x":[0.833,0.833,0.833],"y":[0.833,0.833,0.833]},"o":{"x":[0.167,0.167,0.167],"y":[0.167,0.167,0.167]},"t":34.5,"s":[0,0,100]},{"i":{"x":[0.833,0.833,0.833],"y":[0.833,0.833,0.833]},"o":{"x":[0.167,0.167,0.167],"y":[0.167,0.167,0.167]},"t":69,"s":[113,113,100]},{"t":103.5,"s":[100,100,100]}],
          "ix":6
        }
      },
      "ao": 0,
      "shapes": [
        {
          "ty": "gr",
          "it": [
            {
              "ind": 0,
              "ty": "sh",
              "ix": 1,
              "ks": {"a":0,"k":{"i":[[0,0],[0,0],[0.265,-0.137],[0.051,-0.096],[0,0]],"o":[[0,0],[-0.138,-0.262],[-0.098,0.051],[0,0],[0,0]],"v":[[5.385,-3.452],[3.565,-6.891],[2.834,-7.117],[2.605,-6.891],[-5.385,7.255]],"c":true},"ix":2},
              "nm":"Path 1","mn":"ADBE Vector Shape - Group","hd":false
            },
            {
              "ty": "fl",
              "c": {"a":0,"k":[0.65882,0.10588,0.83529,1],"ix":4},
              "o": {"a":0,"k":100,"ix":5},
              "r":1,"bm":0,
              "nm":"Fill 1","mn":"ADBE Vector Graphic - Fill","hd":false
            },
            {
              "ty": "tr",
              "p": {"a":0,"k":[5.635,7.504],"ix":2},
              "a": {"a":0,"k":[0,0],"ix":1},
              "s": {"a":0,"k":[100,100],"ix":3},
              "r": {"a":0,"k":0,"ix":6},
              "o": {"a":0,"k":100,"ix":7},
              "sk": {"a":0,"k":0,"ix":4},
              "sa": {"a":0,"k":0,"ix":5},
              "nm":"Transform"
            }
          ],
          "nm":"Group 1","np":2,"cix":2,"bm":0,"ix":1,"mn":"ADBE Vector Group","hd":false
        }
      ],
      "ip":11,"op":162,"st":20,"bm":0
    },
    {
      "ddd": 0,
      "ind": 4,
      "ty": 4,
      "nm": "Layer 2 Outlines",
      "parent": 1,
      "sr": 1,
      "ks": {
        "o": {"a":0,"k":100,"ix":11},
        "r": {"a":0,"k":0,"ix":10},
        "p": {"a":0,"k":[-43.862,-27.932,0],"ix":2},
        "a": {"a":0,"k":[0.359,14.861,0],"ix":1},
        "s": {
          "a":1,
          "k":[{"i":{"x":[0.833,0.833,0.833],"y":[0.833,0.833,0.833]},"o":{"x":[0.167,0.167,0.167],"y":[0.167,0.167,0.167]},"t":0,"s":[0,0,100]},{"i":{"x":[0.833,0.833,0.833],"y":[0.833,0.833,0.833]},"o":{"x":[0.167,0.167,0.167],"y":[0.167,0.167,0.167]},"t":34.5,"s":[113,113,100]},{"t":69,"s":[100,100,100]}],
          "ix":6
        }
      },
      "ao": 0,
      "shapes": [
        {
          "ty": "gr",
          "it": [
            {
              "ind": 0,
              "ty": "sh",
              "ix": 1,
              "ks": {"a":0,"k":{"i":[[0,0],[0,0],[0.296,-0.049],[0.079,-0.078],[0,0],[0,0],[-0.493,0.273]],"o":[[0,0],[-0.051,-0.292],[-0.11,0.019],[0,0],[0,0],[0.492,0.273],[0,0]],"v":[[8.686,4.836],[6.434,-8.994],[5.807,-9.434],[5.516,-9.286],[-8.686,4.836],[-0.827,9.21],[0.76,9.21]],"c":true},"ix":2},
              "nm":"Path 1","mn":"ADBE Vector Shape - Group","hd":false
            },
            {
              "ty": "fl",
              "c": {"a":0,"k":[0.65882,0.10588,0.83529,1],"ix":4},
              "o": {"a":0,"k":100,"ix":5},
              "r":1,"bm":0,
              "nm":"Fill 1","mn":"ADBE Vector Graphic - Fill","hd":false
            },
            {
              "ty": "tr",
              "p": {"a":0,"k":[8.935,9.733],"ix":2},
              "a": {"a":0,"k":[0,0],"ix":1},
              "s": {"a":0,"k":[100,100],"ix":3},
              "r": {"a":0,"k":0,"ix":6},
              "o": {"a":0,"k":100,"ix":7},
              "sk": {"a":0,"k":0,"ix":4},
              "sa": {"a":0,"k":0,"ix":5},
              "nm":"Transform"
            }
          ],
          "nm":"Group 1","np":2,"cix":2,"bm":0,"ix":1,"mn":"ADBE Vector Group","hd":false
        }
      ],
      "ip":0,"op":162,"st":0,"bm":0
    }
  ],
  "markers": []
}