{
  "v": "5.5.8",
  "fr": 30,
  "ip": 0,
  "op": 60,
  "w": 95,
  "h": 95,
  "nm": "Flutter",
  "ddd": 0,
  "assets": [],
  "layers": [
    {
      "ddd": 0,
      "ind": 1,
      "ty": 4,
      "nm": "Layer 2 Outlines",
      "sr": 1,
      "ks": {
        "o": { "a": 0, "k": 100, "ix": 11 },
        "r": { "a": 0, "k": 0, "ix": 10 },
        "p": {
          "a": 1,
          "k": [
            { "i": { "x": 0.833, "y": 0.833 }, "o": { "x": 0.167, "y": 0.167 }, "t": 10, "s": [111.928, -30.436, 0], "to": [-10.833, 10.25, 0], "ti": [10.833, -10.25, 0] },
            { "t": 30, "s": [46.928, 31.064, 0] }
          ],
          "ix": 2
        },
        "a": { "a": 0, "k": [19.456, 15.799, 0], "ix": 1 },
        "s": { "a": 0, "k": [194.5, 194.5, 100], "ix": 6 }
      },
      "ao": 0,
      "shapes": [
        {
          "ty": "gr",
          "it": [
            {
              "ind": 0,
              "ty": "sh",
              "ix": 1,
              "ks": {
                "a": 0,
                "k": {
                  "i": [[0, 0], [0, 0], [0, 0], [0, 0]],
                  "o": [[0, 0], [0, 0], [0, 0], [0, 0]],
                  "v": [[4.576, -15.549], [-19.206, 8.232], [-11.887, 15.549], [19.206, -15.549]],
                  "c": true
                },
                "ix": 2
              },
              "nm": "Path 1",
              "mn": "ADBE Vector Shape - Group",
              "hd": false
            },
            {
              "ty": "fl",
              "c": { "a": 0, "k": [0.486, 0.227, 0.929, 1], "ix": 4 },
              "o": { "a": 0, "k": 100, "ix": 5 },
              "r": 1,
              "bm": 0,
              "nm": "Fill 1",
              "mn": "ADBE Vector Graphic - Fill",
              "hd": false
            },
            {
              "ty": "tr",
              "p": { "a": 0, "k": [19.456, 15.799], "ix": 2 },
              "a": { "a": 0, "k": [0, 0], "ix": 1 },
              "s": { "a": 0, "k": [100, 100], "ix": 3 },
              "r": { "a": 0, "k": 0, "ix": 6 },
              "o": { "a": 0, "k": 100, "ix": 7 },
              "sk": { "a": 0, "k": 0, "ix": 4 },
              "sa": { "a": 0, "k": 0, "ix": 5 },
              "nm": "Transform"
            }
          ],
          "nm": "Group 1",
          "np": 2,
          "cix": 2,
          "bm": 0,
          "ix": 1,
          "mn": "ADBE Vector Group",
          "hd": false
        }
      ],
      "ip": 10,
      "op": 70,
      "st": 10,
      "bm": 0
    },
    {
      "ddd": 0,
      "ind": 2,
      "ty": 4,
      "nm": "Layer 3 Outlines",
      "sr": 1,
      "ks": {
        "o": { "a": 0, "k": 100, "ix": 11 },
        "r": { "a": 0, "k": 0, "ix": 10 },
        "p": {
          "a": 1,
          "k": [
            { "i": { "x": 0.833, "y": 0.833 }, "o": { "x": 0.167, "y": 0.167 }, "t": 0, "s": [115.163, 2.718, 0], "to": [-8.333, 8.833, 0], "ti": [8.333, -8.833, 0] },
            { "t": 20, "s": [65.163, 55.718, 0] }
          ],
          "ix": 2
        },
        "a": { "a": 0, "k": [10.081, 6.526, 0], "ix": 1 },
        "s": { "a": 0, "k": [194.5, 194.5, 100], "ix": 6 }
      },
      "ao": 0,
      "shapes": [
        {
          "ty": "gr",
          "it": [
            {
              "ind": 0,
              "ty": "sh",
              "ix": 1,
              "ks": {
                "a": 0,
                "k": {
                  "i": [[0, 0], [0, 0], [0, 0], [0, 0]],
                  "o": [[0, 0], [0, 0], [0, 0], [0, 0]],
                  "v": [[-4.799, -6.275], [-9.831, -1.225], [-2.331, 6.275], [9.831, -6.275]],
                  "c": true
                },
                "ix": 2
              },
              "nm": "Path 1",
              "mn": "ADBE Vector Shape - Group",
              "hd": false
            },
            {
              "ty": "fl",
              "c": { "a": 0, "k": [0.576, 0.2, 0.918, 1], "ix": 4 },
              "o": { "a": 0, "k": 100, "ix": 5 },
              "r": 1,
              "bm": 0,
              "nm": "Fill 1",
              "mn": "ADBE Vector Graphic - Fill",
              "hd": false
            },
            {
              "ty": "tr",
              "p": { "a": 0, "k": [10.081, 6.526], "ix": 2 },
              "a": { "a": 0, "k": [0, 0], "ix": 1 },
              "s": { "a": 0, "k": [100, 100], "ix": 3 },
              "r": { "a": 0, "k": 0, "ix": 6 },
              "o": { "a": 0, "k": 100, "ix": 7 },
              "sk": { "a": 0, "k": 0, "ix": 4 },
              "sa": { "a": 0, "k": 0, "ix": 5 },
              "nm": "Transform"
            }
          ],
          "nm": "Group 1",
          "np": 2,
          "cix": 2,
          "bm": 0,
          "ix": 1,
          "mn": "ADBE Vector Group",
          "hd": false
        }
      ],
      "ip": 0,
      "op": 60,
      "st": 0,
      "bm": 0
    },
    {
      "ddd": 0,
      "ind": 3,
      "ty": 4,
      "nm": "Layer 4 Outlines",
      "sr": 1,
      "ks": {
        "o": { "a": 0, "k": 100, "ix": 11 },
        "r": { "a": 0, "k": 0, "ix": 10 },
        "p": { "a": 0, "k": [45.154, 68.419, 0], "ix": 2 },
        "a": { "a": 0, "k": [7.567, 7.567, 0], "ix": 1 },
        "s": {
          "a": 1,
          "k": [
            { "i": { "x": [0.833, 0.833, 0.833], "y": [0.833, 0.833, 0.833] }, "o": { "x": [0.167, 0.167, 0.167], "y": [0.167, 0.167, 0.167] }, "t": 0, "s": [0, 0, 100] },
            { "i": { "x": [0.833, 0.833, 0.833], "y": [0.833, 0.833, 0.833] }, "o": { "x": [0.167, 0.167, 0.167], "y": [0.167, 0.167, 0.167] }, "t": 10, "s": [236.5, 236.5, 100] },
            { "t": 20, "s": [194.5, 194.5, 100] }
          ],
          "ix": 6
        }
      },
      "ao": 0,
      "shapes": [
        {
          "ty": "gr",
          "it": [
            {
              "ind": 0,
              "ty": "sh",
              "ix": 1,
              "ks": {
                "a": 0,
                "k": {
                  "i": [[0, 0], [0, 0], [0, 0], [0, 0]],
                  "o": [[0, 0], [0, 0], [0, 0], [0, 0]],
                  "v": [[0.001, -7.317], [7.317, -0.002], [-0.001, 7.317], [-7.317, 0.001]],
                  "c": true
                },
                "ix": 2
              },
              "nm": "Path 1",
              "mn": "ADBE Vector Shape - Group",
              "hd": false
            },
            {
              "ty": "fl",
              "c": { "a": 0, "k": [0.486, 0.227, 0.929, 1], "ix": 4 },
              "o": { "a": 0, "k": 100, "ix": 5 },
              "r": 1,
              "bm": 0,
              "nm": "Fill 1",
              "mn": "ADBE Vector Graphic - Fill",
              "hd": false
            },
            {
              "ty": "tr",
              "p": { "a": 0, "k": [7.567, 7.567], "ix": 2 },
              "a": { "a": 0, "k": [0, 0], "ix": 1 },
              "s": { "a": 0, "k": [100, 100], "ix": 3 },
              "r": { "a": 0, "k": 0, "ix": 6 },
              "o": { "a": 0, "k": 100, "ix": 7 },
              "sk": { "a": 0, "k": 0, "ix": 4 },
              "sa": { "a": 0, "k": 0, "ix": 5 },
              "nm": "Transform"
            }
          ],
          "nm": "Group 1",
          "np": 2,
          "cix": 2,
          "bm": 0,
          "ix": 1,
          "mn": "ADBE Vector Group",
          "hd": false
        }
      ],
      "ip": 0,
      "op": 60,
      "st": 0,
      "bm": 0
    },
    {
      "ddd": 0,
      "ind": 4,
      "ty": 4,
      "nm": "Layer 1 Outlines",
      "sr": 1,
      "ks": {
        "o": { "a": 0, "k": 100, "ix": 11 },
        "r": { "a": 0, "k": 0, "ix": 10 },
        "p": {
          "a": 1,
          "k": [
            { "i": { "x": 0.833, "y": 0.833 }, "o": { "x": 0.167, "y": 0.167 }, "t": 10, "s": [92.663, 107.855, 0], "to": [-4.583, -4.417, 0], "ti": [4.583, 4.417, 0] },
            { "t": 30, "s": [65.163, 81.355, 0] }
          ],
          "ix": 2
        },
        "a": { "a": 0, "k": [10.082, 6.407, 0], "ix": 1 },
        "s": { "a": 0, "k": [194.5, 194.5, 100], "ix": 6 }
      },
      "ao": 0,
      "shapes": [
        {
          "ty": "gr",
          "it": [
            {
              "ind": 0,
              "ty": "sh",
              "ix": 1,
              "ks": {
                "a": 0,
                "k": {
                  "i": [[0, 0], [0, 0], [0, 0], [0, 0]],
                  "o": [[0, 0], [0, 0], [0, 0], [0, 0]],
                  "v": [[-9.831, 1.344], [-4.799, 6.157], [9.831, 6.157], [-2.331, -6.157]],
                  "c": true
                },
                "ix": 2
              },
              "nm": "Path 1",
              "mn": "ADBE Vector Shape - Group",
              "hd": false
            },
            {
              "ty": "fl",
              "c": { "a": 0, "k": [0.486, 0.227, 0.929, 1], "ix": 4 },
              "o": { "a": 0, "k": 100, "ix": 5 },
              "r": 1,
              "bm": 0,
              "nm": "Fill 1",
              "mn": "ADBE Vector Graphic - Fill",
              "hd": false
            },
            {
              "ty": "tr",
              "p": { "a": 0, "k": [10.082, 6.407], "ix": 2 },
              "a": { "a": 0, "k": [0, 0], "ix": 1 },
              "s": { "a": 0, "k": [100, 100], "ix": 3 },
              "r": { "a": 0, "k": 0, "ix": 6 },
              "o": { "a": 0, "k": 100, "ix": 7 },
              "sk": { "a": 0, "k": 0, "ix": 4 },
              "sa": { "a": 0, "k": 0, "ix": 5 },
              "nm": "Transform"
            }
          ],
          "nm": "Group 1",
          "np": 2,
          "cix": 2,
          "bm": 0,
          "ix": 1,
          "mn": "ADBE Vector Group",
          "hd": false
        }
      ],
      "ip": 10,
      "op": 70,
      "st": 10,
      "bm": 0
    }
  ],
  "markers": []
}