{
  "v": "5.5.8",
  "fr": 60,
  "ip": 0,
  "op": 240,
  "w": 95,
  "h": 95,
  "nm": "666666666666666",
  "ddd": 0,
  "assets": [],
  "layers": [
    {
      "ddd": 0,
      "ind": 1,
      "ty": 4,
      "nm": "Layer 2 Outlines",
      "parent": 3,
      "sr": 1,
      "ks": {
        "o": { "a": 0, "k": 100, "ix": 11 },
        "r": { "a": 0, "k": 0, "ix": 10 },
        "p": { "a": 0, "k": [41.982, 9.319, 0], "ix": 2 },
        "a": { "a": 0, "k": [5.231, 5.232, 0], "ix": 1 },
        "s": {
          "a": 1,
          "k": [
            { "i": { "x": [0.667, 0.667, 0.667], "y": [1, 1, 1] }, "o": { "x": [0.333, 0.333, 0.333], "y": [0, 0, 0] }, "t": 79.695, "s": [0, 0, 100] },
            { "i": { "x": [0.667, 0.667, 0.667], "y": [1, 1, 1] }, "o": { "x": [0.333, 0.333, 0.333], "y": [0, 0, 0] }, "t": 100.131, "s": [114.433, 114.433, 100] },
            { "i": { "x": [0.667, 0.667, 0.667], "y": [1, 1, 1] }, "o": { "x": [0.333, 0.333, 0.333], "y": [0, 0, 0] }, "t": 120.564, "s": [88.66, 88.66, 100] },
            { "t": 141, "s": [100, 100, 100] }
          ],
          "ix": 6
        }
      },
      "ao": 0,
      "shapes": [
        {
          "ty": "gr",
          "it": [
            {
              "ind": 0,
              "ty": "sh",
              "ix": 1,
              "ks": {
                "a": 0,
                "k": {
                  "i": [[-2.751, 0], [0, -2.752], [2.752, 0], [0, 2.751]],
                  "o": [[2.752, 0], [0, 2.751], [-2.751, 0], [0, -2.752]],
                  "v": [[-0.001, -4.982], [4.982, 0], [-0.001, 4.982], [-4.982, 0]],
                  "c": true
                },
                "ix": 2
              },
              "nm": "Path 1",
              "mn": "ADBE Vector Shape - Group",
              "hd": false
            },
            {
              "ty": "fl",
              "c": { "a": 0, "k": [0.486, 0.227, 0.929, 1], "ix": 4 },
              "o": { "a": 0, "k": 100, "ix": 5 },
              "r": 1,
              "bm": 0,
              "nm": "Fill 1",
              "mn": "ADBE Vector Graphic - Fill",
              "hd": false
            },
            {
              "ty": "tr",
              "p": { "a": 0, "k": [5.231, 5.232], "ix": 2 },
              "a": { "a": 0, "k": [0, 0], "ix": 1 },
              "s": { "a": 0, "k": [100, 100], "ix": 3 },
              "r": { "a": 0, "k": 0, "ix": 6 },
              "o": { "a": 0, "k": 100, "ix": 7 },
              "sk": { "a": 0, "k": 0, "ix": 4 },
              "sa": { "a": 0, "k": 0, "ix": 5 },
              "nm": "Transform"
            }
          ],
          "nm": "Group 1",
          "np": 2,
          "cix": 2,
          "bm": 0,
          "ix": 1,
          "mn": "ADBE Vector Group",
          "hd": false
        }
      ],
      "ip": 39,
      "op": 243,
      "st": 39,
      "bm": 0
    },
    {
      "ddd": 0,
      "ind": 2,
      "ty": 4,
      "nm": "Layer 3 Outlines",
      "sr": 1,
      "ks": {
        "o": { "a": 0, "k": 100, "ix": 11 },
        "r": { "a": 0, "k": 0, "ix": 10 },
        "p": { "a": 0, "k": [47.503, 47.518, 0], "ix": 2 },
        "a": { "a": 0, "k": [11.187, 11.188, 0], "ix": 1 },
        "s": {
          "a": 1,
          "k": [
            { "i": { "x": [0.667, 0.667, 0.667], "y": [1, 1, 1] }, "o": { "x": [0.333, 0.333, 0.333], "y": [0, 0, 0] }, "t": 38.824, "s": [0, 0, 100] },
            { "i": { "x": [0.667, 0.667, 0.667], "y": [1, 1, 1] }, "o": { "x": [0.333, 0.333, 0.333], "y": [0, 0, 0] }, "t": 59.26, "s": [200.032, 200.032, 100] },
            { "t": 79.6953125, "s": [173.242, 173.242, 100] }
          ],
          "ix": 6
        }
      },
      "ao": 0,
      "shapes": [
        {
          "ty": "gr",
          "it": [
            {
              "ind": 0,
              "ty": "sh",
              "ix": 1,
              "ks": {
                "a": 0,
                "k": {
                  "i": [[-6.041, 0], [-0.007, -6.038], [6.041, 0], [0, 6.04]],
                  "o": [[6.038, 0.007], [0, 6.04], [-6.041, 0], [0, -6.041]],
                  "v": [[0, -10.938], [10.937, -0.001], [0, 10.938], [-10.937, -0.001]],
                  "c": true
                },
                "ix": 2
              },
              "nm": "Path 1",
              "mn": "ADBE Vector Shape - Group",
              "hd": false
            },
            {
              "ty": "fl",
              "c": { "a": 0, "k": [0.576, 0.2, 0.918, 1], "ix": 4 },
              "o": { "a": 0, "k": 100, "ix": 5 },
              "r": 1,
              "bm": 0,
              "nm": "Fill 1",
              "mn": "ADBE Vector Graphic - Fill",
              "hd": false
            },
            {
              "ty": "tr",
              "p": { "a": 0, "k": [11.187, 11.188], "ix": 2 },
              "a": { "a": 0, "k": [0, 0], "ix": 1 },
              "s": { "a": 0, "k": [100, 100], "ix": 3 },
              "r": { "a": 0, "k": 0, "ix": 6 },
              "o": { "a": 0, "k": 100, "ix": 7 },
              "sk": { "a": 0, "k": 0, "ix": 4 },
              "sa": { "a": 0, "k": 0, "ix": 5 },
              "nm": "Transform"
            }
          ],
          "nm": "Group 1",
          "np": 2,
          "cix": 2,
          "bm": 0,
          "ix": 1,
          "mn": "ADBE Vector Group",
          "hd": false
        }
      ],
      "ip": 19,
      "op": 245,
      "st": 19,
      "bm": 0
    },
    {
      "ddd": 0,
      "ind": 3,
      "ty": 4,
      "nm": "Layer 1 Outlines",
      "sr": 1,
      "ks": {
        "o": { "a": 0, "k": 100, "ix": 11 },
        "r": {
          "a": 1,
          "k": [
            { "i": { "x": [0.667], "y": [1] }, "o": { "x": [0.333], "y": [0] }, "t": 0, "s": [310] },
            { "i": { "x": [0.667], "y": [1] }, "o": { "x": [0.333], "y": [0] }, "t": 61.305, "s": [0] },
            { "i": { "x": [0.667], "y": [1] }, "o": { "x": [0.333], "y": [0] }, "t": 141, "s": [0] },
            { "t": 239, "s": [-360] }
          ],
          "ix": 10
        },
        "p": { "a": 0, "k": [47.029, 47.839, 0], "ix": 2 },
        "a": { "a": 0, "k": [26.005, 24.455, 0], "ix": 1 },
        "s": {
          "a": 1,
          "k": [
            { "i": { "x": [0.667, 0.667, 0.667], "y": [1, 1, 1] }, "o": { "x": [0.333, 0.333, 0.333], "y": [0, 0, 0] }, "t": 0, "s": [0, 0, 100] },
            { "t": 20.435546875, "s": [173.242, 173.242, 100] }
          ],
          "ix": 6
        }
      },
      "ao": 0,
      "shapes": [
        {
          "ty": "gr",
          "it": [
            {
              "ind": 0,
              "ty": "sh",
              "ix": 1,
              "ks": {
                "a": 0,
                "k": {
                  "i": [[-10.649, 0.001], [-3.398, -1.766], [0, 0], [0, 0], [0.489, -1.135], [0, 0], [0, 0], [5.545, -7.658], [-6.519, -6.848], [-7.923, 5.161], [3.631, 8.73], [0, 0], [0, 0], [-0.816, 0.927], [0, 0], [0, 0], [0, 0], [8.05, -6.971], [8.958, 5.759], [-3.001, 10.218]],
                  "o": [[3.83, -0.009], [0, 0], [0, 0], [-0.966, 0.771], [0, 0], [0, 0], [-8.542, -4.055], [-5.545, 7.659], [6.519, 6.849], [7.923, -5.162], [0, 0], [0, 0], [1.158, -0.432], [0, 0], [0, 0], [0, 0], [4.42, 9.689], [-8.05, 6.971], [-8.958, -5.758], [3, -10.218]],
                  "v": [[-0.001, -24], [11.001, -21.326], [11.449, -21.094], [11.057, -20.768], [8.842, -17.865], [8.708, -17.539], [8.402, -17.686], [-15.904, -11.469], [-14.223, 13.563], [10.697, 16.475], [18.102, -7.496], [17.971, -7.823], [18.298, -7.94], [21.305, -10.01], [21.63, -10.389], [21.839, -9.932], [21.837, -9.961], [15.714, 18.142], [-12.977, 20.188], [-23.025, -6.761]],
                  "c": true
                },
                "ix": 2
              },
              "nm": "Path 1",
              "mn": "ADBE Vector Shape - Group",
              "hd": false
            },
            {
              "ty": "fl",
              "c": { "a": 0, "k": [0.486, 0.227, 0.929, 1], "ix": 4 },
              "o": { "a": 0, "k": 100, "ix": 5 },
              "r": 1,
              "bm": 0,
              "nm": "Fill 1",
              "mn": "ADBE Vector Graphic - Fill",
              "hd": false
            },
            {
              "ty": "tr",
              "p": { "a": 0, "k": [26.277, 24.259], "ix": 2 },
              "a": { "a": 0, "k": [0, 0], "ix": 1 },
              "s": { "a": 0, "k": [100, 100], "ix": 3 },
              "r": { "a": 0, "k": 0, "ix": 6 },
              "o": { "a": 0, "k": 100, "ix": 7 },
              "sk": { "a": 0, "k": 0, "ix": 4 },
              "sa": { "a": 0, "k": 0, "ix": 5 },
              "nm": "Transform"
            }
          ],
          "nm": "Group 1",
          "np": 2,
          "cix": 2,
          "bm": 0,
          "ix": 1,
          "mn": "ADBE Vector Group",
          "hd": false
        }
      ],
      "ip": 0,
      "op": 244,
      "st": 0,
      "bm": 0
    }
  ],
  "markers": []
}