{
  "v": "5.5.8",
  "fr": 60,
  "ip": 0,
  "op": 160,
  "w": 95,
  "h": 95,
  "nm": "Apple",
  "ddd": 0,
  "assets": [],
  "layers": [
    {
      "ddd": 0,
      "ind": 1,
      "ty": 4,
      "nm": "leave",
      "sr": 1,
      "ks": {
        "o": {
          "a": 0,
          "k": 100,
          "ix": 11
        },
        "r": {
          "a": 1,
          "k": [
            {
              "i": {
                "x": [0.667],
                "y": [1]
              },
              "o": {
                "x": [0.333],
                "y": [0]
              },
              "t": 71,
              "s": [0]
            },
            {
              "i": {
                "x": [0.667],
                "y": [1]
              },
              "o": {
                "x": [0.333],
                "y": [0]
              },
              "t": 89.5,
              "s": [8]
            },
            {
              "t": 108,
              "s": [0]
            }
          ],
          "ix": 10
        },
        "p": {
          "a": 0,
          "k": [49.489, 21.849, 0],
          "ix": 2
        },
        "a": {
          "a": 0,
          "k": [3.656, 54.34, 0],
          "ix": 1
        },
        "s": {
          "a": 0,
          "k": [37, 37, 100],
          "ix": 6
        }
      },
      "ao": 0,
      "shapes": [
        {
          "ty": "gr",
          "it": [
            {
              "ind": 0,
              "ty": "sh",
              "ix": 1,
              "ks": {
                "a": 0,
                "k": {
                  "i": [
                    [-14.517, 19.134],
                    [0, 0],
                    [16.218, -19.488],
                    [0, 0]
                  ],
                  "o": [
                    [16.325, -21.517],
                    [0, 0],
                    [-17.317, 20.809],
                    [0, 0]
                  ],
                  "v": [
                    [11.242, 21.622],
                    [50.264, 0],
                    [37.422, 39.718],
                    [0.421, 57.121]
                  ],
                  "c": true
                },
                "ix": 2
              },
              "nm": "Path 1",
              "mn": "ADBE Vector Shape - Group",
              "hd": false
            },
            {
              "ty": "fl",
              "c": {
                "a": 0,
                "k": [
  0.486,
  0.227,
  0.929,
  1
],
                "ix": 4
              },
              "o": {
                "a": 0,
                "k": 100,
                "ix": 5
              },
              "r": 1,
              "bm": 0,
              "nm": "Fill 1",
              "mn": "ADBE Vector Graphic - Fill",
              "hd": false
            },
            {
              "ty": "tr",
              "p": {
                "a": 0,
                "k": [0, 57],
                "ix": 2
              },
              "a": {
                "a": 0,
                "k": [0, 57],
                "ix": 1
              },
              "s": {
                "a": 1,
                "k": [
                  {
                    "i": {
                      "x": [0.144, 0.144],
                      "y": [1, 1]
                    },
                    "o": {
                      "x": [0.055, 0.055],
                      "y": [0.293, 0.293]
                    },
                    "t": 37,
                    "s": [0, 0]
                  },
                  {
                    "t": 56,
                    "s": [100, 100]
                  }
                ],
                "ix": 3
              },
              "r": {
                "a": 0,
                "k": 0,
                "ix": 6
              },
              "o": {
                "a": 0,
                "k": 100,
                "ix": 7
              },
              "sk": {
                "a": 0,
                "k": 0,
                "ix": 4
              },
              "sa": {
                "a": 0,
                "k": 0,
                "ix": 5
              },
              "nm": "Transform"
            }
          ],
          "nm": "Path 1",
          "np": 2,
          "cix": 2,
          "bm": 0,
          "ix": 1,
          "mn": "ADBE Vector Group",
          "hd": false
        }
      ],
      "ip": 37,
      "op": 160,
      "st": -25,
      "bm": 0
    },
    {
      "ddd": 0,
      "ind": 7,
      "ty": 4,
      "nm": "Layer 2 Outlines",
      "sr": 1,
      "ks": {
        "o": {
          "a": 0,
          "k": 100,
          "ix": 11
        },
        "r": {
          "a": 0,
          "k": 0,
          "ix": 10
        },
        "p": {
          "a": 0,
          "k": [46.099, 47.55, 0],
          "ix": 2
        },
        "a": {
          "a": 0,
          "k": [26.038, 30.284, 0],
          "ix": 1
        },
        "s": {
          "a": 1,
          "k": [
            {
              "i": {
                "x": [0.667, 0.667, 0.667],
                "y": [1, 1, 1]
              },
              "o": {
                "x": [0.333, 0.333, 0.333],
                "y": [0, 0, 0]
              },
              "t": 0,
              "s": [0, 0, 100]
            },
            {
              "i": {
                "x": [0.667, 0.667, 0.667],
                "y": [1, 1, 1]
              },
              "o": {
                "x": [0.333, 0.333, 0.333],
                "y": [0, 0, 0]
              },
              "t": 23,
              "s": [160, 160, 100]
            },
            {
              "i": {
                "x": [0.833, 0.833, 0.833],
                "y": [1, 1, 1]
              },
              "o": {
                "x": [0.333, 0.333, 0.333],
                "y": [0, 0, 0]
              },
              "t": 46,
              "s": [140, 140, 100]
            },
            {
              "t": 69,
              "s": [150, 150, 100]
            }
          ],
          "ix": 6
        }
      },
      "ao": 0,
      "shapes": [
        {
          "ty": "gr",
          "it": [
            {
              "ind": 0,
              "ty": "sh",
              "ix": 1,
              "ks": {
                "a": 0,
                "k": {
                  "i": [
                    [-0.102, -7.573],
                    [0, 0],
                    [2.865, -4.195],
                    [3.991, -0.102],
                    [4.606, 0],
                    [3.684, -0.205],
                    [2.66, 3.683],
                    [-5.322, 9.312],
                    [-5.117, 0],
                    [-2.456, 0],
                    [-4.707, -0.512],
                    [-3.684, -5.321]
                  ],
                  "o": [
                    [0.102, 9.106],
                    [-0.103, 0.205],
                    [-2.456, 3.582],
                    [-4.093, 0.103],
                    [-4.604, 0],
                    [-3.991, 0.101],
                    [-5.116, -7.471],
                    [2.66, -4.503],
                    [3.888, -0.102],
                    [2.456, 0],
                    [2.047, 0.102],
                    [-0.409, 0.102]
                  ],
                  "v": [
                    [17.806, 1.792],
                    [25.788, 13.969],
                    [21.694, 22.462],
                    [12.586, 29.829],
                    [2.557, 27.477],
                    [-7.164, 29.932],
                    [-16.68, 22.258],
                    [-20.466, -8.033],
                    [-8.083, -15.503],
                    [1.841, -12.842],
                    [13.302, -15.605],
                    [24.354, -9.568]
                  ],
                  "c": true
                },
                "ix": 2
              },
              "nm": "Path 2",
              "mn": "ADBE Vector Shape - Group",
              "hd": false
            },
            {
              "ty": "mm",
              "mm": 1,
              "nm": "Merge Paths 1",
              "mn": "ADBE Vector Filter - Merge",
              "hd": false
            },
            {
              "ty": "fl",
              "c": {
                "a": 0,
                "k": [
  0.576,
  0.200,
  0.918,
  1
],
                "ix": 4
              },
              "o": {
                "a": 0,
                "k": 100,
                "ix": 5
              },
              "r": 1,
              "bm": 0,
              "nm": "Fill 1",
              "mn": "ADBE Vector Graphic - Fill",
              "hd": false
            },
            {
              "ty": "tr",
              "p": {
                "a": 0,
                "k": [26.037, 30.284],
                "ix": 2
              },
              "a": {
                "a": 0,
                "k": [0, 0],
                "ix": 1
              },
              "s": {
                "a": 0,
                "k": [100, 100],
                "ix": 3
              },
              "r": {
                "a": 0,
                "k": 0,
                "ix": 6
              },
              "o": {
                "a": 0,
                "k": 100,
                "ix": 7
              },
              "sk": {
                "a": 0,
                "k": 0,
                "ix": 4
              },
              "sa": {
                "a": 0,
                "k": 0,
                "ix": 5
              },
              "nm": "Transform"
            }
          ],
          "nm": "Group 2",
          "np": 3,
          "cix": 2,
          "bm": 0,
          "ix": 1,
          "mn": "ADBE Vector Group",
          "hd": false
        }
      ],
      "ip": 0,
      "op": 160,
      "st": 0,
      "bm": 0
    }
  ],
  "markers": []
}
