{
  "v": "5.5.8",
  "fr": 60,
  "ip": 0,
  "op": 151,
  "w": 95,
  "h": 95,
  "nm": "Java-",
  "ddd": 0,
  "assets": [],
  "layers": [
    {
      "ddd": 0,
      "ind": 1,
      "ty": 4,
      "nm": "Layer 2 Outlines",
      "sr": 1,
      "ks": {
        "o": {"a":0,"k":100,"ix":11},
        "r": {"a":0,"k":0,"ix":10},
        "p": {"a":0,"k":[46.031,87.923,0],"ix":2},
        "a": {"a":0,"k":[41.682,10.723,0],"ix":1},
        "s": {
          "a":1,
          "k":[{"i":{"x":[0.833,0.833,0.833],"y":[0.833,0.833,0.833]},"o":{"x":[0.167,0.167,0.167],"y":[0.167,0.167,0.167]},"t":0,"s":[0,0,100]},{"i":{"x":[0.833,0.833,0.833],"y":[0.833,0.833,0.833]},"o":{"x":[0.167,0.167,0.167],"y":[0.167,0.167,0.167]},"t":59.5,"s":[101,101,100]},{"t":119,"s":[96,96,100]}],
          "ix":6
        }
      },
      "ao": 0,
      "shapes": [
        {
          "ty": "gr",
          "it": [
            {
              "ind": 0,
              "ty": "sh",
              "ix": 1,
              "ks": {"a":0,"k":{"i":[[0,0],[5.527,-1.676],[9.243,4.022],[-1.955,0.419],[-1.067,0],[0,0],[0,0],[-13.634,-2.204],[9.634,4.344]],"o":[[0,0],[-10.52,3.188],[-3.32,-1.448],[0.9,-0.229],[0,0],[0,0],[-3.693,-2.602],[37.154,6.028],[0,0]],"v":[[31.036,-5.114],[28.139,-1.266],[-24.885,-1.138],[-20.02,-5.01],[-17.018,-5.371],[-16.796,-5.371],[-16.809,-5.371],[-27.048,1.945],[31.048,-5.114]],"c":true},"ix":2},
              "nm":"Path 1","mn":"ADBE Vector Shape - Group","hd":false
            },
            {
              "ty": "fl",
              "c": {"a":0,"k":[0.65882,0.10588,0.83529,1],"ix":4},
              "o": {"a":0,"k":100,"ix":5},
              "r":1,"bm":0,
              "nm":"Fill 1","mn":"ADBE Vector Graphic - Fill","hd":false
            },
            {
              "ty": "tr",
              "p": {"a":0,"k":[40.932,8.223],"ix":2},
              "a": {"a":0,"k":[0,0],"ix":1},
              "s": {"a":0,"k":[100,100],"ix":3},
              "r": {"a":0,"k":0,"ix":6},
              "o": {"a":0,"k":100,"ix":7},
              "sk": {"a":0,"k":0,"ix":4},
              "sa": {"a":0,"k":0,"ix":5},
              "nm":"Transform"
            }
          ],
          "nm":"Group 1","np":2,"cix":2,"bm":0,"ix":1,"mn":"ADBE Vector Group","hd":false
        }
      ],
      "ip":0,"op":151,"st":0,"bm":0
    },
    {
      "ddd": 0,
      "ind": 2,
      "ty": 4,
      "nm": "Layer 3 Outlines",
      "sr": 1,
      "ks": {
        "o": {"a":0,"k":100,"ix":11},
        "r": {"a":0,"k":0,"ix":10},
        "p": {"a":0,"k":[46.98,77.146,0],"ix":2},
        "a": {"a":0,"k":[25.872,4.632,0],"ix":1},
        "s": {
          "a":1,
          "k":[{"i":{"x":[0.833,0.833,0.833],"y":[0.833,0.833,0.833]},"o":{"x":[0.167,0.167,0.167],"y":[0.167,0.167,0.167]},"t":0,"s":[0,0,100]},{"i":{"x":[0.833,0.833,0.833],"y":[0.833,0.833,0.833]},"o":{"x":[0.167,0.167,0.167],"y":[0.167,0.167,0.167]},"t":59.5,"s":[101,101,100]},{"t":119,"s":[96,96,100]}],
          "ix":6
        }
      },
      "ao": 0,
      "shapes": [
        {
          "ty": "gr",
          "it": [
            {
              "ind": 0,
              "ty": "sh",
              "ix": 1,
              "ks": {"a":0,"k":{"i":[[0,0],[-6.094,-0.699],[-2.614,0],[-3.922,0.923],[0,0],[-1.758,-0.694],[0,0],[-14.317,3.999]],"o":[[0,0],[2.23,0.33],[4.205,0],[0,0],[1.451,0.885],[0,0],[-18.223,7.812],[0,0]],"v":[[-6.309,-6.128],[-3.776,-3.359],[3.644,-2.839],[15.859,-4.247],[15.498,-4.178],[20.393,-1.757],[20.622,-1.68],[-6.305,-6.133]],"c":true},"ix":2},
              "nm":"Path 1","mn":"ADBE Vector Shape - Group","hd":false
            },
            {
              "ty": "fl",
              "c": {"a":0,"k":[0.65882,0.10588,0.83529,1],"ix":4},
              "o": {"a":0,"k":100,"ix":5},
              "r":1,"bm":0,
              "nm":"Fill 1","mn":"ADBE Vector Graphic - Fill","hd":false
            },
            {
              "ty": "tr",
              "p": {"a":0,"k":[20.872,6.383],"ix":2},
              "a": {"a":0,"k":[0,0],"ix":1},
              "s": {"a":0,"k":[100,100],"ix":3},
              "r": {"a":0,"k":0,"ix":6},
              "o": {"a":0,"k":100,"ix":7},
              "sk": {"a":0,"k":0,"ix":4},
              "sa": {"a":0,"k":0,"ix":5},
              "nm":"Transform"
            }
          ],
          "nm":"Group 1","np":2,"cix":2,"bm":0,"ix":1,"mn":"ADBE Vector Group","hd":false
        }
      ],
      "ip":0,"op":151,"st":0,"bm":0
    },
    {
      "ddd": 0,
      "ind": 3,
      "ty": 4,
      "nm": "Layer 4 Outlines",
      "sr": 1,
      "ks": {
        "o": {"a":0,"k":100,"ix":11},
        "r": {"a":0,"k":0,"ix":10},
        "p": {"a":0,"k":[46.212,67.408,0],"ix":2},
        "a": {"a":0,"k":[28.788,5.083,0],"ix":1},
        "s": {
          "a":1,
          "k":[{"i":{"x":[0.833,0.833,0.833],"y":[0.833,0.833,0.833]},"o":{"x":[0.167,0.167,0.167],"y":[0.167,0.167,0.167]},"t":0,"s":[0,0,100]},{"i":{"x":[0.833,0.833,0.833],"y":[0.833,0.833,0.833]},"o":{"x":[0.167,0.167,0.167],"y":[0.167,0.167,0.167]},"t":59.5,"s":[101,101,100]},{"t":119,"s":[96,96,100]}],
          "ix":6
        }
      },
      "ao": 0,
      "shapes": [
        {
          "ty": "gr",
          "it": [
            {
              "ind": 0,
              "ty": "sh",
              "ix": 1,
              "ks": {"a":0,"k":{"i":[[-15.771,5.232],[-6.093,-0.628],[-3.13,0],[-5.306,1.187],[0,0],[-1.412,-0.515],[0,0]],"o":[[0,0],[2.665,0.334],[5.667,0],[0,0],[1.067,1.001],[0,0],[-22.031,6.442]],"v":[[-7.517,-5.583],[-5.415,-1.999],[3.464,-1.473],[19.956,-3.288],[19.456,-3.193],[23.211,-0.883],[23.288,-0.859]],"c":true},"ix":2},
              "nm":"Path 1","mn":"ADBE Vector Shape - Group","hd":false
            },
            {
              "ty": "fl",
              "c": {"a":0,"k":[0.65882,0.10588,0.83529,1],"ix":4},
              "o": {"a":0,"k":100,"ix":5},
              "r":1,"bm":0,
              "nm":"Fill 1","mn":"ADBE Vector Graphic - Fill","hd":false
            },
            {
              "ty": "tr",
              "p": {"a":0,"k":[23.538,5.833],"ix":2},
              "a": {"a":0,"k":[0,0],"ix":1},
              "s": {"a":0,"k":[100,100],"ix":3},
              "r": {"a":0,"k":0,"ix":6},
              "o": {"a":0,"k":100,"ix":7},
              "sk": {"a":0,"k":0,"ix":4},
              "sa": {"a":0,"k":0,"ix":5},
              "nm":"Transform"
            }
          ],
          "nm":"Group 1","np":2,"cix":2,"bm":0,"ix":1,"mn":"ADBE Vector Group","hd":false
        }
      ],
      "ip":0,"op":151,"st":0,"bm":0
    },
    {
      "ddd": 0,
      "ind": 4,
      "ty": 4,
      "nm": "Layer 5 Outlines",
      "sr": 1,
      "ks": {
        "o": {"a":0,"k":100,"ix":11},
        "r": {"a":0,"k":0,"ix":10},
        "p": {"a":0,"k":[79.036,58.629,0],"ix":2},
        "a": {"a":0,"k":[11.913,11.052,0],"ix":1},
        "s": {
          "a":1,
          "k":[{"i":{"x":[0.833,0.833,0.833],"y":[0.833,0.833,0.833]},"o":{"x":[0.167,0.167,0.167],"y":[0.167,0.167,0.167]},"t":0,"s":[0,0,100]},{"i":{"x":[0.833,0.833,0.833],"y":[0.833,0.833,0.833]},"o":{"x":[0.167,0.167,0.167],"y":[0.167,0.167,0.167]},"t":59.5,"s":[101,101,100]},{"t":119,"s":[96,96,100]}],
          "ix":6
        }
      },
      "ao": 0,
      "shapes": [
        {
          "ty": "gr",
          "it": [
            {
              "ind": 0,
              "ty": "sh",
              "ix": 1,
              "ks": {"a":0,"k":{"i":[[0,0],[5.64,-1.171],[0.648,-0.236],[0,0],[-0.593,0.224],[0,0],[23.327,-6.124],[-0.085,0.166],[0,0]],"o":[[17.462,-9.077],[-0.772,0.144],[0,0],[0.368,-0.519],[0,0],[11.149,-3.918],[0.143,-0.128],[0,0],[0,0]],"v":[[-11.307,10.353],[-7.555,-6.272],[-9.646,-5.706],[-9.558,-5.733],[-8.088,-6.876],[-8.064,-6.884],[-11.663,10.802],[-11.318,10.357],[-11.314,10.349]],"c":true},"ix":2},
              "nm":"Path 1","mn":"ADBE Vector Shape - Group","hd":false
            },
            {
              "ty": "fl",
              "c": {"a":0,"k":[0.65882,0.10588,0.83529,1],"ix":4},
              "o": {"a":0,"k":100,"ix":5},
              "r":1,"bm":0,
              "nm":"Fill 1","mn":"ADBE Vector Graphic - Fill","hd":false
            },
            {
              "ty": "tr",
              "p": {"a":0,"k":[11.913,11.052],"ix":2},
              "a": {"a":0,"k":[0,0],"ix":1},
              "s": {"a":0,"k":[100,100],"ix":3},
              "r": {"a":0,"k":0,"ix":6},
              "o": {"a":0,"k":100,"ix":7},
              "sk": {"a":0,"k":0,"ix":4},
              "sa": {"a":0,"k":0,"ix":5},
              "nm":"Transform"
            }
          ],
          "nm":"Group 1","np":2,"cix":2,"bm":0,"ix":1,"mn":"ADBE Vector Group","hd":false
        }
      ],
      "ip":0,"op":151,"st":0,"bm":0
    },
    {
      "ddd": 0,
      "ind": 5,
      "ty": 4,
      "nm": "Layer 6 Outlines",
      "sr": 1,
      "ks": {
        "o": {"a":0,"k":100,"ix":11},
        "r": {"a":0,"k":0,"ix":10},
        "p": {"a":0,"k":[46.486,59.092,0],"ix":2},
        "a": {"a":0,"k":[33.562,7.345,0],"ix":1},
        "s": {
          "a":1,
          "k":[{"i":{"x":[0.833,0.833,0.833],"y":[0.833,0.833,0.833]},"o":{"x":[0.167,0.167,0.167],"y":[0.167,0.167,0.167]},"t":0,"s":[0,0,100]},{"i":{"x":[0.833,0.833,0.833],"y":[0.833,0.833,0.833]},"o":{"x":[0.167,0.167,0.167],"y":[0.167,0.167,0.167]},"t":59.5,"s":[101,101,100]},{"t":119,"s":[96,96,100]}],
          "ix":6
        }
      },
      "ao": 0,
      "shapes": [
        {
          "ty": "gr",
          "it": [
            {
              "ind": 0,
              "ty": "sh",
              "ix": 1,
              "ks": {"a":0,"k":{"i":[[0,0],[-10.926,-1.458],[-3.46,0],[-4.298,0.439],[0,0],[0,0],[1.322,-0.866],[0,0],[-9.554,4.623],[-5.283,0],[0,0],[0,0]],"o":[[0,0],[2.944,0.244],[4.418,0],[0,0],[7.001,-0.59],[-1.648,0.722],[0,0],[-17.183,4.519],[4.212,-2.183],[0,0],[0,0],[0,0]],"v":[[-3.104,-5.079],[-9.098,0.398],[0.74,0.777],[13.818,0.114],[13.279,0.161],[27.312,-1.701],[22.945,0.646],[23.057,0.576],[-17.758,-1.631],[-3.275,-5.095],[-3.096,-5.095],[-3.104,-5.095]],"c":true},"ix":2},
              "nm":"Path 1","mn":"ADBE Vector Shape - Group","hd":false
            },
            {
              "ty": "fl",
              "c": {"a":0,"k":[0.65882,0.10588,0.83529,1],"ix":4},
              "o": {"a":0,"k":100,"ix":5},
              "r":1,"bm":0,
              "nm":"Fill 1","mn":"ADBE Vector Graphic - Fill","hd":false
            },
            {
              "ty": "tr",
              "p": {"a":0,"k":[27.563,5.345],"ix":2},
              "a": {"a":0,"k":[0,0],"ix":1},
              "s": {"a":0,"k":[100,100],"ix":3},
              "r": {"a":0,"k":0,"ix":6},
              "o": {"a":0,"k":100,"ix":7},
              "sk": {"a":0,"k":0,"ix":4},
              "sa": {"a":0,"k":0,"ix":5},
              "nm":"Transform"
            }
          ],
          "nm":"Group 1","np":2,"cix":2,"bm":0,"ix":1,"mn":"ADBE Vector Group","hd":false
        }
      ],
      "ip":0,"op":151,"st":0,"bm":0
    },
    {
      "ddd": 0,
      "ind": 6,
      "ty": 4,
      "nm": "Layer 7 Outlines",
      "sr": 1,
      "ks": {
        "o": {"a":0,"k":100,"ix":11},
        "r": {"a":0,"k":0,"ix":10},
        "p": {"a":0,"k":[51.678,53.694,0],"ix":2},
        "a": {"a":0,"k":[14.934,34.16,0],"ix":1},
        "s": {
          "a":1,
          "k":[{"i":{"x":[0.833,0.833,0.833],"y":[0.833,0.833,0.833]},"o":{"x":[0.167,0.167,0.167],"y":[0.167,0.167,0.167]},"t":0,"s":[0,0,100]},{"i":{"x":[0.833,0.833,0.833],"y":[0.833,0.833,0.833]},"o":{"x":[0.167,0.167,0.167],"y":[0.167,0.167,0.167]},"t":59.5,"s":[101,101,100]},{"t":119,"s":[96,96,100]}],
          "ix":6
        }
      },
      "ao": 0,
      "shapes": [
        {
          "ty": "gr",
          "it": [
            {
              "ind": 0,
              "ty": "sh",
              "ix": 1,
              "ks": {"a":0,"k":{"i":[[-15.22,-17.54],[0,0],[5.233,7.362],[-20.301,11.772]],"o":[[4.492,5.17],[0,0],[-4.89,-6.873],[0,0]],"v":[[-0.714,7.839],[-1.893,17.66],[4.274,4.402],[15.934,-17.66]],"c":true},"ix":2},
              "nm":"Path 1","mn":"ADBE Vector Shape - Group","hd":false
            },
            {
              "ty": "fl",
              "c": {"a":0,"k":[0.65882,0.10588,0.83529,1],"ix":4},
              "o": {"a":0,"k":100,"ix":5},
              "r":1,"bm":0,
              "nm":"Fill 1","mn":"ADBE Vector Graphic - Fill","hd":false
            },
            {
              "ty": "tr",
              "p": {"a":0,"k":[16.184,17.91],"ix":2},
              "a": {"a":0,"k":[0,0],"ix":1},
              "s": {"a":0,"k":[100,100],"ix":3},
              "r": {"a":0,"k":0,"ix":6},
              "o": {"a":0,"k":100,"ix":7},
              "sk": {"a":0,"k":0,"ix":4},
              "sa": {"a":0,"k":0,"ix":5},
              "nm":"Transform"
            }
          ],
          "nm":"Group 1","np":2,"cix":2,"bm":0,"ix":1,"mn":"ADBE Vector Group","hd":false
        }
      ],
      "ip":0,"op":151,"st":0,"bm":0
    },
    {
      "ddd": 0,
      "ind": 7,
      "ty": 4,
      "nm": "Layer 8 Outlines",
      "sr": 1,
      "ks": {
        "o": {"a":0,"k":100,"ix":11},
        "r": {"a":0,"k":0,"ix":10},
        "p": {"a":0,"k":[46.804,51.055,0],"ix":2},
        "a": {"a":0,"k":[14.323,50.536,0],"ix":1},
        "s": {
          "a":1,
          "k":[{"i":{"x":[0.833,0.833,0.833],"y":[0.833,0.833,0.833]},"o":{"x":[0.167,0.167,0.167],"y":[0.167,0.167,0.167]},"t":0,"s":[0,0,100]},{"i":{"x":[0.833,0.833,0.833],"y":[0.833,0.833,0.833]},"o":{"x":[0.167,0.167,0.167],"y":[0.167,0.167,0.167]},"t":59.5,"s":[101,101,100]},{"t":119,"s":[96,96,100]}],
          "ix":6
        }
      },
      "ao": 0,
      "shapes": [
        {
          "ty": "gr",
          "it": [
            {
              "ind": 0,
              "ty": "sh",
              "ix": 1,
              "ks": {"a":0,"k":{"i":[[0,0],[18.851,-14.879],[-3.448,-7.776],[-4.34,6.524],[3.906,15.372]],"o":[[0,0],[-15.112,11.935],[-8.821,-7.959],[6.377,-9.573],[0,0]],"v":[[7.398,-25.532],[-1.779,-0.979],[-1.779,25.536],[-12.732,4.048],[7.398,-25.536]],"c":true},"ix":2},
              "nm":"Path 1","mn":"ADBE Vector Shape - Group","hd":false
            },
            {
              "ty": "fl",
              "c": {"a":0,"k":[0.65882,0.10588,0.83529,1],"ix":4},
              "o": {"a":0,"k":100,"ix":5},
              "r":1,"bm":0,
              "nm":"Fill 1","mn":"ADBE Vector Graphic - Fill","hd":false
            },
            {
              "ty": "tr",
              "p": {"a":0,"k":[17.323,25.786],"ix":2},
              "a": {"a":0,"k":[0,0],"ix":1},
              "s": {"a":0,"k":[100,100],"ix":3},
              "r": {"a":0,"k":0,"ix":6},
              "o": {"a":0,"k":100,"ix":7},
              "sk": {"a":0,"k":0,"ix":4},
              "sa": {"a":0,"k":0,"ix":5},
              "nm":"Transform"
            }
          ],
          "nm":"Group 1","np":2,"cix":2,"bm":0,"ix":1,"mn":"ADBE Vector Group","hd":false
        }
      ],
      "ip":0,"op":151,"st":0,"bm":0
    },
    {
      "ddd": 0,
      "ind": 8,
      "ty": 4,
      "nm": "Layer 1 Outlines",
      "sr": 1,
      "ks": {
        "o": {"a":0,"k":100,"ix":11},
        "r": {"a":0,"k":0,"ix":10},
        "p": {"a":0,"k":[53.721,93.348,0],"ix":2},
        "a": {"a":0,"k":[28.761,8.55,0],"ix":1},
        "s": {
          "a":1,
          "k":[{"i":{"x":[0.833,0.833,0.833],"y":[0.833,0.833,0.833]},"o":{"x":[0.167,0.167,0.167],"y":[0.167,0.167,0.167]},"t":0,"s":[0,0,100]},{"i":{"x":[0.833,0.833,0.833],"y":[0.833,0.833,0.833]},"o":{"x":[0.167,0.167,0.167],"y":[0.167,0.167,0.167]},"t":59.5,"s":[101,101,100]},{"t":119,"s":[96,96,100]}],
          "ix":6
        }
      },
      "ao": 0,
      "shapes": [
        {
          "ty": "gr",
          "it": [
            {
              "ind": 0,
              "ty": "sh",
              "ix": 1,
              "ks": {"a":0,"k":{"i":[[0,0],[-0.621,7.928],[12.683,-2.39],[8.235,0],[6.489,0.934],[0,0],[-11.016,-0.706]],"o":[[16.756,1.075],[0,0],[-7.005,1.265],[-6.745,0],[0,0],[0,0],[0,0]],"v":[[-14.621,3.725],[28.511,-4.8],[14.656,0.595],[-8.648,2.581],[-28.511,1.162],[-27.77,1.25],[-14.609,3.733]],"c":true},"ix":2},
              "nm":"Path 1","mn":"ADBE Vector Shape - Group","hd":false
            },
            {
              "ty": "fl",
              "c": {"a":0,"k":[0.65882,0.10588,0.83529,1],"ix":4},
              "o": {"a":0,"k":100,"ix":5},
              "r":1,"bm":0,
              "nm":"Fill 1","mn":"ADBE Vector Graphic - Fill","hd":false
            },
            {
              "ty": "tr",
              "p": {"a":0,"k":[28.761,5.05],"ix":2},
              "a": {"a":0,"k":[0,0],"ix":1},
              "s": {"a":0,"k":[100,100],"ix":3},
              "r": {"a":0,"k":0,"ix":6},
              "o": {"a":0,"k":100,"ix":7},
              "sk": {"a":0,"k":0,"ix":4},
              "sa": {"a":0,"k":0,"ix":5},
              "nm":"Transform"
            }
          ],
          "nm":"Group 1","np":2,"cix":2,"bm":0,"ix":1,"mn":"ADBE Vector Group","hd":false
        }
      ],
      "ip":0,"op":151,"st":0,"bm":0
    }
  ],
  "markers": []
}