{
  "v": "5.5.8",
  "fr": 60,
  "ip": 0,
  "op": 151,
  "w": 95,
  "h": 95,
  "nm": "JS",
  "ddd": 0,
  "assets": [],
  "layers": [
    {
      "ddd": 0,
      "ind": 1,
      "ty": 4,
      "nm": "Isolation Mode Outlines 2",
      "sr": 1,
      "ks": {
        "o": {"a":0,"k":100,"ix":11},
        "r": {"a":0,"k":0,"ix":10},
        "p": {"a":0,"k":[46.999,49.286,0],"ix":2},
        "a": {"a":0,"k":[11.529,8.838,0],"ix":1},
        "s": {"a":0,"k":[390,390,100],"ix":6}
      },
      "ao": 0,
      "shapes": [
        {
          "ty": "gr",
          "it": [
            {
              "ind": 0,
              "ty": "sh",
              "ix": 1,
              "ks": {"a":0,"k":{"i":[[0,0],[-1.603,0],[0,1.11],[1.999,0.691],[0,2.444],[-3.899,0],[-0.987,-0.469],[0,0],[1.604,0],[0,-0.839],[-2.173,-0.839],[0,-2.369],[4.566,0],[0.938,0.52],[0,0]],"o":[[0.987,0.519],[1.729,0],[0,-1.012],[-2.764,-0.987],[0,-2.838],[1.899,0],[0,0],[-0.642,-0.321],[-1.629,0],[0,1.061],[2.937,1.086],[0,2.789],[-1.9,0],[0,0],[0,0]],"v":[[-4.936,4.467],[-0.766,5.504],[1.876,3.678],[-0.913,1.358],[-5.503,-3.603],[0.79,-8.588],[5.035,-7.749],[4.196,-4.738],[0.741,-5.528],[-1.678,-3.924],[1.407,-1.555],[5.701,3.43],[-0.987,8.588],[-5.701,7.551],[-4.936,4.466]],"c":true},"ix":2},
              "nm":"Path 1","mn":"ADBE Vector Shape - Group","hd":false
            },
            {
              "ty": "fl",
              "c": {"a":1,"k":[{"i":{"x":[0.667],"y":[1]},"o":{"x":[0.333],"y":[0]},"t":0,"s":[0.65882,0.10588,0.83529,1]},{"t":57,"s":[0.65882,0.10588,0.83529,1]}],"ix":4},
              "o": {"a":1,"k":[{"i":{"x":[0.667],"y":[1]},"o":{"x":[0.333],"y":[0]},"t":57,"s":[0]},{"t":114,"s":[100]}],"ix":5},
              "r":1,"bm":0,
              "nm":"Fill 1","mn":"ADBE Vector Graphic - Fill","hd":false
            },
            {
              "ty": "tr",
              "p": {"a":0,"k":[17.106,8.838],"ix":2},
              "a": {"a":0,"k":[0,0],"ix":1},
              "s": {"a":0,"k":[100,100],"ix":3},
              "r": {"a":0,"k":0,"ix":6},
              "o": {"a":0,"k":100,"ix":7},
              "sk": {"a":0,"k":0,"ix":4},
              "sa": {"a":0,"k":0,"ix":5},
              "nm":"Transform"
            }
          ],
          "nm":"Group 1","np":2,"cix":2,"bm":0,"ix":1,"mn":"ADBE Vector Group","hd":false
        },
        {
          "ty": "tm",
          "s": {"a":0,"k":0,"ix":1},
          "e": {"a":1,"k":[{"i":{"x":[0.667],"y":[1]},"o":{"x":[0.333],"y":[0]},"t":0,"s":[0]},{"t":57,"s":[100]}],"ix":2},
          "o": {"a":0,"k":0,"ix":3},
          "m":1,"ix":2,
          "nm":"Trim Paths 1","mn":"ADBE Vector Filter - Trim","hd":false
        },
        {
          "ty": "st",
          "c": {"a":0,"k":[0.65882,0.10588,0.83529,1],"ix":3},
          "o": {"a":1,"k":[{"i":{"x":[0.833],"y":[0.833]},"o":{"x":[0.167],"y":[0.167]},"t":57,"s":[100]},{"t":114,"s":[0]}],"ix":4},
          "w": {"a":0,"k":0.5,"ix":5},
          "lc":1,"lj":1,"ml":4,"bm":0,
          "nm":"Stroke 2","mn":"ADBE Vector Graphic - Stroke","hd":false
        }
      ],
      "ip":0,"op":184,"st":0,"bm":0
    },
    {
      "ddd": 0,
      "ind": 2,
      "ty": 4,
      "nm": "Isolation Mode Outlines",
      "sr": 1,
      "ks": {
        "o": {"a":0,"k":100,"ix":11},
        "r": {"a":0,"k":0,"ix":10},
        "p": {"a":0,"k":[46.999,49.286,0],"ix":2},
        "a": {"a":0,"k":[11.529,8.838,0],"ix":1},
        "s": {"a":0,"k":[390,390,100],"ix":6}
      },
      "ao": 0,
      "shapes": [
        {
          "ty": "gr",
          "it": [
            {
              "ind": 0,
              "ty": "sh",
              "ix": 1,
              "ks": {"a":0,"k":{"i":[[0,0],[0,0],[0,0],[3.628,0],[0.74,0.247],[0,0],[-0.74,0],[0,2.567]],"o":[[0,0],[0,0],[0,4.737],[-0.888,0],[0,0],[0.518,0.172],[1.58,0],[0,0]],"v":[[0.581,-8.453],[4.331,-8.453],[4.331,2.062],[-1.568,8.453],[-4.331,8.058],[-3.911,5.023],[-1.986,5.318],[0.581,2.036]],"c":true},"ix":2},
              "nm":"Path 1","mn":"ADBE Vector Shape - Group","hd":false
            },
            {
              "ty": "fl",
              "c": {"a":1,"k":[{"i":{"x":[0.667],"y":[1]},"o":{"x":[0.333],"y":[0]},"t":57,"s":[0]},{"t":114,"s":[100]}],"ix":5},
              "o": {"a":1,"k":[{"i":{"x":[0.667],"y":[1]},"o":{"x":[0.333],"y":[0]},"t":57,"s":[0]},{"t":114,"s":[100]}],"ix":5},
              "r":1,"bm":0,
              "nm":"Fill 1","mn":"ADBE Vector Graphic - Fill","hd":false
            },
            {
              "ty": "tr",
              "p": {"a":0,"k":[4.582,8.973],"ix":2},
              "a": {"a":0,"k":[0,0],"ix":1},
              "s": {"a":0,"k":[100,100],"ix":3},
              "r": {"a":0,"k":0,"ix":6},
              "o": {"a":0,"k":100,"ix":7},
              "sk": {"a":0,"k":0,"ix":4},
              "sa": {"a":0,"k":0,"ix":5},
              "nm":"Transform"
            }
          ],
          "nm":"Group 2","np":2,"cix":2,"bm":0,"ix":1,"mn":"ADBE Vector Group","hd":false
        },
        {
          "ty": "tm",
          "s": {"a":0,"k":0,"ix":1},
          "e": {"a":1,"k":[{"i":{"x":[0.667],"y":[1]},"o":{"x":[0.333],"y":[0]},"t":0,"s":[0]},{"t":57,"s":[100]}],"ix":2},
          "o": {"a":0,"k":0,"ix":3},
          "m":1,"ix":2,
          "nm":"Trim Paths 1","mn":"ADBE Vector Filter - Trim","hd":false
        },
        {
          "ty": "st",
          "c": {"a":0,"k":[0.65882,0.10588,0.83529,1],"ix":3},
          "o": {"a":1,"k":[{"i":{"x":[0.833],"y":[0.833]},"o":{"x":[0.167],"y":[0.167]},"t":57,"s":[100]},{"t":114,"s":[0]}],"ix":4},
          "w": {"a":0,"k":0.6,"ix":5},
          "lc":1,"lj":1,"ml":4,"bm":0,
          "nm":"Stroke 1","mn":"ADBE Vector Graphic - Stroke","hd":false
        }
      ],
      "ip":0,"op":184,"st":0,"bm":0
    }
  ],
  "markers": [
    {
      "tm": 0,
      "cm": "{\r\n\"name\":\"reveal\"\r\n}",
      "dr": 96
    },
    {
      "tm": 180,
      "cm": "{\r\n\"name\":\"loop_animation\"\r\n}",
      "dr": 270
    }
  ]
}