{
  "v": "5.5.8",
  "fr": 30,
  "ip": 0,
  "op": 61,
  "w": 48,
  "h": 48,
  "nm": "Kotlin",
  "ddd": 0,
  "assets": [],
  "layers": [
    {
      "ddd": 0,
      "ind": 2,
      "ty": 4,
      "nm": "Layer 1 Outlines 2",
      "sr": 1,
      "ks": {
        "o": {
          "a": 1,
          "k": [
            { "i": { "x": [0.667], "y": [1] }, "o": { "x": [0.333], "y": [0] }, "t": 20, "s": [0] },
            { "t": 40, "s": [100] }
          ],
          "ix": 11
        },
        "r": {
          "a": 1,
          "k": [
            { "i": { "x": [0.667], "y": [1] }, "o": { "x": [0.333], "y": [0] }, "t": 20, "s": [-134] },
            { "t": 40, "s": [0] }
          ],
          "ix": 10
        },
        "p": { "a": 0, "k": [18.14, 18.643, 0], "ix": 2 },
        "a": { "a": 0, "k": [18.39, 18.893, 0], "ix": 1 },
        "s": {
          "a": 1,
          "k": [
            { "i": { "x": [0.667, 0.667, 0.667], "y": [1, 1, 1] }, "o": { "x": [0.333, 0.333, 0.333], "y": [0, 0, 0] }, "t": 20, "s": [11, 11, 100] },
            { "t": 40, "s": [100, 100, 100] }
          ],
          "ix": 6
        }
      },
      "ao": 0,
      "shapes": [
        {
          "ty": "gr",
          "it": [
            {
              "ind": 0,
              "ty": "sh",
              "ix": 1,
              "ks": {
                "a": 0,
                "k": {
                  "i": [[0, 0], [0, 0], [0, 0]],
                  "o": [[0, 0], [0, 0], [0, 0]],
                  "v": [[-23.64, -23.628], [-23.64, 1.324], [0.106, -23.628]],
                  "c": true
                },
                "ix": 2
              },
              "nm": "Path 2",
              "mn": "ADBE Vector Shape - Group",
              "hd": false
            },
            { "ty": "mm", "mm": 1, "nm": "Merge Paths 1", "mn": "ADBE Vector Filter - Merge", "hd": false },
            {
              "ty": "fl",
              "c": { "a": 0, "k": [0.486, 0.227, 0.929, 1], "ix": 4 },
              "o": { "a": 0, "k": 100, "ix": 5 },
              "r": 1,
              "bm": 0,
              "nm": "Fill 1",
              "mn": "ADBE Vector Graphic - Fill",
              "hd": false
            },
            {
              "ty": "tr",
              "p": { "a": 0, "k": [23.89, 23.889], "ix": 2 },
              "a": { "a": 0, "k": [0, 0], "ix": 1 },
              "s": { "a": 0, "k": [100, 100], "ix": 3 },
              "r": { "a": 0, "k": 0, "ix": 6 },
              "o": { "a": 0, "k": 100, "ix": 7 },
              "sk": { "a": 0, "k": 0, "ix": 4 },
              "sa": { "a": 0, "k": 0, "ix": 5 },
              "nm": "Transform"
            }
          ],
          "nm": "Group 2",
          "np": 3,
          "cix": 2,
          "bm": 0,
          "ix": 1,
          "mn": "ADBE Vector Group",
          "hd": false
        }
      ],
      "ip": 20,
      "op": 81,
      "st": 20,
      "bm": 0
    },
    {
      "ddd": 0,
      "ind": 3,
      "ty": 4,
      "nm": "Layer 1 Outlines 3",
      "sr": 1,
      "ks": {
        "o": { "a": 0, "k": 100, "ix": 11 },
        "r": { "a": 0, "k": 0, "ix": 10 },
        "p": { "a": 0, "k": [23.64, 23.643, 0], "ix": 2 },
        "a": { "a": 0, "k": [23.89, 23.893, 0], "ix": 1 },
        "s": {
          "a": 1,
          "k": [
            { "i": { "x": [0.667, 0.667, 0.667], "y": [1, 1, 1] }, "o": { "x": [0.333, 0.333, 0.333], "y": [0, 0, 0] }, "t": 10, "s": [0, 0, 100] },
            { "t": 30, "s": [100, 100, 100] }
          ],
          "ix": 6
        }
      },
      "ao": 0,
      "shapes": [
        {
          "ty": "gr",
          "it": [
            {
              "ty": "fl",
              "c": { "a": 0, "k": [0.576, 0.2, 0.918, 1], "ix": 4 },
              "o": { "a": 0, "k": 100, "ix": 5 },
              "r": 1,
              "bm": 0,
              "nm": "Fill 1",
              "mn": "ADBE Vector Graphic - Fill",
              "hd": false
            },
            {
              "ty": "tr",
              "p": { "a": 0, "k": [24.947, 36.193], "ix": 2 },
              "a": { "a": 0, "k": [0, 0], "ix": 1 },
              "s": { "a": 0, "k": [100, 100], "ix": 3 },
              "r": { "a": 0, "k": 0, "ix": 6 },
              "o": { "a": 0, "k": 100, "ix": 7 },
              "sk": { "a": 0, "k": 0, "ix": 4 },
              "sa": { "a": 0, "k": 0, "ix": 5 },
              "nm": "Transform"
            }
          ],
          "nm": "Group 1",
          "np": 1,
          "cix": 2,
          "bm": 0,
          "ix": 1,
          "mn": "ADBE Vector Group",
          "hd": false
        },
        {
          "ty": "gr",
          "it": [
            {
              "ind": 0,
              "ty": "sh",
              "ix": 1,
              "ks": {
                "a": 0,
                "k": {
                  "i": [[0, 0], [0, 0], [0, 0], [0, 0]],
                  "o": [[0, 0], [0, 0], [0, 0], [0, 0]],
                  "v": [[23.64, -23.639], [1.86, -23.628], [-23.64, 3.361], [-23.64, 23.639]],
                  "c": true
                },
                "ix": 2
              },
              "nm": "Path 1",
              "mn": "ADBE Vector Shape - Group",
              "hd": false
            },
            { "ty": "mm", "mm": 1, "nm": "Merge Paths 1", "mn": "ADBE Vector Filter - Merge", "hd": false },
            {
              "ty": "fl",
              "c": { "a": 0, "k": [0.486, 0.227, 0.929, 1], "ix": 4 },
              "o": { "a": 0, "k": 100, "ix": 5 },
              "r": 1,
              "bm": 0,
              "nm": "Fill 1",
              "mn": "ADBE Vector Graphic - Fill",
              "hd": false
            },
            {
              "ty": "tr",
              "p": { "a": 0, "k": [23.89, 23.889], "ix": 2 },
              "a": { "a": 0, "k": [0, 0], "ix": 1 },
              "s": { "a": 0, "k": [100, 100], "ix": 3 },
              "r": { "a": 0, "k": 0, "ix": 6 },
              "o": { "a": 0, "k": 100, "ix": 7 },
              "sk": { "a": 0, "k": 0, "ix": 4 },
              "sa": { "a": 0, "k": 0, "ix": 5 },
              "nm": "Transform"
            }
          ],
          "nm": "Group 2",
          "np": 3,
          "cix": 2,
          "bm": 0,
          "ix": 2,
          "mn": "ADBE Vector Group",
          "hd": false
        }
      ],
      "ip": 10,
      "op": 71,
      "st": 10,
      "bm": 0
    },
    {
      "ddd": 0,
      "ind": 4,
      "ty": 4,
      "nm": "Layer 1 Outlines",
      "sr": 1,
      "ks": {
        "o": {
          "a": 1,
          "k": [
            { "i": { "x": [0.833], "y": [0.833] }, "o": { "x": [0.167], "y": [0.167] }, "t": 0, "s": [100] },
            { "t": 30, "s": [100] }
          ],
          "ix": 11
        },
        "r": { "a": 0, "k": 0, "ix": 10 },
        "p": { "a": 0, "k": [24.39, 46.643, 0], "ix": 2 },
        "a": { "a": 0, "k": [24.64, 46.893, 0], "ix": 1 },
        "s": {
          "a": 1,
          "k": [
            { "i": { "x": [0.667, 0.667, 0.667], "y": [1, 1, 1] }, "o": { "x": [0.333, 0.333, 0.333], "y": [0, 0, 0] }, "t": 0, "s": [0, 0, 100] },
            { "t": 20, "s": [100, 100, 100] }
          ],
          "ix": 6
        }
      },
      "ao": 0,
      "shapes": [
        {
          "ty": "gr",
          "it": [
            {
              "ind": 0,
              "ty": "sh",
              "ix": 1,
              "ks": {
                "a": 0,
                "k": {
                  "i": [[0, 0], [0, 0], [0, 0]],
                  "o": [[0, 0], [0, 0], [0, 0]],
                  "v": [[-22.583, 11.342], [22.583, 11.342], [0.058, -11.342]],
                  "c": true
                },
                "ix": 2
              },
              "nm": "Path 1",
              "mn": "ADBE Vector Shape - Group",
              "hd": false
            },
            {
              "ty": "fl",
              "c": { "a": 0, "k": [0.576, 0.2, 0.918, 1], "ix": 4 },
              "o": { "a": 0, "k": 100, "ix": 5 },
              "r": 1,
              "bm": 0,
              "nm": "Fill 1",
              "mn": "ADBE Vector Graphic - Fill",
              "hd": false
            },
            {
              "ty": "tr",
              "p": { "a": 0, "k": [24.947, 36.193], "ix": 2 },
              "a": { "a": 0, "k": [0, 0], "ix": 1 },
              "s": { "a": 0, "k": [100, 100], "ix": 3 },
              "r": { "a": 0, "k": 0, "ix": 6 },
              "o": { "a": 0, "k": 100, "ix": 7 },
              "sk": { "a": 0, "k": 0, "ix": 4 },
              "sa": { "a": 0, "k": 0, "ix": 5 },
              "nm": "Transform"
            }
          ],
          "nm": "Group 1",
          "np": 2,
          "cix": 2,
          "bm": 0,
          "ix": 1,
          "mn": "ADBE Vector Group",
          "hd": false
        }
      ],
      "ip": 0,
      "op": 61,
      "st": 0,
      "bm": 0
    }
  ],
  "markers": []
}