{
  "v": "5.5.8",
  "fr": 30,
  "ip": 0,
  "op": 76,
  "w": 95,
  "h": 95,
  "nm": "Litecoin",
  "ddd": 0,
  "assets": [],
  "layers": [
    {
      "ddd": 0,
      "ind": 1,
      "ty": 4,
      "nm": "Shape Layer 3",
      "sr": 1,
      "ks": {
        "o": {"a":0,"k":100,"ix":11},
        "r": {"a":0,"k":0,"ix":10},
        "p": {"a":0,"k":[47.5,47.5,0],"ix":2},
        "a": {"a":0,"k":[0,0,0],"ix":1},
        "s": {"a":0,"k":[100,100,100],"ix":6}
      },
      "ao": 0,
      "shapes": [
        {
          "ty": "gr",
          "it": [
            {
              "ind": 0,
              "ty": "sh",
              "ix": 1,
              "ks": {"a":0,"k":{"i":[[0,0],[0,0]],"o":[[0,0],[0,0]],"v":[[7.875,-2.625],[-6.25,1.625]],"c":false},"ix":2},
              "nm":"Path 1","mn":"ADBE Vector Shape - Group","hd":false
            },
            {
              "ty": "st",
              "c": {"a":0,"k":[0.65882,0.10588,0.83529,1],"ix":3},
              "o": {"a":0,"k":100,"ix":4},
              "w": {"a":0,"k":6,"ix":5},
              "lc":1,"lj":1,"ml":4,"bm":0,
              "nm":"Stroke 1","mn":"ADBE Vector Graphic - Stroke","hd":false
            },
            {
              "ty": "tr",
              "p": {"a":0,"k":[0,0],"ix":2},
              "a": {"a":0,"k":[0,0],"ix":1},
              "s": {"a":0,"k":[100,100],"ix":3},
              "r": {"a":0,"k":0,"ix":6},
              "o": {"a":0,"k":100,"ix":7},
              "sk": {"a":0,"k":0,"ix":4},
              "sa": {"a":0,"k":0,"ix":5},
              "nm":"Transform"
            }
          ],
          "nm":"Shape 1","np":3,"cix":2,"bm":0,"ix":1,"mn":"ADBE Vector Group","hd":false
        },
        {
          "ty": "tm",
          "s": {
            "a":1,
            "k":[{"i":{"x":[0.833],"y":[0.833]},"o":{"x":[0.167],"y":[0.167]},"t":27,"s":[100]},{"t":47,"s":[0]}],
            "ix":1
          },
          "e": {"a":0,"k":100,"ix":2},
          "o": {"a":0,"k":0,"ix":3},
          "m":1,"ix":2,
          "nm":"Trim Paths 1","mn":"ADBE Vector Filter - Trim","hd":false
        }
      ],
      "ip":27,"op":103,"st":27,"bm":0
    },
    {
      "ddd": 0,
      "ind": 2,
      "ty": 4,
      "nm": "Shape Layer 2",
      "sr": 1,
      "ks": {
        "o": {"a":0,"k":100,"ix":11},
        "r": {"a":0,"k":0,"ix":10},
        "p": {"a":0,"k":[47.5,47.5,0],"ix":2},
        "a": {"a":0,"k":[0,0,0],"ix":1},
        "s": {"a":0,"k":[100,100,100],"ix":6}
      },
      "ao": 0,
      "shapes": [
        {
          "ty": "gr",
          "it": [
            {
              "ind": 0,
              "ty": "sh",
              "ix": 1,
              "ks": {"a":0,"k":{"i":[[0,0],[0,0]],"o":[[0,0],[0,0]],"v":[[-4.625,1.125],[-20.625,6.125]],"c":false},"ix":2},
              "nm":"Path 1","mn":"ADBE Vector Shape - Group","hd":false
            },
            {
              "ty": "st",
              "c": {"a":0,"k":[0.65882,0.10588,0.83529,1],"ix":3},
              "o": {"a":0,"k":100,"ix":4},
              "w": {"a":0,"k":6,"ix":5},
              "lc":1,"lj":1,"ml":4,"bm":0,
              "nm":"Stroke 1","mn":"ADBE Vector Graphic - Stroke","hd":false
            },
            {
              "ty": "tr",
              "p": {"a":0,"k":[0,0],"ix":2},
              "a": {"a":0,"k":[0,0],"ix":1},
              "s": {"a":0,"k":[100,100],"ix":3},
              "r": {"a":0,"k":0,"ix":6},
              "o": {"a":0,"k":100,"ix":7},
              "sk": {"a":0,"k":0,"ix":4},
              "sa": {"a":0,"k":0,"ix":5},
              "nm":"Transform"
            }
          ],
          "nm":"Shape 1","np":3,"cix":2,"bm":0,"ix":1,"mn":"ADBE Vector Group","hd":false
        },
        {
          "ty": "tm",
          "s": {"a":0,"k":0,"ix":1},
          "e": {
            "a":1,
            "k":[{"i":{"x":[0.833],"y":[0.833]},"o":{"x":[0.167],"y":[0.167]},"t":27,"s":[0]},{"t":47,"s":[100]}],
            "ix":2
          },
          "o": {"a":0,"k":0,"ix":3},
          "m":1,"ix":2,
          "nm":"Trim Paths 1","mn":"ADBE Vector Filter - Trim","hd":false
        }
      ],
      "ip":27,"op":103,"st":27,"bm":0
    },
    {
      "ddd": 0,
      "ind": 3,
      "ty": 4,
      "nm": "Shape Layer 1",
      "sr": 1,
      "ks": {
        "o": {"a":0,"k":100,"ix":11},
        "r": {"a":0,"k":0,"ix":10},
        "p": {"a":0,"k":[46.387,48.248,0],"ix":2},
        "a": {"a":0,"k":[0,0,0],"ix":1},
        "s": {"a":0,"k":[100,100,100],"ix":6}
      },
      "ao": 0,
      "shapes": [
        {
          "ty": "gr",
          "it": [
            {
              "d": 1,
              "ty": "el",
              "s": {"a":0,"k":[87,87],"ix":2},
              "p": {"a":0,"k":[0,0],"ix":3},
              "nm":"Ellipse Path 1","mn":"ADBE Vector Shape - Ellipse","hd":false
            },
            {
              "ty": "st",
              "c": {"a":0,"k":[0.65882,0.10588,0.83529,1],"ix":3},
              "o": {"a":0,"k":100,"ix":4},
              "w": {"a":0,"k":5,"ix":5},
              "lc":1,"lj":1,"ml":4,"bm":0,
              "nm":"Stroke 1","mn":"ADBE Vector Graphic - Stroke","hd":false
            },
            {
              "ty": "tr",
              "p": {"a":0,"k":[1.25,-2],"ix":2},
              "a": {"a":0,"k":[0,0],"ix":1},
              "s": {"a":0,"k":[100,100],"ix":3},
              "r": {"a":0,"k":0,"ix":6},
              "o": {"a":0,"k":100,"ix":7},
              "sk": {"a":0,"k":0,"ix":4},
              "sa": {"a":0,"k":0,"ix":5},
              "nm":"Transform"
            }
          ],
          "nm":"Ellipse 1","np":3,"cix":2,"bm":0,"ix":1,"mn":"ADBE Vector Group","hd":false
        },
        {
          "ty": "tm",
          "s": {"a":0,"k":0,"ix":1},
          "e": {
            "a":1,
            "k":[{"i":{"x":[0.833],"y":[0.833]},"o":{"x":[0.167],"y":[0.167]},"t":0,"s":[0]},{"t":20,"s":[100]}],
            "ix":2
          },
          "o": {"a":0,"k":0,"ix":3},
          "m":1,"ix":2,
          "nm":"Trim Paths 1","mn":"ADBE Vector Filter - Trim","hd":false
        }
      ],
      "ip":0,"op":76,"st":0,"bm":0
    },
    {
      "ddd": 0,
      "ind": 4,
      "ty": 4,
      "nm": "Layer 3 Outlines 2",
      "sr": 1,
      "ks": {
        "o": {"a":0,"k":100,"ix":11},
        "r": {"a":0,"k":0,"ix":10},
        "p": {"a":0,"k":[43.012,46.998,0],"ix":2},
        "a": {"a":0,"k":[15.54,27.479,0],"ix":1},
        "s": {"a":0,"k":[113,113,100],"ix":6}
      },
      "ao": 0,
      "shapes": [
        {
          "ty": "gr",
          "it": [
            {
              "ind": 0,
              "ty": "sh",
              "ix": 1,
              "ks": {"a":0,"k":{"i":[[0,0],[0,0],[0.688,0],[0,0],[0,0],[0,0],[-0.689,0],[0,0],[0,-0.59],[0,0],[0,0],[0,0],[0,0],[0,-0.59]],"o":[[0,0],[-0.196,0.689],[0,0],[0,0],[0,0],[0.197,-0.689],[0,0],[0.59,0],[0,0],[0,0],[0,0],[0,0],[0.591,0],[0,0]],"v":[[19.383,18.695],[17.415,25.484],[15.94,26.566],[-18.694,26.566],[-11.413,2.262],[-3.247,-25.484],[-1.771,-26.566],[6.986,-26.566],[8.166,-25.484],[8.166,-25.09],[1.279,-1.673],[-4.428,17.217],[18.202,17.217],[19.383,18.301]],"c":true},"ix":2},
              "nm":"Path 1","mn":"ADBE Vector Shape - Group","hd":false
            },
            {
              "ty": "tr",
              "p": {"a":0,"k":[19.633,26.815],"ix":2},
              "a": {"a":0,"k":[0,0],"ix":1},
              "s": {"a":0,"k":[100,100],"ix":3},
              "r": {"a":0,"k":0,"ix":6},
              "o": {"a":0,"k":100,"ix":7},
              "sk": {"a":0,"k":0,"ix":4},
              "sa": {"a":0,"k":0,"ix":5},
              "nm":"Transform"
            }
          ],
          "nm":"Group 1","np":2,"cix":2,"bm":0,"ix":1,"mn":"ADBE Vector Group","hd":false
        },
        {
          "ty": "tm",
          "s": {
            "a":1,
            "k":[{"i":{"x":[0.833],"y":[0.833]},"o":{"x":[0.167],"y":[0.167]},"t":10,"s":[0]},{"t":30,"s":[100]}],
            "ix":1
          },
          "e": {
            "a":1,
            "k":[{"i":{"x":[0.833],"y":[0.833]},"o":{"x":[0.167],"y":[0.167]},"t":0,"s":[0]},{"t":30,"s":[100]}],
            "ix":2
          },
          "o": {"a":0,"k":0,"ix":3},
          "m":1,"ix":2,
          "nm":"Trim Paths 1","mn":"ADBE Vector Filter - Trim","hd":false
        },
        {
          "ty": "st",
          "c": {"a":0,"k":[0.65882,0.10588,0.83529,1],"ix":3},
          "o": {"a":0,"k":100,"ix":4},
          "w": {"a":0,"k":2,"ix":5},
          "lc":1,"lj":1,"ml":4,"bm":0,
          "nm":"Stroke 1","mn":"ADBE Vector Graphic - Stroke","hd":false
        }
      ],
      "ip":0,"op":77,"st":-29,"bm":0
    },
    {
      "ddd": 0,
      "ind": 5,
      "ty": 4,
      "nm": "Layer 3 Outlines",
      "sr": 1,
      "ks": {
        "o": {
          "a":1,
          "k":[{"i":{"x":[0.833],"y":[0.833]},"o":{"x":[0.167],"y":[0.167]},"t":10,"s":[12]},{"t":30,"s":[100]}],
          "ix":11
        },
        "r": {"a":0,"k":0,"ix":10},
        "p": {"a":0,"k":[43.012,46.998,0],"ix":2},
        "a": {"a":0,"k":[15.54,27.479,0],"ix":1},
        "s": {"a":0,"k":[113,113,100],"ix":6}
      },
      "ao": 0,
      "shapes": [
        {
          "ty": "gr",
          "it": [
            {
              "ind": 0,
              "ty": "sh",
              "ix": 1,
              "ks": {"a":0,"k":{"i":[[0,0],[0,0],[0.688,0],[0,0],[0,0],[0,0],[-0.689,0],[0,0],[0,-0.59],[0,0],[0,0],[0,0],[0,0],[0,-0.59]],"o":[[0,0],[-0.196,0.689],[0,0],[0,0],[0,0],[0.197,-0.689],[0,0],[0.59,0],[0,0],[0,0],[0,0],[0,0],[0.591,0],[0,0]],"v":[[19.383,18.695],[17.415,25.484],[15.94,26.566],[-18.694,26.566],[-11.413,2.262],[-3.247,-25.484],[-1.771,-26.566],[6.986,-26.566],[8.166,-25.484],[8.166,-25.09],[1.279,-1.673],[-4.428,17.217],[18.202,17.217],[19.383,18.301]],"c":true},"ix":2},
              "nm":"Path 1","mn":"ADBE Vector Shape - Group","hd":false
            },
            {
              "ty": "fl",
              "c": {"a":0,"k":[0.65882,0.10588,0.83529,1],"ix":4},
              "o": {"a":0,"k":100,"ix":5},
              "r":1,"bm":0,
              "nm":"Fill 1","mn":"ADBE Vector Graphic - Fill","hd":false
            },
            {
              "ty": "tr",
              "p": {"a":0,"k":[19.633,26.815],"ix":2},
              "a": {"a":0,"k":[0,0],"ix":1},
              "s": {"a":0,"k":[100,100],"ix":3},
              "r": {"a":0,"k":0,"ix":6},
              "o": {"a":0,"k":100,"ix":7},
              "sk": {"a":0,"k":0,"ix":4},
              "sa": {"a":0,"k":0,"ix":5},
              "nm":"Transform"
            }
          ],
          "nm":"Group 1","np":2,"cix":2,"bm":0,"ix":1,"mn":"ADBE Vector Group","hd":false
        }
      ],
      "ip":10,"op":86,"st":10,"bm":0
    }
  ],
  "markers": []
}