{
  "v": "5.5.8",
  "fr": 60,
  "ip": 0,
  "op": 341,
  "w": 95,
  "h": 95,
  "nm": "Comp 3",
  "ddd": 0,
  "assets": [],
  "layers": [
    {
      "ddd": 0,
      "ind": 1,
      "ty": 4,
      "nm": "Layer 1 Outlines",
      "parent": 2,
      "sr": 1,
      "ks": {
        "o": {
          "a": 0,
          "k": 100,
          "ix": 11
        },
        "r": {
          "a": 0,
          "k": 0,
          "ix": 10
        },
        "p": {
          "a": 0,
          "k": [6.635, 25.038, 0],
          "ix": 2
        },
        "a": {
          "a": 0,
          "k": [10.449, 43.516, 0],
          "ix": 1
        },
        "s": {
          "a": 0,
          "k": [59.712, 59.712, 100],
          "ix": 6
        }
      },
      "ao": 0,
      "shapes": [
        {
          "ty": "gr",
          "it": [
            {
              "ind": 0,
              "ty": "sh",
              "ix": 1,
              "ks": {
                "a": 0,
                "k": {
                  "i": [
                    [0, 0],
                    [0.584, 1.275],
                    [0.37, 0.899],
                    [0, 0],
                    [0.009, -0.032],
                    [0, 0],
                    [0, 0],
                    [0, 0],
                    [0, 0],
                    [0, 0],
                    [0, 0],
                    [0, 0],
                    [0, 0],
                    [0, 0],
                    [0, -0.007],
                    [0.002, -0.007],
                    [0, 0],
                    [0, 0],
                    [0, 0],
                    [0, 0],
                    [0, 0],
                    [0, 0],
                    [0, 0],
                    [0, 0],
                    [0, 0],
                    [0, 0],
                    [0, 0],
                    [0, 0],
                    [0, 0],
                    [0, 0],
                    [0, 0],
                    [0, 0],
                    [0, 0],
                    [0, 0],
                    [0, 0],
                    [0, 0],
                    [0, 0],
                    [0, 0],
                    [0, 0],
                    [0, 0],
                    [0, 0],
                    [0, 0],
                    [0, 0],
                    [0, 0],
                    [0, 0],
                    [0, 0],
                    [0, 0],
                    [0, 0],
                    [0, 0],
                    [0, 0],
                    [0, 0],
                    [0, 0],
                    [0, 0],
                    [0, 0],
                    [0, 0],
                    [0, 0],
                    [0, 0],
                    [0, 0],
                    [0, 0],
                    [0, 0],
                    [0, 0],
                    [0.026, -0.023],
                    [0.005, -0.008],
                    [0, 0],
                    [0, 0],
                    [0, 0],
                    [0, 0],
                    [0, 0],
                    [0, 0],
                    [0, 0],
                    [0, 0],
                    [0, 0],
                    [0, 0],
                    [0, 0],
                    [0, 0],
                    [0, 0],
                    [0, 0],
                    [0, 0],
                    [0, 0],
                    [0, 0],
                    [0, 0],
                    [0, 0],
                    [0, 0],
                    [0, 0],
                    [0, 0],
                    [0, 0],
                    [0, 0],
                    [0, 0],
                    [0, 0],
                    [0, 0],
                    [0, 0],
                    [0, 0],
                    [0, 0],
                    [0.009, -0.009],
                    [0, 0],
                    [0.022, -0.02],
                    [0.013, -0.012],
                    [0, 0],
                    [0, 0],
                    [0.125, -0.108],
                    [0.419, -0.419],
                    [0, 0],
                    [0.168, -6.393],
                    [0, 0],
                    [0, -0.332],
                    [-0.024, -0.396],
                    [0, 0],
                    [0, 0],
                    [-1.509, -2.587],
                    [0, 0],
                    [-0.609, -0.795],
                    [0, 0],
                    [-1.691, -1.291],
                    [0, 0],
                    [0, -1.67],
                    [0.003, -0.136],
                    [0, 0],
                    [0, 0],
                    [0, 0.648],
                    [-0.122, 0.938],
                    [0, 0],
                    [-0.299, 0.335],
                    [0, 0],
                    [-0.451, 0.414],
                    [0, 0],
                    [-0.029, 0.033],
                    [0, 5.992],
                    [0.286, 1.377],
                    [0, 0]
                  ],
                  "o": [
                    [-2.304, -10.139],
                    [-0.478, -0.744],
                    [0, 0],
                    [0, 0.035],
                    [0, 0],
                    [0, 0],
                    [0, 0],
                    [0, 0],
                    [0, 0],
                    [0, 0],
                    [0, 0],
                    [0, 0],
                    [0, 0],
                    [0, 0.006],
                    [0, 0.008],
                    [0, 0],
                    [0, 0],
                    [0, 0],
                    [0, 0],
                    [0, 0],
                    [0, 0],
                    [0, 0],
                    [0, 0],
                    [0, 0],
                    [0, 0],
                    [0, 0],
                    [0, 0],
                    [0, 0],
                    [0, 0],
                    [0, 0],
                    [0, 0],
                    [0, 0],
                    [0, 0],
                    [0, 0],
                    [0, 0],
                    [0, 0],
                    [0, 0],
                    [0, 0],
                    [0, 0],
                    [0, 0],
                    [0, 0],
                    [0, 0],
                    [0, 0],
                    [0, 0],
                    [0, 0],
                    [0, 0],
                    [0, 0],
                    [0, 0],
                    [0, 0],
                    [0, 0],
                    [0, 0],
                    [0, 0],
                    [0, 0],
                    [0, 0],
                    [0, 0],
                    [0, 0],
                    [0, 0],
                    [0, 0],
                    [0, 0],
                    [0, 0],
                    [-0.035, 0.017],
                    [-0.005, 0.006],
                    [-0.006, 0.007],
                    [0, 0],
                    [0, 0],
                    [0, 0],
                    [0, 0],
                    [0, 0],
                    [0, 0],
                    [0, 0],
                    [0, 0],
                    [0, 0],
                    [0, 0],
                    [0, 0],
                    [0, 0],
                    [0, 0],
                    [0, 0],
                    [0, 0],
                    [0, 0],
                    [0, 0],
                    [0, 0],
                    [0, 0],
                    [0, 0],
                    [0, 0],
                    [0, 0],
                    [0, 0],
                    [0, 0],
                    [0, 0],
                    [0, 0],
                    [0, 0],
                    [0, 0],
                    [0, 0],
                    [-0.007, 0.011],
                    [0, 0],
                    [-0.025, 0.018],
                    [-0.014, 0.012],
                    [0, 0],
                    [0, 0],
                    [-0.104, 0.085],
                    [-0.308, 0.269],
                    [0, 0],
                    [-4.074, 4.329],
                    [0, 0],
                    [-0.014, 0.283],
                    [0, 0.401],
                    [0, 0],
                    [0, 0],
                    [0.205, 3.218],
                    [0, 0],
                    [0.562, 0.986],
                    [0, 0],
                    [1.325, 1.756],
                    [0, 0],
                    [0.465, 1.397],
                    [0, 0.139],
                    [0, 0],
                    [0, 0],
                    [-0.049, -0.552],
                    [0, -0.971],
                    [0, 0],
                    [0.118, -0.469],
                    [0, 0],
                    [0.543, -0.389],
                    [0, 0],
                    [0.034, -0.034],
                    [4.061, -3.81],
                    [0, -1.46],
                    [0, 0],
                    [0, 0]
                  ],
                  "v": [
                    [9.307, -4.472],
                    [0.988, -19.217],
                    [-0.309, -21.719],
                    [-0.349, -21.828],
                    [-0.358, -21.739],
                    [-0.358, -21.715],
                    [-0.358, -21.644],
                    [-0.358, -21.617],
                    [-0.358, -21.569],
                    [-0.358, -21.522],
                    [-0.358, -21.5],
                    [-0.358, -21.476],
                    [-0.358, -21.478],
                    [-0.358, -21.44],
                    [-0.356, -21.42],
                    [-0.358, -21.4],
                    [-0.358, -21.363],
                    [-0.358, -21.305],
                    [-0.374, -21.214],
                    [-0.374, -21.195],
                    [-0.374, -21.184],
                    [-0.374, -21.174],
                    [-0.374, -21.098],
                    [-0.383, -21.098],
                    [-0.383, -21.07],
                    [-0.449, -21.07],
                    [-0.449, -20.966],
                    [-0.46, -20.966],
                    [-0.46, -20.882],
                    [-0.504, -20.882],
                    [-0.504, -20.812],
                    [-0.504, -20.807],
                    [-0.504, -20.802],
                    [-0.504, -20.783],
                    [-0.504, -20.774],
                    [-0.504, -20.765],
                    [-0.546, -20.734],
                    [-0.555, -20.721],
                    [-0.555, -20.681],
                    [-0.564, -20.681],
                    [-0.564, -20.648],
                    [-0.575, -20.648],
                    [-0.575, -20.566],
                    [-0.586, -20.566],
                    [-0.586, -20.532],
                    [-0.595, -20.532],
                    [-0.595, -20.499],
                    [-0.604, -20.499],
                    [-0.604, -20.459],
                    [-0.686, -20.459],
                    [-0.686, -20.431],
                    [-0.695, -20.431],
                    [-0.695, -20.397],
                    [-0.704, -20.397],
                    [-0.704, -20.369],
                    [-0.715, -20.369],
                    [-0.715, -20.327],
                    [-0.724, -20.327],
                    [-0.724, -20.316],
                    [-0.724, -20.311],
                    [-0.724, -20.304],
                    [-0.814, -20.242],
                    [-0.83, -20.223],
                    [-0.83, -20.223],
                    [-0.83, -20.118],
                    [-0.839, -20.118],
                    [-0.839, -20.132],
                    [-0.848, -20.132],
                    [-0.848, -20.114],
                    [-0.858, -20.114],
                    [-0.858, -20.099],
                    [-0.867, -20.099],
                    [-0.867, -20.059],
                    [-0.978, -20.059],
                    [-0.978, -20.041],
                    [-0.996, -20.041],
                    [-0.996, -20.005],
                    [-1.051, -20.005],
                    [-1.051, -19.986],
                    [-1.06, -19.986],
                    [-1.06, -19.975],
                    [-1.078, -19.975],
                    [-1.078, -19.957],
                    [-1.133, -19.957],
                    [-1.133, -19.946],
                    [-1.142, -19.946],
                    [-1.142, -19.841],
                    [-1.153, -19.841],
                    [-1.153, -19.822],
                    [-1.162, -19.822],
                    [-1.162, -19.811],
                    [-1.171, -19.811],
                    [-1.171, -19.8],
                    [-1.197, -19.771],
                    [-1.219, -19.753],
                    [-1.29, -19.695],
                    [-1.33, -19.663],
                    [-1.419, -19.593],
                    [-1.554, -19.479],
                    [-1.893, -19.189],
                    [-2.987, -18.154],
                    [-3.015, -18.126],
                    [-9.815, -1.607],
                    [-9.815, -1.575],
                    [-9.839, -0.63],
                    [-9.802, 0.567],
                    [-9.804, 0.512],
                    [-9.804, 0.528],
                    [-7.149, 9.295],
                    [-7.2, 9.2],
                    [-5.471, 11.818],
                    [-5.511, 11.763],
                    [-0.984, 16.327],
                    [-0.927, 16.369],
                    [-0.192, 21.042],
                    [-0.197, 21.456],
                    [-0.197, 21.437],
                    [0.977, 21.828],
                    [0.898, 19.986],
                    [1.084, 17.12],
                    [1.074, 17.232],
                    [1.711, 16.021],
                    [1.71, 16.025],
                    [3.18, 14.837],
                    [3.168, 14.848],
                    [3.249, 14.749],
                    [9.839, -0.453],
                    [9.404, -4.715],
                    [9.427, -4.579]
                  ],
                  "c": true
                },
                "ix": 2
              },
              "nm": "Path 1",
              "mn": "ADBE Vector Shape - Group",
              "hd": false
            },
            {
              "ty": "fl",
              "c": {
                "a": 0,
                "k": [0.470999983245, 0.808000033509, 0.8, 1],
                "ix": 4
              },
              "o": {
                "a": 0,
                "k": 100,
                "ix": 5
              },
              "r": 1,
              "bm": 0,
              "nm": "Fill 1",
              "mn": "ADBE Vector Graphic - Fill",
              "hd": false
            },
            {
              "ty": "tr",
              "p": {
                "a": 0,
                "k": [10.089, 22.078],
                "ix": 2
              },
              "a": {
                "a": 0,
                "k": [0, 0],
                "ix": 1
              },
              "s": {
                "a": 0,
                "k": [100, 100],
                "ix": 3
              },
              "r": {
                "a": 0,
                "k": 0,
                "ix": 6
              },
              "o": {
                "a": 0,
                "k": 100,
                "ix": 7
              },
              "sk": {
                "a": 0,
                "k": 0,
                "ix": 4
              },
              "sa": {
                "a": 0,
                "k": 0,
                "ix": 5
              },
              "nm": "Transform"
            }
          ],
          "nm": "Group 1",
          "np": 2,
          "cix": 2,
          "bm": 0,
          "ix": 1,
          "mn": "ADBE Vector Group",
          "hd": false
        }
      ],
      "ip": 0,
      "op": 341,
      "st": 0,
      "bm": 0
    },
    {
      "ddd": 0,
      "ind": 2,
      "ty": 3,
      "nm": "Leaf",
      "sr": 1,
      "ks": {
        "o": {
          "a": 0,
          "k": 100,
          "ix": 11
        },
        "r": {
          "a": 1,
          "k": [
            {
              "i": {
                "x": [0.541],
                "y": [0.992]
              },
              "o": {
                "x": [0.194],
                "y": [0]
              },
              "t": 20.02,
              "s": [0]
            },
            {
              "i": {
                "x": [0.667],
                "y": [1]
              },
              "o": {
                "x": [0.541],
                "y": [-0.018]
              },
              "t": 50.049,
              "s": [-11]
            },
            {
              "i": {
                "x": [0.667],
                "y": [1]
              },
              "o": {
                "x": [0.2],
                "y": [-0.003]
              },
              "t": 120.12,
              "s": [13]
            },
            {
              "i": {
                "x": [0.423],
                "y": [0.95]
              },
              "o": {
                "x": [0.157],
                "y": [0]
              },
              "t": 176.176,
              "s": [-11]
            },
            {
              "t": 340.340381397022,
              "s": [0]
            }
          ],
          "ix": 10
        },
        "p": {
          "s": true,
          "x": {
            "a": 1,
            "k": [
              {
                "i": {
                  "x": [0.833],
                  "y": [1]
                },
                "o": {
                  "x": [0.167],
                  "y": [0]
                },
                "t": 0.001,
                "s": [45.958]
              },
              {
                "i": {
                  "x": [0.833],
                  "y": [1]
                },
                "o": {
                  "x": [0.167],
                  "y": [0]
                },
                "t": 50.049,
                "s": [45.958]
              },
              {
                "t": 118.117725147022,
                "s": [45.958]
              }
            ],
            "ix": 3
          },
          "y": {
            "a": 1,
            "k": [
              {
                "i": {
                  "x": [0.833],
                  "y": [1]
                },
                "o": {
                  "x": [0.167],
                  "y": [0]
                },
                "t": 0.001,
                "s": [79.715]
              },
              {
                "i": {
                  "x": [0.833],
                  "y": [1]
                },
                "o": {
                  "x": [0.167],
                  "y": [0]
                },
                "t": 50.049,
                "s": [79.715]
              },
              {
                "t": 118.117725147022,
                "s": [79.715]
              }
            ],
            "ix": 4
          }
        },
        "a": {
          "a": 0,
          "k": [6.26, 21.25, 0],
          "ix": 1
        },
        "s": {
          "a": 1,
          "k": [
            {
              "i": {
                "x": [0.833, 0.833, 0.833],
                "y": [1, 1, 1]
              },
              "o": {
                "x": [0.167, 0.167, 0.167],
                "y": [0, 0, 0]
              },
              "t": 50.049,
              "s": [351.67, 351.67, 100]
            },
            {
              "t": 118.117725147022,
              "s": [351.67, 351.67, 100]
            }
          ],
          "ix": 6
        }
      },
      "ao": 0,
      "ip": 0,
      "op": 341,
      "st": 22.022022022022,
      "bm": 0
    }
  ],
  "markers": []
}
