{
  "v": "5.5.8",
  "fr": 60,
  "ip": 0,
  "op": 121,
  "w": 95,
  "h": 95,
  "nm": "f",
  "ddd": 0,
  "assets": [
    {
      "id": "comp_0",
      "layers": [
        {
          "ddd": 0,
          "ind": 1,
          "ty": 4,
          "nm": "Layer 1 Outlines 2",
          "parent": 2,
          "sr": 1,
          "ks": {
            "o": {"a":0,"k":100,"ix":11},
            "r": {"a":0,"k":0,"ix":10},
            "p": {"a":0,"k":[7.568,7.05,0],"ix":2},
            "a": {"a":0,"k":[7.568,7.05,0],"ix":1},
            "s": {
              "a":1,
              "k":[
                {"i":{"x":[0.833,0.833,0.833],"y":[0.833,0.833,0.833]},"o":{"x":[0.167,0.167,0.167],"y":[0.167,0.167,0.167]},"t":48.048,"s":[100,100,100]},
                {"i":{"x":[0.833,0.833,0.833],"y":[0.833,0.833,0.833]},"o":{"x":[0.167,0.167,0.167],"y":[0.167,0.167,0.167]},"t":58.058,"s":[0,0,100]},
                {"t":68.0680680680681,"s":[100,100,100]}
              ],
              "ix":6
            }
          },
          "ao": 0,
          "shapes": [
            {
              "ty": "gr",
              "it": [
                {
                  "ind": 0,
                  "ty": "sh",
                  "ix": 1,
                  "ks": {
                    "a": 0,
                    "k": {
                      "i": [
                        [-0.321, 0],
                        [-0.141, -0.201],
                        [-0.1, -0.12],
                        [0.225, -0.189],
                        [0, 0],
                        [0, 0],
                        [0.141, 0.322],
                        [0.161, 0.23],
                        [0, 0],
                        [0, 0],
                        [0, 0]
                      ],
                      "o": [
                        [0.181, 0.161],
                        [0.101, 0.141],
                        [0, 0.453],
                        [0, 0],
                        [0, 0],
                        [-0.14, -0.322],
                        [-0.16, -0.225],
                        [0, 0],
                        [0, 0],
                        [0, 0],
                        [0.262, -0.061]
                      ],
                      "v": [
                        [0.021, -0.965],
                        [0.583, -0.503],
                        [0.805, -0.102],
                        [0.482, 0.846],
                        [0.402, 0.904],
                        [0.342, 0.965],
                        [-0.1, -0.001],
                        [-0.635, -0.643],
                        [-0.745, -0.824],
                        [-0.805, -0.824],
                        [-0.805, -0.865]
                      ],
                      "c": true
                    },
                    "ix": 2
                  },
                  "nm": "Path 1",
                  "mn": "ADBE Vector Shape - Group",
                  "hd": false
                },
                {
                  "ty": "fl",
                  "c": {"a":0,"k":[0.65882,0.10588,0.83529,1],"ix":4},
                  "o": {"a":0,"k":100,"ix":5},
                  "r":1,"bm":0,
                  "nm":"Fill 1","mn":"ADBE Vector Graphic - Fill","hd":false
                },
                {
                  "ty": "tr",
                  "p": {"a":0,"k":[7.37,7.25],"ix":2},
                  "a": {"a":0,"k":[0,0],"ix":1},
                  "s": {"a":0,"k":[100,100],"ix":3},
                  "r": {"a":0,"k":0,"ix":6},
                  "o": {"a":0,"k":100,"ix":7},
                  "sk": {"a":0,"k":0,"ix":4},
                  "sa": {"a":0,"k":0,"ix":5},
                  "nm":"Transform"
                }
              ],
              "nm":"Group 1","np":2,"cix":2,"bm":0,"ix":1,"mn":"ADBE Vector Group","hd":false
            }
          ],
          "ip":0,
          "op":122.122122122122,
          "st":0,
          "bm":0
        },
        {
          "ddd": 0,
          "ind": 2,
          "ty": 4,
          "nm": "Layer 1 Outlines",
          "sr": 1,
          "ks": {
            "o": {"a":0,"k":100,"ix":11},
            "r": {
              "a":1,
              "k":[
                {"i":{"x":[0.833],"y":[0.833]},"o":{"x":[0.167],"y":[0.167]},"t":0,"s":[-37]},
                {"i":{"x":[0.833],"y":[0.833]},"o":{"x":[0.167],"y":[0.167]},"t":35.711,"s":[-12]},
                {"i":{"x":[0.833],"y":[0.833]},"o":{"x":[0.167],"y":[0.167]},"t":68.176,"s":[-65]},
                {"t":97.3948948948949,"s":[-96]}
              ],
              "ix":10
            },
            "p": {
              "a":1,
              "k":[
                {"i":{"x":0.833,"y":0.833},"o":{"x":0.167,"y":0.167},"t":0,"s":[554.332,373.709,0],"to":[-50.5,-99,0],"ti":[59.804,48.864,0]},
                {"i":{"x":0.833,"y":0.833},"o":{"x":0.167,"y":0.167},"t":35.711,"s":[442.332,213.709,0],"to":[-45.326,-37.034,0],"ti":[34.797,-5.013,0]},
                {"i":{"x":0.833,"y":0.833},"o":{"x":0.167,"y":0.167},"t":68.176,"s":[278.332,181.709,0],"to":[-84.962,12.239,0],"ti":[25.5,-46,0]},
                {"i":{"x":0.833,"y":0.833},"o":{"x":0.167,"y":0.167},"t":97.395,"s":[97.332,310.709,0],"to":[-4.707,8.491,0],"ti":[17.333,-38.5,0]},
                {"t":120.12012012012,"s":[42.332,424.709,0]}
              ],
              "ix":2
            },
            "a": {"a":0,"k":[15.244,15.285,0],"ix":1},
            "s": {"a":0,"k":[518,518,100],"ix":6}
          },
          "ao": 0,
          "shapes": [
            {
              "ty": "gr",
              "it": [
                {
                  "ind": 0,
                  "ty": "sh",
                  "ix": 1,
                  "ks": {
                    "a": 0,
                    "k": {
                      "i": [
                        [-1.146, -0.724],
                        [-0.302, -0.121],
                        [-0.503, -0.041],
                        [-0.743, -0.422],
                        [-2.092, -3.419],
                        [-0.341, -0.784],
                        [-0.584, -1.126],
                        [-0.362, -0.442],
                        [-0.221, -0.101],
                        [-0.643, -0.423],
                        [-1.025, -0.885],
                        [-0.285, -0.338],
                        [0, 0],
                        [0, 0],
                        [0, 0],
                        [0.683, -0.181],
                        [0.444, -0.061],
                        [-0.02, -0.02],
                        [-0.624, -0.442],
                        [-0.549, -0.663],
                        [0, 0],
                        [0, 0],
                        [-0.087, -0.166],
                        [0, 0],
                        [0, 0],
                        [0.201, 0.161],
                        [0.462, 0.281],
                        [0.803, 0.482],
                        [0.403, 0.322],
                        [0.26, 0.403],
                        [0.162, 0.161],
                        [-0.302, 0.121],
                        [-1.608, -0.04],
                        [0.321, 0.221],
                        [0.704, 0.402],
                        [0.382, 0.16],
                        [0.322, 0.423],
                        [0.401, 0.966],
                        [0.422, 0.986],
                        [0.241, 0.462],
                        [2.655, 1.669],
                        [1.065, 0.322],
                        [0.569, 0.071],
                        [0, 0],
                        [0, 0],
                        [0.302, 0.201],
                        [0.725, 0.322],
                        [0.262, -0.201],
                        [0.061, -0.161],
                        [-0.101, -0.221],
                        [-0.382, -0.543],
                        [-0.261, -0.543],
                        [-0.483, -1.126],
                        [-0.283, -0.362],
                        [-0.12, -0.382],
                        [0.141, -0.422],
                        [-0.584, -1.428],
                        [-0.643, -0.162],
                        [-0.081, 0.041],
                        [-0.362, 0.865],
                        [-0.302, 0.463],
                        [-0.101, -0.241],
                        [-0.322, -0.624],
                        [-0.824, -1.127],
                        [-0.363, -0.362],
                        [-0.113, -0.118],
                        [0, 0],
                        [0, 0],
                        [0, 0],
                        [0.463, 0.362],
                        [0.603, 0.986],
                        [0.182, 0.368],
                        [0, 0],
                        [0, 0],
                        [0.06, -0.221],
                        [0.904, -0.382],
                        [0.322, 0.502],
                        [-0.704, 2.273],
                        [-0.282, 0.402],
                        [0.161, 0.221],
                        [0.221, 0.422],
                        [0.342, 0.906],
                        [0.161, 0.343],
                        [0.343, 0.463],
                        [-0.543, 1.307]
                      ],
                      "o": [
                        [0.302, 0.181],
                        [0.503, 0.04],
                        [0.945, 0.221],
                        [3.479, 2.031],
                        [0.421, 0.724],
                        [0.502, 1.167],
                        [0.281, 0.523],
                        [0.161, 0.201],
                        [0.685, 0.342],
                        [1.147, 0.724],
                        [0.345, 0.275],
                        [0, 0],
                        [0, 0],
                        [0, 0],
                        [-0.704, 0.181],
                        [-0.403, 0.101],
                        [0, 0.02],
                        [0.262, 0.725],
                        [0.698, 0.501],
                        [0, 0],
                        [0, 0],
                        [0.096, 0.161],
                        [0, 0],
                        [0, 0],
                        [-0.261, -0.101],
                        [-0.442, -0.322],
                        [-0.744, -0.483],
                        [-0.443, -0.282],
                        [-0.382, -0.282],
                        [-0.121, -0.221],
                        [0.061, -0.382],
                        [1.066, -0.462],
                        [-0.04, -0.422],
                        [-0.664, -0.462],
                        [-0.362, -0.222],
                        [-0.543, -0.222],
                        [-0.583, -0.784],
                        [-0.423, -0.945],
                        [-0.202, -0.482],
                        [-1.489, -2.836],
                        [-0.865, -0.564],
                        [-0.518, -0.156],
                        [0, 0],
                        [0, 0],
                        [-0.362, -0.101],
                        [-0.624, -0.422],
                        [-0.281, -0.101],
                        [-0.161, 0.06],
                        [-0.141, 0.241],
                        [0.301, 0.644],
                        [0.343, 0.463],
                        [0.523, 1.126],
                        [0.202, 0.422],
                        [0.221, 0.302],
                        [0.262, 0.402],
                        [-0.523, 1.65],
                        [0.241, 0.563],
                        [0.04, -0.04],
                        [0.12, -1.086],
                        [0.241, -0.543],
                        [0.221, 0.141],
                        [0.261, 0.624],
                        [0.684, 1.287],
                        [0.302, 0.401],
                        [0.112, 0.113],
                        [0, 0],
                        [0, 0],
                        [0, 0],
                        [-0.624, -0.201],
                        [-0.925, -0.684],
                        [-0.189, -0.362],
                        [0, 0],
                        [0, 0],
                        [-0.121, 0.161],
                        [-0.262, 1.026],
                        [-1.046, 0.422],
                        [-1.046, -1.69],
                        [0.161, -0.502],
                        [-0.041, -0.362],
                        [-0.282, -0.382],
                        [-0.423, -0.825],
                        [-0.141, -0.362],
                        [-0.241, -0.523],
                        [-0.483, -0.664],
                        [0.844, -2.092]
                      ],
                      "v": [
                        [-9.503, -12.722],
                        [-8.579, -12.038],
                        [-7.07, -11.937],
                        [-4.495, -11.113],
                        [3.31, -3.591],
                        [4.314, -1.298],
                        [5.965, 2.202],
                        [6.788, 3.751],
                        [7.573, 4.113],
                        [9.685, 5.139],
                        [12.984, 7.613],
                        [13.84, 8.636],
                        [13.99, 8.799],
                        [13.99, 8.981],
                        [13.023, 9.262],
                        [11.012, 9.584],
                        [9.644, 9.906],
                        [9.685, 9.946],
                        [11.978, 11.736],
                        [13.889, 13.496],
                        [14.09, 13.748],
                        [14.693, 14.351],
                        [14.922, 14.878],
                        [14.995, 14.995],
                        [14.995, 15.035],
                        [14.372, 14.532],
                        [13.023, 13.567],
                        [10.59, 12.34],
                        [9.323, 11.414],
                        [8.258, 10.187],
                        [7.935, 9.544],
                        [8.76, 9.041],
                        [12.661, 8.477],
                        [11.295, 7.331],
                        [9.262, 5.964],
                        [7.895, 5.401],
                        [5.823, 4.535],
                        [4.415, 1.82],
                        [3.027, -1.117],
                        [2.484, -2.484],
                        [-3.812, -9.363],
                        [-6.708, -10.751],
                        [-8.4, -10.925],
                        [-8.68, -10.972],
                        [-9.081, -10.972],
                        [-10.047, -11.656],
                        [-12.019, -12.682],
                        [-13.305, -12.863],
                        [-13.587, -12.581],
                        [-13.486, -11.757],
                        [-12.381, -10.188],
                        [-11.374, -8.639],
                        [-10.148, -5.139],
                        [-9.402, -3.872],
                        [-8.68, -2.947],
                        [-9.182, -0.795],
                        [-9.001, 4.576],
                        [-7.895, 5.964],
                        [-7.794, 5.903],
                        [-7.251, 2.886],
                        [-6.286, 1.498],
                        [-5.964, 2.242],
                        [-5.099, 4.174],
                        [-2.847, 7.835],
                        [-1.78, 9.041],
                        [-1.416, 9.345],
                        [-1.338, 9.443],
                        [-1.277, 9.443],
                        [-1.277, 9.483],
                        [-2.745, 8.297],
                        [-5.36, 5.581],
                        [-5.918, 4.489],
                        [-6.185, 3.932],
                        [-6.185, 3.892],
                        [-6.326, 4.435],
                        [-7.291, 6.969],
                        [-9.402, 5.783],
                        [-10.007, -0.976],
                        [-9.544, -2.484],
                        [-10.047, -3.168],
                        [-10.79, -4.415],
                        [-11.837, -7.131],
                        [-12.159, -8.177],
                        [-13.165, -9.685],
                        [-14.452, -12.943]
                      ],
                      "c": true
                    },
                    "ix": 2
                  },
                  "nm": "Path 1",
                  "mn": "ADBE Vector Shape - Group",
                  "hd": false
                },
                {
                  "ty": "fl",
                  "c": {"a":0,"k":[0.65882,0.10588,0.83529,1],"ix":4},
                  "o": {"a":0,"k":100,"ix":5},
                  "r":1,"bm":0,
                  "nm":"Fill 1","mn":"ADBE Vector Graphic - Fill","hd":false
                },
                {
                  "ty": "tr",
                  "p": {"a":0,"k":[15.244,15.285],"ix":2},
                  "a": {"a":0,"k":[0,0],"ix":1},
                  "s": {"a":0,"k":[100,100],"ix":3},
                  "r": {"a":0,"k":0,"ix":6},
                  "o": {"a":0,"k":100,"ix":7},
                  "sk": {"a":0,"k":0,"ix":4},
                  "sa": {"a":0,"k":0,"ix":5},
                  "nm":"Transform"
                }
              ],
              "nm":"Group 2","np":2,"cix":2,"bm":0,"ix":1,"mn":"ADBE Vector Group","hd":false
            }
          ],
          "ip":0,
          "op":122.122122122122,
          "st":0,
          "bm":0
        }
      ]
    },
    {
      "id": "comp_1",
      "layers": []
    }
  ],
  "layers": [
    {
      "ddd": 0,
      "ind": 1,
      "ty": 0,
      "nm": "dolphin moving",
      "parent": 2,
      "refId": "comp_0",
      "sr": 1.13999998569489,
      "ks": {
        "o": {"a":0,"k":100,"ix":11},
        "r": {"a":0,"k":0,"ix":10},
        "p": {"a":0,"k":[29.25,-17.583,0],"ix":2},
        "a": {"a":0,"k":[300,200,0],"ix":1},
        "s": {"a":0,"k":[19,19,100],"ix":6}
      },
      "ao": 0,
      "hasMask": true,
      "masksProperties": [
        {
          "inv": false,
          "mode": "a",
          "pt": {
            "a": 0,
            "k": {
              "i": [
                [0, 0],
                [0, 0],
                [0, 0],
                [0, 0]
              ],
              "o": [
                [0, 0],
                [0, 0],
                [0, 0],
                [0, 0]
              ],
              "v": [
                [0, 0],
                [-1, 264],
                [599, 264],
                [600, 0]
              ],
              "c": true
            },
            "ix": 1
          },
          "o": {"a":0,"k":100,"ix":3},
          "x": {"a":0,"k":0,"ix":4},
          "nm": "Mask 1"
        }
      ],
      "w": 600,
      "h": 400,
      "ip": 0,
      "op": 120.976939201355,
      "st": -15.9599997997284,
      "bm": 0
    },
    {
      "ddd": 0,
      "ind": 2,
      "ty": 3,
      "nm": "Null 8",
      "sr": 1,
      "ks": {
        "o": {"a":0,"k":0,"ix":11},
        "r": {"a":0,"k":0,"ix":10},
        "p": {"a":0,"k":[32.5,48.5,0],"ix":2},
        "a": {"a":0,"k":[0,0,0],"ix":1},
        "s": {"a":0,"k":[114,114,100],"ix":6}
      },
      "ao": 0,
      "ip": 0,
      "op": 121,
      "st": 0,
      "bm": 0
    },
    {
      "ddd": 0,
      "ind": 3,
      "ty": 4,
      "nm": "Layer 2 Outlines",
      "parent": 2,
      "sr": 1,
      "ks": {
        "o": {"a":0,"k":100,"ix":11},
        "r": {"a":0,"k":0,"ix":10},
        "p": {"a":0,"k":[-17.3,0.583,0],"ix":2},
        "a": {"a":0,"k":[9.352,6.686,0],"ix":1},
        "s": {"a":0,"k":[100,100,100],"ix":6}
      },
      "ao": 0,
      "shapes": [
        {
          "ty": "gr",
          "it": [
            {
              "ind": 0,
              "ty": "sh",
              "ix": 1,
              "ks": {
                "a": 0,
                "k": {
                  "i": [
                    [-1.991, -0.623],
                    [-0.042, -0.896],
                    [0, 0],
                    [0, 0],
                    [0, 0],
                    [0, 0],
                    [0, 0],
                    [1.288, 0],
                    [0.476, 0.976],
                    [0, 0],
                    [0, 0],
                    [0, 0],
                    [0, 0],
                    [0, 0],
                    [-0.845, 0.262],
                    [-0.614, -1.25],
                    [0, 0],
                    [0, 0],
                    [0, 0]
                  ],
                  "o": [
                    [0.779, 0.247],
                    [0, 0],
                    [0, 0],
                    [0, 0],
                    [0, 0],
                    [0, 0],
                    [-0.483, 1.086],
                    [-1.228, 0],
                    [0, 0],
                    [0, 0],
                    [0, 0],
                    [0, 0],
                    [0, 0],
                    [0, -1.006],
                    [1.925, -0.603],
                    [0, 0],
                    [0, 0],
                    [0, 0],
                    [0.603, -1.349]
                  ],
                  "v": [
                    [7.874, -5.813],
                    [9.098, -4.226],
                    [9.102, -4.063],
                    [9.102, 6.295],
                    [6.486, 6.295],
                    [6.486, -4.084],
                    [2.424, 4.968],
                    [0.01, 6.436],
                    [-2.337, 5.112],
                    [-2.404, 4.968],
                    [-6.467, -4.084],
                    [-6.467, 6.295],
                    [-9.102, 6.295],
                    [-9.102, -4.063],
                    [-7.855, -5.813],
                    [-3.973, -4.678],
                    [-3.913, -4.545],
                    [-0.051, 4.365],
                    [3.932, -4.545]
                  ],
                  "c": true
                },
                "ix": 2
              },
              "nm": "Path 1",
              "mn": "ADBE Vector Shape - Group",
              "hd": false
            },
            {
              "ty": "fl",
              "c": {"a":0,"k":[0.65882,0.10588,0.83529,1],"ix":4},
              "o": {"a":0,"k":100,"ix":5},
              "r":1,"bm":0,
              "nm":"Fill 1","mn":"ADBE Vector Graphic - Fill","hd":false
            },
            {
              "ty": "tr",
              "p": {"a":0,"k":[9.352,6.686],"ix":2},
              "a": {"a":0,"k":[0,0],"ix":1},
              "s": {"a":0,"k":[100,100],"ix":3},
              "r": {"a":0,"k":0,"ix":6},
              "o": {"a":0,"k":100,"ix":7},
              "sk": {"a":0,"k":0,"ix":4},
              "sa": {"a":0,"k":0,"ix":5},
              "nm":"Transform"
            }
          ],
          "nm":"Group 1","np":2,"cix":2,"bm":0,"ix":1,"mn":"ADBE Vector Group","hd":false
        }
      ],
      "ip":0,
      "op":121,
      "st":0,
      "bm":0
    },
    {
      "ddd": 0,
      "ind": 4,
      "ty": 4,
      "nm": "Layer 3 Outlines",
      "parent": 2,
      "sr": 1,
      "ks": {
        "o": {"a":0,"k":100,"ix":11},
        "r": {"a":0,"k":0,"ix":10},
        "p": {"a":0,"k":[0.25,4.475,0],"ix":2},
        "a": {"a":0,"k":[6.506,6.314,0],"ix":1},
        "s": {"a":0,"k":[100,100,100],"ix":6}
      },
      "ao": 0,
      "shapes": [
        {
          "ty": "gr",
          "it": [
            {
              "ind": 0,
              "ty": "sh",
              "ix": 1,
              "ks": {
                "a": 0,
                "k": {
                  "i": [
                    [0, 0],
                    [0, -0.041],
                    [1.307, -0.04],
                    [0, 0],
                    [0, 0],
                    [0, 0],
                    [-0.018, 0.019],
                    [0, 0.282],
                    [0, 0],
                    [0, 0],
                    [0.02, 1.308],
                    [0.06, 0.06],
                    [0, 0],
                    [0, 0],
                    [-1.448, -0.02],
                    [-0.04, 0],
                    [0, 0]
                  ],
                  "o": [
                    [0.021, 0],
                    [0.021, 2.292],
                    [0, 0],
                    [0, 0],
                    [0, 0],
                    [1.36, 0.003],
                    [1.689, -0.161],
                    [0, 0],
                    [0, 0],
                    [-2.595, -0.04],
                    [0, -0.12],
                    [0, 0],
                    [0, 0],
                    [-0.021, 0.323],
                    [0.724, 0.02],
                    [0, 0],
                    [0, 0]
                  ],
                  "v": [
                    [6.234, -6.064],
                    [6.234, 3.249],
                    [2.091, 6.064],
                    [-6.195, 6.064],
                    [-6.195, 4.294],
                    [-5.954, 4.294],
                    [2.091, 4.294],
                    [3.579, 3.007],
                    [3.579, 2.324],
                    [-1.992, 2.324],
                    [-6.255, -0.152],
                    [-6.255, -6.044],
                    [-3.641, -6.044],
                    [-3.641, -0.333],
                    [-2.092, 0.734],
                    [3.6, 0.734],
                    [3.6, -6.064]
                  ],
                  "c": true
                },
                "ix": 2
              },
              "nm": "Path 1",
              "mn": "ADBE Vector Shape - Group",
              "hd": false
            },
            {
              "ty": "fl",
              "c": {"a":0,"k":[0.65882,0.10588,0.83529,1],"ix":4},
              "o": {"a":0,"k":100,"ix":5},
              "r":1,"bm":0,
              "nm":"Fill 1","mn":"ADBE Vector Graphic - Fill","hd":false
            },
            {
              "ty": "tr",
              "p": {"a":0,"k":[6.506,6.315],"ix":2},
              "a": {"a":0,"k":[0,0],"ix":1},
              "s": {"a":0,"k":[100,100],"ix":3},
              "r": {"a":0,"k":0,"ix":6},
              "o": {"a":0,"k":100,"ix":7},
              "sk": {"a":0,"k":0,"ix":4},
              "sa": {"a":0,"k":0,"ix":5},
              "nm":"Transform"
            }
          ],
          "nm":"Group 1","np":2,"cix":2,"bm":0,"ix":1,"mn":"ADBE Vector Group","hd":false
        }
      ],
      "ip":0,
      "op":121,
      "st":0,
      "bm":0
    },
    {
      "ddd": 0,
      "ind": 5,
      "ty": 4,
      "nm": "Layer 4 Outlines",
      "parent": 2,
      "sr": 1,
      "ks": {
        "o": {"a":0,"k":100,"ix":11},
        "r": {"a":0,"k":0,"ix":10},
        "p": {"a":0,"k":[14.399,0.814,0],"ix":2},
        "a": {"a":0,"k":[6.133,6.315,0],"ix":1},
        "s": {"a":0,"k":[100,100,100],"ix":6}
      },
      "ao": 0,
      "shapes": [
        {
          "ty": "gr",
          "it": [
            {
              "ind": 0,
              "ty": "sh",
              "ix": 1,
              "ks": {
                "a": 0,
                "k": {
                  "i": [
                    [0, 0],
                    [0, 0],
                    [0, 0],
                    [0.08, 0],
                    [0.121, -0.543],
                    [0.001, -0.048],
                    [0, 0],
                    [0, 0],
                    [-0.02, -0.08],
                    [-0.948, -0.034],
                    [0, 0],
                    [0, 0],
                    [-0.664, -0.261],
                    [-0.064, -0.702],
                    [0, 0],
                    [0, 0],
                    [1.127, -0.522],
                    [0.792, -0.032],
                    [0, 0],
                    [0, 0],
                    [0, 0],
                    [0, 0],
                    [-0.101, 0],
                    [-0.221, 0.201],
                    [-0.026, 0.17],
                    [0, 0],
                    [0, 0],
                    [0.141, 0.16],
                    [0.844, 0.081],
                    [0.101, 0],
                    [0, 0],
                    [0.262, 0],
                    [0.087, 1.135],
                    [0, 0],
                    [0, 0],
                    [-1.568, 0.503],
                    [-0.923, 0.01],
                    [0, 0]
                  ],
                  "o": [
                    [0, 0],
                    [0, 0.889],
                    [0, 0],
                    [-0.926, 0.08],
                    [-0.013, 0.053],
                    [0, 0],
                    [0, 0],
                    [0, 0.08],
                    [0.114, 0.665],
                    [0, 0],
                    [0, 0],
                    [0.785, 0],
                    [1.162, 0.439],
                    [0, 0],
                    [0, 0],
                    [0, 0.925],
                    [-0.615, 0.29],
                    [0, 0],
                    [0, 0],
                    [0, 0],
                    [0, 0],
                    [0.1, 0],
                    [0.502, -0.04],
                    [0.229, -0.176],
                    [0, 0],
                    [0, 0],
                    [0, -0.181],
                    [-0.262, -0.301],
                    [-0.081, -0.02],
                    [0, 0],
                    [-0.262, 0],
                    [-2.158, -0.234],
                    [0, 0],
                    [0, 0],
                    [0, -1.347],
                    [0.468, -0.131],
                    [0, 0],
                    [0, 0]
                  ],
                  "v": [
                    [5.883, -6.064],
                    [5.883, -4.314],
                    [-1.619, -4.314],
                    [-1.88, -4.294],
                    [-3.208, -3.51],
                    [-3.227, -3.363],
                    [-3.228, -3.288],
                    [-3.228, -2.102],
                    [-3.208, -1.861],
                    [-1.691, -0.837],
                    [-1.518, -0.835],
                    [1.659, -0.835],
                    [3.912, -0.452],
                    [5.778, 1.361],
                    [5.783, 1.479],
                    [5.783, 3.41],
                    [4.093, 5.562],
                    [1.924, 6.059],
                    [1.659, 6.064],
                    [-5.883, 6.064],
                    [-5.883, 4.314],
                    [1.358, 4.314],
                    [1.64, 4.294],
                    [2.746, 3.932],
                    [3.122, 3.38],
                    [3.128, 3.309],
                    [3.128, 1.781],
                    [2.927, 1.298],
                    [1.479, 0.775],
                    [1.196, 0.755],
                    [-1.518, 0.755],
                    [-2.283, 0.734],
                    [-5.859, -1.581],
                    [-5.863, -1.699],
                    [-5.863, -3.229],
                    [-3.611, -5.842],
                    [-1.719, -6.062],
                    [-1.498, -6.064]
                  ],
                  "c": true
                },
                "ix": 2
              },
              "nm": "Path 1",
              "mn": "ADBE Vector Shape - Group",
              "hd": false
            },
            {
              "ty": "fl",
              "c": {"a":0,"k":[0.65882,0.10588,0.83529,1],"ix":4},
              "o": {"a":0,"k":100,"ix":5},
              "r":1,"bm":0,
              "nm":"Fill 1","mn":"ADBE Vector Graphic - Fill","hd":false
            },
            {
              "ty": "tr",
              "p": {"a":0,"k":[6.133,6.315],"ix":2},
              "a": {"a":0,"k":[0,0],"ix":1},
              "s": {"a":0,"k":[100,100],"ix":3},
              "r": {"a":0,"k":0,"ix":6},
              "o": {"a":0,"k":100,"ix":7},
              "sk": {"a":0,"k":0,"ix":4},
              "sa": {"a":0,"k":0,"ix":5},
              "nm":"Transform"
            }
          ],
          "nm":"Group 1","np":2,"cix":2,"bm":0,"ix":1,"mn":"ADBE Vector Group","hd":false
        }
      ],
      "ip":0,
      "op":121,
      "st":0,
      "bm":0
    },
    {
      "ddd": 0,
      "ind": 6,
      "ty": 4,
      "nm": "Layer 5 Outlines",
      "parent": 2,
      "sr": 1,
      "ks": {
        "o": {"a":0,"k":100,"ix":11},
        "r": {"a":0,"k":0,"ix":10},
        "p": {"a":0,"k":[28.891,1.729,0],"ix":2},
        "a": {"a":0,"k":[7.29,7.189,0],"ix":1},
        "s": {"a":0,"k":[100,100,100],"ix":6}
      },
      "ao": 0,
      "shapes": [
        {
          "ty": "gr",
          "it": [
            {
              "ind": 0,
              "ty": "sh",
              "ix": 1,
              "ks": {
                "a": 0,
                "k": {
                  "i": [
                    [0, 0],
                    [0.02, -0.101],
                    [0.342, -0.182],
                    [0, 0],
                    [0, 0],
                    [0, 0],
                    [0, 0],
                    [0.162, 0.724],
                    [0, 0.101],
                    [0, 0],
                    [-1.167, 0],
                    [0, 0],
                    [-0.161, -0.683],
                    [0, -0.061]
                  ],
                  "o": [
                    [0, 0.081],
                    [-0.081, 0.362],
                    [0, 0],
                    [0, 0],
                    [0, 0],
                    [0, 0],
                    [-1.026, 0],
                    [-0.019, -0.101],
                    [0, 0],
                    [0, -0.784],
                    [0, 0],
                    [1.006, 0],
                    [0.02, 0.081],
                    [0, 0]
                  ],
                  "v": [
                    [3.561, 2.092],
                    [3.54, 2.354],
                    [2.876, 3.178],
                    [0.965, 1.469],
                    [-2.09, 1.469],
                    [0.102, 3.439],
                    [-2.292, 3.439],
                    [-4.163, 2.314],
                    [-4.203, 2.031],
                    [-4.203, -3.902],
                    [-2.292, -5.189],
                    [1.691, -5.189],
                    [3.54, -4.124],
                    [3.561, -3.902]
                  ],
                  "c": true
                },
                "ix": 2
              },
              "nm": "Path 1",
              "mn": "ADBE Vector Shape - Group",
              "hd": false
            },
            {
              "ind": 1,
              "ty": "sh",
              "ix": 2,
              "ks": {
                "a": 0,
                "k": {
                  "i": [
                    [0, 0],
                    [0, 1.287],
                    [0, 0],
                    [2.192, 0.302],
                    [0.241, 0],
                    [0, 0],
                    [0.221, -0.041],
                    [0, -1.589],
                    [0, 0],
                    [-1.669, -0.442],
                    [-0.483, 0],
                    [0, 0],
                    [0, 0],
                    [0, 0],
                    [0, 0]
                  ],
                  "o": [
                    [1.087, -0.443],
                    [0, 0],
                    [0, -1.589],
                    [-0.262, -0.041],
                    [0, 0],
                    [-0.221, 0],
                    [-2.212, 0.302],
                    [0, 0],
                    [0, 1.448],
                    [0.564, 0.16],
                    [0, 0],
                    [0, 0],
                    [0, 0],
                    [0, 0],
                    [0, 0]
                  ],
                  "v": [
                    [4.445, 4.607],
                    [6.014, 2.193],
                    [6.014, -4.042],
                    [2.697, -6.898],
                    [1.971, -6.939],
                    [-3.016, -6.939],
                    [-3.721, -6.898],
                    [-7.04, -4.042],
                    [-7.04, 2.193],
                    [-4.566, 4.969],
                    [-3.016, 5.189],
                    [-0.221, 5.189],
                    [1.891, 5.07],
                    [3.984, 6.939],
                    [7.04, 6.939]
                  ],
                  "c": true
                },
                "ix": 2
              },
              "nm": "Path 2",
              "mn": "ADBE Vector Shape - Group",
              "hd": false
            },
            {
              "ty": "mm",
              "mm": 1,
              "nm": "Merge Paths 1",
              "mn": "ADBE Vector Filter - Merge",
              "hd": false
            },
            {
              "ty": "fl",
              "c": {"a":0,"k":[0.65882,0.10588,0.83529,1],"ix":4},
              "o": {"a":0,"k":100,"ix":5},
              "r":1,"bm":0,
              "nm":"Fill 1","mn":"ADBE Vector Graphic - Fill","hd":false
            },
            {
              "ty": "tr",
              "p": {"a":0,"k":[7.29,7.189],"ix":2},
              "a": {"a":0,"k":[0,0],"ix":1},
              "s": {"a":0,"k":[100,100],"ix":3},
              "r": {"a":0,"k":0,"ix":6},
              "o": {"a":0,"k":100,"ix":7},
              "sk": {"a":0,"k":0,"ix":4},
              "sa": {"a":0,"k":0,"ix":5},
              "nm":"Transform"
            }
          ],
          "nm":"Group 1","np":4,"cix":2,"bm":0,"ix":1,"mn":"ADBE Vector Group","hd":false
        }
      ],
      "ip":0,
      "op":121,
      "st":0,
      "bm":0
    },
    {
      "ddd": 0,
      "ind": 7,
      "ty": 4,
      "nm": "Layer 6 Outlines",
      "parent": 2,
      "sr": 1,
      "ks": {
        "o": {"a":0,"k":100,"ix":11},
        "r": {"a":0,"k":0,"ix":10},
        "p": {"a":0,"k":[42.368,0.814,0],"ix":2},
        "a": {"a":0,"k":[6.063,6.315,0],"ix":1},
        "s": {"a":0,"k":[100,100,100],"ix":6}
      },
      "ao": 0,
      "shapes": [
        {
          "ty": "gr",
          "it": [
            {
              "ind": 0,
              "ty": "sh",
              "ix": 1,
              "ks": {
                "a": 0,
                "k": {
                  "i": [
                    [0, 0],
                    [0, 0],
                    [-1.413, -0.029],
                    [0, 0],
                    [0, 0],
                    [0, 0],
                    [0, 0],
                    [0.241, 0.019],
                    [0.078, 1.708],
                    [0, 0],
                    [0, 0]
                  ],
                  "o": [
                    [0, 0],
                    [0, 0.889],
                    [0, 0],
                    [0, 0],
                    [0, 0],
                    [0, 0],
                    [-0.241, 0],
                    [-2.634, -0.195],
                    [0, 0],
                    [0, 0],
                    [0, 0]
                  ],
                  "v": [
                    [-3.198, -6.064],
                    [-3.198, 3.007],
                    [-1.248, 4.312],
                    [-1.066, 4.314],
                    [5.813, 4.314],
                    [5.813, 6.064],
                    [-1.026, 6.064],
                    [-1.77, 6.025],
                    [-5.81, 3.169],
                    [-5.813, 3.007],
                    [-5.813, -6.064]
                  ],
                  "c": true
                },
                "ix": 2
              },
              "nm": "Path 1",
              "mn": "ADBE Vector Shape - Group",
              "hd": false
            },
            {
              "ty": "fl",
              "c": {"a":0,"k":[0.65882,0.10588,0.83529,1],"ix":4},
              "o": {"a":0,"k":100,"ix":5},
              "r":1,"bm":0,
              "nm":"Fill 1","mn":"ADBE Vector Graphic - Fill","hd":false
            },
            {
              "ty": "tr",
              "p": {"a":0,"k":[6.063,6.315],"ix":2},
              "a": {"a":0,"k":[0,0],"ix":1},
              "s": {"a":0,"k":[100,100],"ix":3},
              "r": {"a":0,"k":0,"ix":6},
              "o": {"a":0,"k":100,"ix":7},
              "sk": {"a":0,"k":0,"ix":4},
              "sa": {"a":0,"k":0,"ix":5},
              "nm":"Transform"
            }
          ],
          "nm":"Group 1","np":2,"cix":2,"bm":0,"ix":1,"mn":"ADBE Vector Group","hd":false
        }
      ],
      "ip":0,
      "op":121,
      "st":0,
      "bm":0
    },
    {
      "ddd": 0,
      "ind": 8,
      "ty": 4,
      "nm": "Layer 7 Outlines",
      "parent": 2,
      "sr": 1,
      "ks": {
        "o": {"a":0,"k":100,"ix":11},
        "r": {"a":0,"k":0,"ix":10},
        "p": {"a":0,"k":[50.765,6.004,0],"ix":2},
        "a": {"a":0,"k":[2.151,1.125,0],"ix":1},
        "s": {"a":0,"k":[100,100,100],"ix":6}
      },
      "ao": 0,
      "shapes": [
        {
          "ty": "gr",
          "it": [
            {
              "ind": 0,
              "ty": "sh",
              "ix": 1,
              "ks": {
                "a": 0,
                "k": {
                  "i": [
                    [0, 0],
                    [0, 0],
                    [0, 0],
                    [0, 0],
                    [0, 0],
                    [0, 0],
                    [0, 0],
                    [0, 0],
                    [0, 0],
                    [0, 0],
                    [0, 0],
                    [0, 0],
                    [0, 0],
                    [0, 0]
                  ],
                  "o": [
                    [0, 0],
                    [0, 0],
                    [0, 0],
                    [0, 0],
                    [0, 0],
                    [0, 0],
                    [0, 0],
                    [0, 0],
                    [0, 0],
                    [0, 0],
                    [0, 0],
                    [0, 0],
                    [0, 0],
                    [0, 0]
                  ],
                  "v": [
                    [-0.453, -0.875],
                    [0.01, 0.332],
                    [0.473, -0.875],
                    [0.995, -0.875],
                    [0.995, 0.875],
                    [0.652, 0.875],
                    [0.652, -0.452],
                    [0.633, -0.452],
                    [0.131, 0.875],
                    [-0.132, 0.875],
                    [-0.635, -0.452],
                    [-0.635, 0.875],
                    [-0.995, 0.875],
                    [-0.995, -0.875]
                  ],
                  "c": true
                },
                "ix": 2
              },
              "nm": "Path 1",
              "mn": "ADBE Vector Shape - Group",
              "hd": false
            },
            {
              "ty": "fl",
              "c": {"a":0,"k":[0.65882,0.10588,0.83529,1],"ix":4},
              "o": {"a":0,"k":100,"ix":5},
              "r":1,"bm":0,
              "nm":"Fill 1","mn":"ADBE Vector Graphic - Fill","hd":false
            },
            {
              "ty": "tr",
              "p": {"a":0,"k":[3.056,1.125],"ix":2},
              "a": {"a":0,"k":[0,0],"ix":1},
              "s": {"a":0,"k":[100,100],"ix":3},
              "r": {"a":0,"k":0,"ix":6},
              "o": {"a":0,"k":100,"ix":7},
              "sk": {"a":0,"k":0,"ix":4},
              "sa": {"a":0,"k":0,"ix":5},
              "nm":"Transform"
            }
          ],
          "nm":"Group 1","np":2,"cix":2,"bm":0,"ix":1,"mn":"ADBE Vector Group","hd":false
        },
        {
          "ty": "gr",
          "it": [
            {
              "ind": 0,
              "ty": "sh",
              "ix": 1,
              "ks": {
                "a": 0,
                "k": {
                  "i": [
                    [0, 0],
                    [0, 0],
                    [0, 0],
                    [0, 0],
                    [0, 0],
                    [0, 0],
                    [0, 0],
                    [0, 0]
                  ],
                  "o": [
                    [0, 0],
                    [0, 0],
                    [0, 0],
                    [0, 0],
                    [0, 0],
                    [0, 0],
                    [0, 0],
                    [0, 0]
                  ],
                  "v": [
                    [0.714, -0.875],
                    [0.714, -0.573],
                    [0.192, -0.573],
                    [0.192, 0.875],
                    [-0.191, 0.875],
                    [-0.191, -0.573],
                    [-0.714, -0.573],
                    [-0.714, -0.875]
                  ],
                  "c": true
                },
                "ix": 2
              },
              "nm": "Path 1",
              "mn": "ADBE Vector Shape - Group",
              "hd": false
            },
            {
              "ty": "fl",
              "c": {"a":0,"k":[0.65882,0.10588,0.83529,1],"ix":4},
              "o": {"a":0,"k":100,"ix":5},
              "r":1,"bm":0,
              "nm":"Fill 1","mn":"ADBE Vector Graphic - Fill","hd":false
            },
            {
              "ty": "tr",
              "p": {"a":0,"k":[0.964,1.125],"ix":2},
              "a": {"a":0,"k":[0,0],"ix":1},
              "s": {"a":0,"k":[100,100],"ix":3},
              "r": {"a":0,"k":0,"ix":6},
              "o": {"a":0,"k":100,"ix":7},
              "sk": {"a":0,"k":0,"ix":4},
              "sa": {"a":0,"k":0,"ix":5},
              "nm":"Transform"
            }
          ],
          "nm":"Group 2","np":2,"cix":2,"bm":0,"ix":2,"mn":"ADBE Vector Group","hd":false
        }
      ],
      "ip":0,
      "op":121,
      "st":0,
      "bm":0
    },
    {
      "ddd": 0,
      "ind": 9,
      "ty": 0,
      "nm": "my",
      "refId": "comp_1",
      "sr": 1,
      "ks": {
        "o": {"a":0,"k":100,"ix":11},
        "r": {"a":0,"k":0,"ix":10},
        "p": {"a":0,"k":[47.5,47.5,0],"ix":2},
        "a": {"a":0,"k":[49,25.5,0],"ix":1},
        "s": {"a":0,"k":[26,26,100],"ix":6}
      },
      "ao": 0,
      "w": 98,
      "h": 51,
      "ip": 0,
      "op": 121,
      "st": 0,
      "bm": 0
    }
  ],
  "markers": []
}