{
  "v": "5.5.8",
  "fr": 60,
  "ip": 0,
  "op": 181,
  "w": 95,
  "h": 95,
  "nm": "Mssql Icon",
  "ddd": 0,
  "assets": [],
  "layers": [
    {
      "ddd": 0,
      "ind": 1,
      "ty": 4,
      "nm": "Layer 3 Outlines",
      "sr": 1,
      "ks": {
        "o": {"a":0,"k":100,"ix":11},
        "r": {"a":0,"k":0,"ix":10},
        "p": {"a":0,"k":[13.065,35.627,0],"ix":2},
        "a": {"a":0,"k":[1.825,25.348,0],"ix":1},
        "s": {
          "a":1,
          "k":[
            {"i":{"x":[0.667,0.667,0.667],"y":[1,1,1]},"o":{"x":[0.333,0.333,0.333],"y":[0,0,0]},"t":0,"s":[100,100,100]},
            {"i":{"x":[0.667,0.667,0.667],"y":[1,1,1]},"o":{"x":[0.333,0.333,0.333],"y":[0,0,0]},"t":45,"s":[87,100,100]},
            {"i":{"x":[0.667,0.667,0.667],"y":[1,1,1]},"o":{"x":[0.333,0.333,0.333],"y":[0,0,0]},"t":90,"s":[100,100,100]},
            {"i":{"x":[0.667,0.667,0.667],"y":[1,1,1]},"o":{"x":[0.333,0.333,0.333],"y":[0,0,0]},"t":135,"s":[87,100,100]},
            {"t":180,"s":[100,100,100]}
          ],
          "ix":6
        }
      },
      "ao": 0,
      "shapes": [
        {
          "ty": "gr",
          "it": [
            {
              "ind": 0,
              "ty": "sh",
              "ix": 1,
              "ks": {"a":0,"k":{"i":[[-0.057,-0.056],[1.101,-1.116],[3.346,-2.118],[0.042,-0.028],[-1.469,1.595],[-0.805,1.045],[-0.777,0.552]],"o":[[0.057,0.057],[-2.725,2.781],[-0.423,0.268],[-0.099,0.057],[0.932,-1.003],[0.537,-0.692],[2.075,-1.496]],"v":[[-15.382,7.454],[-18.036,10.449],[-26.804,17.521],[-27.651,18.057],[-26.154,16.378],[-23.712,13.484],[-22.3,12.141]],"c":true},"ix":2},
              "nm":"Path 1","mn":"ADBE Vector Shape - Group","hd":false
            },
            {
              "ind": 1,
              "ty": "sh",
              "ix": 2,
              "ks": {"a":0,"k":{"i":[[0,0],[-0.381,-0.565],[-0.156,-1.299],[0,0],[0,0],[2.16,-0.988],[0.692,-0.339],[0,0.015],[-0.536,0.395],[-2.739,3.36],[-0.028,0.014]],"o":[[0.071,-0.014],[0.804,1.199],[0,0],[0,0],[-3.459,1.341],[-0.607,0.282],[-0.691,0.352],[0,-0.013],[4.221,-3.064],[0.297,-0.353],[0,0]],"v":[[-13.194,6.919],[-12.657,7.596],[-11.076,11.704],[-11.048,11.988],[-12.982,12.736],[-21.792,16.391],[-24.15,17.521],[-25.406,18.128],[-24.432,17.395],[-13.815,7.611],[-13.222,6.919]],"c":true},"ix":2},
              "nm":"Path 2","mn":"ADBE Vector Shape - Group","hd":false
            },
            {
              "ind": 2,
              "ty": "sh",
              "ix": 3,
              "ks": {"a":0,"k":{"i":[[-0.028,0],[-0.368,-0.198],[-0.72,-0.593],[0.48,-0.353],[1.186,-0.946],[-0.141,0.212],[-0.494,1.031],[-0.311,0.945]],"o":[[0.043,0],[0.903,0.494],[0.028,0.029],[-1.341,0.96],[-1.243,0.988],[0.932,-1.425],[0.438,-0.917],[0.113,-0.41]],"v":[[-17.952,3.191],[-17.217,3.559],[-14.789,5.195],[-15.608,5.874],[-20.168,9.318],[-21.312,10.122],[-19.42,6.861],[-18.234,3.911]],"c":true},"ix":2},
              "nm":"Path 3","mn":"ADBE Vector Shape - Group","hd":false
            },
            {
              "ind": 3,
              "ty": "sh",
              "ix": 4,
              "ks": {"a":0,"k":{"i":[[-0.043,-0.028],[1.158,-1.539],[1.694,-2.004],[0.029,-0.015],[0,0.325],[0.763,1.554],[-0.071,0.071],[-2.598,1.397]],"o":[[0.028,0.028],[-1.383,1.835],[-0.706,0.834],[-0.042,0.014],[0,-1.709],[-0.325,-0.649],[0.268,-0.24],[1.751,-0.932]],"v":[[-0.106,-1.186],[-3.17,3.107],[-8.704,10.023],[-10.046,11.564],[-10.102,11.04],[-11.302,5.958],[-11.612,5.083],[-4.638,1.102]],"c":true},"ix":2},
              "nm":"Path 4","mn":"ADBE Vector Shape - Group","hd":false
            },
            {
              "ind": 4,
              "ty": "sh",
              "ix": 5,
              "ks": {"a":0,"k":{"i":[[0,0],[0,0],[-1.427,-1.199],[-0.311,-0.339],[0,0],[0,0],[5.831,-2.147],[0.042,0],[-1.454,1.341],[-2.457,3.685]],"o":[[0,0],[1.582,1.031],[0.804,0.664],[0,0],[0,0],[-6.467,1.793],[-0.649,0.239],[-0.085,0],[3.727,-3.43],[0,0]],"v":[[2.845,-1.921],[3.536,-1.469],[8.408,2.132],[11.076,4.533],[11.244,4.715],[10.102,5.04],[-7.194,10.576],[-8.436,11.012],[-7.137,9.742],[2.351,-1.158]],"c":true},"ix":2},
              "nm":"Path 5","mn":"ADBE Vector Shape - Group","hd":false
            },
            {
              "ind": 5,
              "ty": "sh",
              "ix": 6,
              "ks": {"a":0,"k":{"i":[[-0.042,-0.043],[0.296,-0.946],[0.945,-1.695],[0.184,-0.325],[0,0],[0,0],[0.96,0.494],[0,0.029],[-1.849,1.581]],"o":[[0.043,0.042],[-0.58,1.793],[-0.227,0.395],[0,0],[0,0],[-0.917,-0.89],[-0.381,-0.198],[0,-0.112],[1.328,-1.144]],"v":[[-8.38,-6.536],[-9.113,-3.812],[-11.612,1.921],[-12.361,3.219],[-12.714,3.784],[-13.505,3.021],[-16.131,1.088],[-16.808,0.691],[-12.545,-3.191]],"c":true},"ix":2},
              "nm":"Path 6","mn":"ADBE Vector Shape - Group","hd":false
            },
            {
              "ind": 6,
              "ty": "sh",
              "ix": 7,
              "ks": {"a":0,"k":{"i":[[-0.043,0],[-1.383,-0.692],[-0.099,-0.085],[0.833,-0.409],[2.372,-1.44],[0.014,0],[-0.381,0.692],[-0.579,2.697]],"o":[[0.198,0.042],[1.271,0.634],[0.014,0.014],[-2.655,1.327],[-0.677,0.409],[-0.057,0],[1.27,-2.315],[0.056,-0.212]],"v":[[-6.544,-6.876],[-3.128,-5.279],[0.148,-3.544],[-1.348,-2.768],[-8.648,1.257],[-9.904,2.006],[-9.565,1.257],[-6.699,-6.523]],"c":true},"ix":2},
              "nm":"Path 7","mn":"ADBE Vector Shape - Group","hd":false
            },
            {
              "ind": 7,
              "ty": "sh",
              "ix": 8,
              "ks": {"a":0,"k":{"i":[[-0.015,0],[-0.409,-0.24],[-2.655,-2.598],[0.028,-0.014],[0.763,-0.056],[7.313,-1.765],[0.028,0],[-0.693,0.663],[-2.315,4.659],[-0.029,0.043]],"o":[[0.055,-0.014],[3.431,1.963],[0.748,0.734],[0,0],[-5.943,0.452],[-0.493,0.113],[-0.027,0],[4.292,-4.137],[0.325,-0.692],[-0.015,0]],"v":[[24.898,-10.094],[25.702,-9.699],[35.148,-2.611],[37.717,0.057],[36.305,0.169],[15.438,3.643],[14.478,3.855],[15.693,2.641],[24.262,-8.768],[24.898,-10.094]],"c":true},"ix":2},
              "nm":"Path 8","mn":"ADBE Vector Shape - Group","hd":false
            },
            {
              "ind": 8,
              "ty": "sh",
              "ix": 9,
              "ks": {"a":0,"k":{"i":[[-0.028,-0.028],[0.593,-0.833],[2.81,-3.53],[0.55,-0.706],[0.014,0],[0.198,0.31],[2.244,1.864],[0.155,0.113],[0,0.014],[-1.822,0.734],[-3.261,1.003]],"o":[[0.027,0.028],[-0.847,1.214],[-1.481,1.863],[-0.565,0.705],[-0.014,0],[-1.581,-2.372],[-0.424,-0.353],[-0.155,-0.113],[0,-0.043],[3.191,-1.299],[1.709,-0.536]],"v":[[23.811,-10.376],[22.314,-8.048],[17.414,-1.693],[13.716,2.98],[12.671,4.277],[12.276,3.714],[6.558,-2.598],[5.513,-3.445],[5.231,-3.685],[9.452,-5.492],[20.252,-9.346]],"c":true},"ix":2},
              "nm":"Path 9","mn":"ADBE Vector Shape - Group","hd":false
            },
            {
              "ind": 9,
              "ty": "sh",
              "ix": 10,
              "ks": {"a":0,"k":{"i":[[0,0],[0,0],[0.494,-3.148],[0.014,-0.015],[0.48,0.141],[2.075,1.143],[-0.057,0.056],[-0.692,0.368],[-2.3,1.538],[-0.283,0.255]],"o":[[0,0],[0,3.149],[-0.085,0.551],[0,0],[-2.118,-0.664],[-1.37,-0.749],[0.014,-0.015],[2.767,-1.439],[0.862,-0.579],[0,0]],"v":[[23.415,-12.7],[23.415,-12.107],[22.583,-1.49],[22.413,-0.473],[21.523,-0.727],[15.029,-3.508],[11.725,-5.541],[13.025,-6.234],[20.747,-10.765],[23.189,-12.531]],"c":true},"ix":2},
              "nm":"Path 10","mn":"ADBE Vector Shape - Group","hd":false
            },
            {
              "ind": 10,
              "ty": "sh",
              "ix": 11,
              "ks": {"a":0,"k":{"i":[[-0.056,-0.056],[0.706,-1.383],[2.005,-3.19],[0.043,-0.057],[0.226,0.438],[0.211,1.116],[-0.24,1.187],[-0.424,0.211]],"o":[[0.042,0.029],[-1.369,2.669],[-0.339,0.551],[-0.07,0.098],[-0.48,-0.946],[-0.212,-1.1],[0.184,-0.875],[1.807,-0.918]],"v":[[-0.939,-13.688],[-2.322,-10.766],[-7.193,-2.281],[-7.9,-1.164],[-8.223,-1.532],[-9.311,-4.808],[-9.24,-9.015],[-8.648,-10.087]],"c":true},"ix":2},
              "nm":"Path 11","mn":"ADBE Vector Shape - Group","hd":false
            },
            {
              "ind": 11,
              "ty": "sh",
              "ix": 12,
              "ks": {"a":0,"k":{"i":[[-0.042,0],[-0.015,-0.014],[-0.085,-0.254],[-0.875,-1.158],[-1.044,-0.889],[-0.042,-0.043],[2.301,-0.875],[3.332,-1.073],[0.795,-0.261],[-0.368,0.579],[-1.411,3.587],[-0.043,0.141],[-0.183,0.099]],"o":[[0.015,0],[0.028,0.028],[0.451,1.228],[0.96,1.271],[0.339,0.283],[0.085,0.084],[-2.668,1.016],[-0.796,0.257],[-0.127,0.042],[1.651,-2.583],[0.24,-0.621],[0.056,-0.198],[0.099,-0.028]],"v":[[1.885,-14.86],[1.928,-14.846],[2.139,-14.337],[4.482,-10.144],[7.743,-6.629],[8.436,-6.035],[6.247,-5.09],[-2.661,-1.984],[-5.048,-1.207],[-4.764,-1.815],[0.811,-13.053],[1.335,-14.436],[1.645,-14.803]],"c":true},"ix":2},
              "nm":"Path 12","mn":"ADBE Vector Shape - Group","hd":false
            },
            {
              "ind": 12,
              "ty": "sh",
              "ix": 13,
              "ks": {"a":0,"k":{"i":[[-0.057,-0.055],[0.113,-0.861],[0.649,-2.161],[0.028,-0.028],[0.636,0.733],[0.635,1.242],[-0.042,0.042]],"o":[[0.084,0.085],[-0.254,2.061],[-0.156,0.522],[-0.057,0.071],[-1.101,-1.271],[-0.325,-0.636],[0.226,-0.155]],"v":[[11.118,-18.489],[11.033,-14.38],[9.736,-8.238],[9.41,-7.25],[6.783,-9.805],[4.186,-13.589],[3.395,-15.509]],"c":true},"ix":2},
              "nm":"Path 13","mn":"ADBE Vector Shape - Group","hd":false
            },
            {
              "ind": 13,
              "ty": "sh",
              "ix": 14,
              "ks": {"a":0,"k":{"i":[[-0.014,0],[-0.777,-0.48],[-1.694,-0.734],[1.2,-0.819],[3.925,-1.737],[0.014,0],[-0.113,0.423],[-0.028,2.851],[-0.127,0.042]],"o":[[0.128,0],[2.908,1.822],[0.523,0.226],[-2.569,1.751],[-0.692,0.311],[-0.028,0],[0.946,-3.516],[0.014,-1.412],[-0.028,0.013]],"v":[[13.081,-19.237],[14.309,-18.573],[22.865,-13.815],[22.243,-12.855],[12.544,-7.645],[11.26,-7.095],[11.428,-7.871],[12.939,-17.796],[13.081,-19.25]],"c":true},"ix":2},
              "nm":"Path 14","mn":"ADBE Vector Shape - Group","hd":false
            },
            {
              "ind": 14,
              "ty": "sh",
              "ix": 15,
              "ks": {"a":0,"k":{"i":[[-0.155,0],[-0.113,-2.739],[0.028,0],[1.623,1.017],[0.424,0.338],[-1.159,0.395]],"o":[[0.17,0],[0.029,0.579],[-0.113,0],[ -1.412,-0.889],[-0.142,-0.099],[1.961,-0.664]],"v":[[22.596,-22.371],[23.331,-15.297],[23.316,-14.337],[19.307,-16.695],[14.79,-19.702],[15.82,-20.21]],"c":true},"ix":2},
              "nm":"Path 15","mn":"ADBE Vector Shape - Group","hd":false
            },
            {
              "ind": 15,
              "ty": "sh",
              "ix": 16,
              "ks": {"a":0,"k":{"i":[[0,0.014],[-0.297,-0.099],[-0.819,-0.227],[-0.623,-0.159],[-0.014,0],[-0.48,-1.751],[0.013,0],[0.184,0.325],[3.022,2.372]],"o":[[0.013,-0.014],[0.536,0.184],[0.62,0.17],[0.847,0.212],[0.099,0.099],[0.183,0.664],[-0.015,0.014],[-1.652,-2.908],[-0.395,-0.282]],"v":[[-28.074,-23.818],[-27.538,-23.648],[-25.491,-23.027],[-23.627,-22.533],[-22.06,-22.124],[-20.055,-15.714],[-19.744,-14.486],[-20.098,-15.036],[-27.383,-23.268]],"c":true},"ix":2},
              "nm":"Path 16","mn":"ADBE Vector Shape - Group","hd":false
            },
            {
              "ind": 16,
              "ty": "sh",
              "ix": 17,
              "ks": {"a":0,"k":{"i":[[0.311,1.2],[-0.297,-0.734],[-0.607,-0.565],[-0.763,-0.876],[-0.141,-5.45],[1.652,-3.572],[9.558,-7.85],[0,0],[-2.88,1.581],[-9.177,3.444],[-12.368,1.892],[0,0],[0,0],[0.932,1.157],[4.024,2.259],[9.064,1.793],[3.049,0.466],[4.602,0.791],[1.637,0.352],[1.271,0.438]],"o":[[0,0],[0.183,0.451],[0,0],[3.473,4.009],[0.084,3.502],[-2.937,6.41],[0,0],[0.904,-0.677],[6.65,-3.644],[13.214,-4.97],[0,0],[0,0],[-1.129,-1.751],[-2.711,-3.361],[-5.534,-3.092],[-1.708,-0.338],[-6.466,-1.002],[-1.652,-0.282],[-0.848,-0.184],[-1.016,-0.396]],"v":[[-31.717,-27.348],[-31.731,-26.118],[-30.404,-24.551],[-23.359,-17.548],[-18.234,-4.137],[-20.465,6.014],[-39.158,27.348],[-37.76,26.882],[-32.748,23.904],[-9.438,13.469],[37.872,0.79],[39.158,0.593],[38.959,0.283],[36.121,-3.713],[26.097,-12.057],[4.341,-19.357],[-4.172,-20.811],[-19.42,-23.296],[-25.18,-24.354],[-28.922,-25.357]],"c":true},"ix":2},
              "nm":"Path 17","mn":"ADBE Vector Shape - Group","hd":false
            },
            {
              "ty": "mm",
              "mm": 1,
              "nm": "Merge Paths 1",
              "mn": "ADBE Vector Filter - Merge",
              "hd": false
            },
            {
              "ty": "fl",
              "c": {"a":0,"k":[0.65882,0.10588,0.83529,1],"ix":4},
              "o": {"a":0,"k":100,"ix":5},
              "r":1,"bm":0,
              "nm":"Fill 1","mn":"ADBE Vector Graphic - Fill","hd":false
            },
            {
              "ty": "tr",
              "p": {"a":0,"k":[39.408,27.598],"ix":2},
              "a": {"a":0,"k":[0,0],"ix":1},
              "s": {"a":0,"k":[100,100],"ix":3},
              "r": {"a":0,"k":0,"ix":6},
              "o": {"a":0,"k":100,"ix":7},
              "sk": {"a":0,"k":0,"ix":4},
              "sa": {"a":0,"k":0,"ix":5},
              "nm":"Transform"
            }
          ],
          "nm":"Group 1",
          "np":19,
          "cix":2,
          "bm":0,
          "ix":1,
          "mn":"ADBE Vector Group",
          "hd":false
        }
      ],
      "ip":0,
      "op":181,
      "st":0,
      "bm":0
    },
    {
      "ddd": 0,
      "ind": 2,
      "ty": 4,
      "nm": "Layer 1 Outlines",
      "sr": 1,
      "ks": {
        "o": {"a":0,"k":100,"ix":11},
        "r": {"a":0,"k":0,"ix":10},
        "p": {"a":0,"k":[31.531,47.422,0],"ix":2},
        "a": {"a":0,"k":[27.576,46.911,0],"ix":1},
        "s": {"a":0,"k":[100,100,100],"ix":6}
      },
      "ao": 0,
      "shapes": [
        {
          "ty": "gr",
          "it": [
            {
              "ind": 0,
              "ty": "sh",
              "ix": 1,
              "ks": {"a":0,"k":{"i":[[-0.014,-0.014],[-0.169,-0.381],[-0.367,-0.551],[1.991,0.324],[0,0.028],[-0.184,0.099],[-1.327,1.115],[-0.056,0.043]],"o":[[0.057,0],[0.48,1.059],[0.113,0.183],[-4.786,-0.777],[0,-0.014],[1.482,-0.819],[0.325,-0.268],[0.015,-0.028]],"v":[[8.153,2.061],[8.449,2.569],[10.793,7.031],[9.113,6.904],[2.788,5.845],[3.113,5.633],[7.419,2.654],[8.096,2.089]],"c":true},"ix":2},
              "nm":"Path 1","mn":"ADBE Vector Shape - Group","hd":false
            },
            {
              "ind": 1,
              "ty": "sh",
              "ix": 2,
              "ks": {"a":0,"k":{"i":[[0,0],[0,0],[-0.24,-0.297],[0.014,-0.013],[1.497,0.338],[0.946,0.296],[0,0],[0,0],[-2.033,1.44]],"o":[[0,0],[1.087,1.369],[0.24,0.296],[-0.056,0.043],[-1.539,-0.354],[0,0],[0,0],[0.014,-0.947],[0,0]],"v":[[-8.761,-1.327],[-6.77,1.158],[-4.342,4.165],[-3.918,4.715],[-8.295,3.869],[-11.415,3.05],[-12.192,2.795],[-12.192,2.598],[-8.944,-1.2]],"c":true},"ix":2},
              "nm":"Path 2","mn":"ADBE Vector Shape - Group","hd":false
            },
            {
              "ind": 2,
              "ty": "sh",
              "ix": 3,
              "ks": {"a":0,"k":{"i":[[0,0],[0,0],[-4.151,-0.339],[-0.014,0],[0.509,-0.24],[1.524,-0.945],[0.056,0],[0.311,0.042],[0,0],[0,0],[0.748,0.706]],"o":[[0,0],[2.992,1.017],[0.465,0.042],[0.014,0.014],[-2.004,1.002],[-0.452,0.283],[-0.057,0],[0,0],[0,0],[-2.485,-2.414],[0,0]],"v":[[-8.196,-1.765],[-7.645,-1.582],[7.024,1.214],[7.899,1.299],[7.009,1.765],[1.278,4.941],[0.36,5.45],[-0.304,5.351],[-0.868,5.266],[-2.28,3.882],[-7.462,-1.102]],"c":true},"ix":2},
              "nm":"Path 3","mn":"ADBE Vector Shape - Group","hd":false
            },
            {
              "ind": 3,
              "ty": "sh",
              "ix": 4,
              "ks": {"a":0,"k":{"i":[[-0.395,0.07],[0,0],[-0.056,-0.465],[-0.692,-2.061],[0.607,0.184],[4.673,0.649],[0,0.014],[-1.511,0.705]],"o":[[0,0],[0.014,0.014],[0.24,1.977],[0.522,1.553],[-1.44,-0.395],[-0.748,-0.099],[-0.056,-0.056],[1.934,-0.89]],"v":[[5.414,-8.09],[5.428,-8.09],[5.555,-7.215],[6.925,-1.271],[6.84,0.014],[-5.725,-2.146],[-7.109,-2.358],[-2.224,-4.913]],"c":true},"ix":2},
              "nm":"Path 4","mn":"ADBE Vector Shape - Group","hd":false
            },
            {
              "ind": 4,
              "ty": "sh",
              "ix": 5,
              "ks": {"a":0,"k":{"i":[[0.156,0.014],[3.233,-1.313],[2.089,-1.468],[0.155,-0.381],[0,-0.169],[0,0],[0,0],[0,0],[0,0],[0,0],[0.042,0],[0,0],[0,0],[1.073,2.457],[0.438,1.581]],"o":[[-0.311,-0.042],[-4.363,1.779],[-0.777,0.551],[-0.057,0.141],[0,0],[0,0],[0,0],[0,0],[0,0],[-0.043,0],[0,0],[0,0],[-1.666,-2.937],[-0.833,-1.906],[-0.241,-0.96]],"v":[[5.64,-8.81],[-2.916,-5.732],[-12.756,-0.791],[-14.662,1.115],[-14.747,1.595],[-12.855,3.388],[-8.351,4.828],[2.364,6.748],[14.619,8.852],[14.747,7.793],[14.633,7.779],[13.024,7.525],[12.699,6.946],[8.125,-2.09],[6.064,-7.779]],"c":true},"ix":2},
              "nm":"Path 5","mn":"ADBE Vector Shape - Group","hd":false
            },
            {
              "ty": "mm",
              "mm": 1,
              "nm": "Merge Paths 1",
              "mn": "ADBE Vector Filter - Merge",
              "hd": false
            },
            {
              "ty": "fl",
              "c": {"a":0,"k":[0.65882,0.10588,0.83529,1],"ix":4},
              "o": {"a":0,"k":100,"ix":5},
              "r":1,"bm":0,
              "nm":"Fill 1","mn":"ADBE Vector Graphic - Fill","hd":false
            },
            {
              "ty": "tr",
              "p": {"a":0,"k":[29.539,9.102],"ix":2},
              "a": {"a":0,"k":[0,0],"ix":1},
              "s": {"a":0,"k":[100,100],"ix":3},
              "r": {"a":0,"k":0,"ix":6},
              "o": {"a":0,"k":100,"ix":7},
              "sk": {"a":0,"k":0,"ix":4},
              "sa": {"a":0,"k":0,"ix":5},
              "nm":"Transform"
            }
          ],
          "nm":"Group 1",
          "np":7,
          "cix":2,
          "bm":0,
          "ix":1,
          "mn":"ADBE Vector Group",
          "hd":false
        },
        {
          "ty": "gr",
          "it": [
            {
              "ind": 0,
              "ty": "sh",
              "ix": 1,
              "ks": {"a":0,"k":{"i":[[-0.099,0.015],[0,0],[0.833,-2.004],[0.099,0.014],[2.019,0.297],[1.482,0.339],[0,0],[0,0],[-2.202,0.678],[-2.782,1.299]],"o":[[0,0],[0.056,0.142],[-0.184,0.452],[-0.24,-0.014],[-3.515,-0.536],[0,0],[0,0],[4.518,-1.016],[2.782,-0.847],[0.437,-0.197]],"v":[[18.092,15.071],[18.107,15.071],[15.044,23.57],[14.691,24.121],[9.113,23.344],[-1.786,21.438],[-2.124,21.368],[-0.021,20.887],[8.874,18.643],[17.189,15.438]],"c":true},"ix":2},
              "nm":"Path 1","mn":"ADBE Vector Shape - Group","hd":false
            },
            {
              "ind": 1,
              "ty": "sh",
              "ix": 2,
              "ks": {"a":0,"k":{"i":[[-0.014,-0.015],[1.751,-2.768],[0.297,-0.465],[0.24,-0.394],[0,0],[0,0],[0.946,0.381],[0.904,0.481],[-0.113,0.028],[-2.329,0.636],[-2.245,0.705]],"o":[[0.014,0.014],[-0.748,1.171],[-0.282,0.453],[0,0],[0,0],[-0.509,-0.141],[-1.172,-0.466],[-1.129,-0.607],[0.028,-0.014],[6.184,-1.679],[0.41,-0.128]],"v":[[0.516,10.949],[-2.223,15.34],[-4.102,18.304],[-5.048,19.857],[-5.456,20.578],[-5.669,20.521],[-10.695,18.742],[-13.984,17.231],[-16.413,15.692],[-12.12,14.52],[-0.262,11.161]],"c":true},"ix":2},
              "nm":"Path 2","mn":"ADBE Vector Shape - Group","hd":false
            },
            {
              "ind": 2,
              "ty": "sh",
              "ix": 3,
              "ks": {"a":0,"k":{"i":[[0,0.014],[-0.762,-0.283],[-1.948,-0.494],[-2.047,-0.169],[0.056,-0.043],[1.525,-0.48],[6.043,-1.737],[0.057,-0.015],[0,0.056],[-0.409,0.481],[-1.68,2.57]],"o":[[0.014,-0.014],[1.836,0.691],[2.401,0.607],[0.31,0.028],[-0.1,0.056],[-2.428,0.762],[-1.115,0.325],[-0.141,0.028],[0,-0.029],[2.034,-2.427],[0.465,-0.706]],"v":[[3.001,10.878],[4.398,11.373],[9.635,12.996],[17.557,14.365],[17.98,14.465],[14.281,15.693],[-1.602,20.38],[-3.734,20.987],[-4.342,20.832],[-3.594,19.885],[2.139,12.177]],"c":true},"ix":2},
              "nm":"Path 3","mn":"ADBE Vector Shape - Group","hd":false
            },
            {
              "ind": 3,
              "ty": "sh",
              "ix": 4,
              "ks": {"a":0,"k":{"i":[[0,0],[0,0],[-2.513,-1.468],[0.028,-0.015],[3.996,-1.384],[0.014,0],[0.142,0.098],[0,0],[0,0],[-3.629,4.377]],"o":[[0,0],[2.033,2.272],[0.452,0.255],[-0.099,0.07],[-2.244,0.79],[-0.014,0],[0,0],[0,0],[1.327,-1.92],[0,0]],"v":[[-8.266,2.816],[-7.814,3.325],[-1.193,8.746],[-0.43,9.241],[-13.152,13.759],[-17.26,15.184],[-17.542,15.001],[-17.796,14.817],[-17.387,14.224],[-10.764,5.824]],"c":true},"ix":2},
              "nm":"Path 4","mn":"ADBE Vector Shape - Group","hd":false
            },
            {
              "ind": 4,
              "ty": "sh",
              "ix": 5,
              "ks": {"a":0,"k":{"i":[[-0.014,0],[2.513,-3.515],[0.382,-0.536],[0.324,-0.507],[0,0],[0,0],[0.579,0.734],[0.325,1.453],[-0.141,0.042],[-3.53,0.818],[-0.818,0.197]],"o":[[0.028,0.028],[-0.875,1.228],[-0.381,0.537],[0,0],[0,0],[-0.749,-0.621],[-1.214,-1.511],[-0.155,-0.679],[0.212,-0.056],[1.963,-0.452],[0.819,-0.198]],"v":[[-10.074,2.125],[-14.352,8.252],[-16.624,11.457],[-17.908,13.348],[-18.503,14.266],[-19.137,13.73],[-21.764,11.048],[-24.122,6.488],[-24.135,5.428],[-16.624,3.664],[-11.57,2.478]],"c":true},"ix":2},
              "nm":"Path 5","mn":"ADBE Vector Shape - Group","hd":false
            },
            {
              "ind": 5,
              "ty": "sh",
              "ix": 6,
              "ks": {"a":0,"k":{"i":[[-0.042,0],[0.015,0.015],[0.593,-2.103],[0.776,-2.442],[0.014,0],[0.085,0.028],[3.53,1.412],[0.085,0.07],[-1.073,0.466],[-2.287,1.37]],"o":[[0,0],[0.015,0.325],[-0.494,1.765],[-0.339,1.073],[-0.014,0],[-4.193,-0.763],[-0.988,-0.395],[-0.028,-0.028],[6.424,-2.809],[0.268,-0.169]],"v":[[22.13,1.023],[22.13,1.023],[20.831,6.36],[19.137,11.951],[18.488,13.914],[18.305,13.871],[6.826,10.638],[4.341,9.537],[6.234,8.647],[21.609,1.277]],"c":true},"ix":2},
              "nm":"Path 6","mn":"ADBE Vector Shape - Group","hd":false
            },
            {
              "ind": 6,
              "ty": "sh",
              "ix": 7,
              "ks": {"a":0,"k":{"i":[[-0.014,0],[0.142,-0.338],[2.061,-3.643],[0.014,0],[0.508,0.31],[1.736,2.188],[0,0],[0,0],[-3.883,1.666]],"o":[[0.015,0.014],[-1.228,2.979],[-0.522,0.932],[-0.014,0],[-2.993,-1.835],[0,0],[0,0],[4.602,-1.256],[0.551,-0.225]],"v":[[8.182,-3.847],[7.941,-3.198],[3.042,6.671],[2.068,8.351],[1.122,7.786],[-6.262,1.504],[-6.516,1.193],[-5.23,0.84],[7.165,-3.438]],"c":true},"ix":2},
              "nm":"Path 7","mn":"ADBE Vector Shape - Group","hd":false
            },
            {
              "ind": 7,
              "ty": "sh",
              "ix": 8,
              "ks": {"a":0,"k":{"i":[[-0.014,0.013],[-0.409,-0.24],[-3.586,-0.833],[0,0],[0,0],[6.31,-2.358],[0.169,-0.071],[0,0.014],[-0.325,0.608],[-0.904,2.795]],"o":[[0.014,-0.015],[3.022,1.751],[0,0],[0,0],[-1.878,1.045],[-0.918,0.339],[-0.17,0.071],[0,-0.014],[1.765,-3.304],[0.114,-0.268]],"v":[[10.426,-4.581],[11.188,-4.172],[22.003,0.035],[22.327,0.106],[21.876,0.36],[7.518,6.332],[5.527,7.08],[5.202,7.179],[5.781,6.063],[10.229,-4.059]],"c":true},"ix":2},
              "nm":"Path 8","mn":"ADBE Vector Shape - Group","hd":false
            },
            {
              "ind": 8,
              "ty": "sh",
              "ix": 9,
              "ks": {"a":0,"k":{"i":[[-0.014,0],[0.085,-0.508],[0.028,-0.466],[-1.016,-2.09],[0.015,-0.015],[2.937,-0.805],[0.057,-0.014],[-0.043,0.24],[-2.203,2.287],[-2.005,1.145],[-0.169,0.056]],"o":[[0.057,0],[-0.057,0.367],[-0.113,2.062],[0.283,0.579],[-0.098,0.084],[-0.875,0.24],[-0.099,0.028],[0.324,-2.075],[1.468,-1.525],[1.44,-0.818],[0,-0.015]],"v":[[-11.598,-8.521],[-11.641,-7.9],[-11.796,-6.389],[-10.553,-0.713],[-10.059,0.36],[-22.441,3.988],[-24.135,4.454],[-24.206,4.228],[-20.098,-2.845],[-15.452,-6.404],[-11.626,-8.506]],"c":true},"ix":2},
              "nm":"Path 9","mn":"ADBE Vector Shape - Group","hd":false
            },
            {
              "ind": 9,
              "ty": "sh",
              "ix": 10,
              "ks": {"a":0,"k":{"i":[[0,0],[0,0],[0.494,-3.148],[0.014,-0.015],[0.48,0.141],[2.075,1.143],[-0.057,0.056],[-0.692,0.368],[-2.3,1.538],[-0.283,0.255]],"o":[[0,0],[0,3.149],[-0.085,0.551],[0,0],[-2.118,-0.664],[-1.37,-0.749],[0.014,-0.015],[2.767,-1.439],[0.862,-0.579],[0,0]],"v":[[23.415,-12.7],[23.415,-12.107],[22.583,-1.49],[22.413,-0.473],[21.523,-0.727],[15.029,-3.508],[11.725,-5.541],[13.025,-6.234],[20.747,-10.765],[23.189,-12.531]],"c":true},"ix":2},
              "nm":"Path 10","mn":"ADBE Vector Shape - Group","hd":false
            },
            {
              "ind": 10,
              "ty": "sh",
              "ix": 11,
              "ks": {"a":0,"k":{"i":[[-0.056,-0.056],[0.706,-1.383],[2.005,-3.19],[0.043,-0.057],[0.226,0.438],[0.211,1.116],[-0.24,1.187],[-0.424,0.211]],"o":[[0.042,0.029],[-1.369,2.669],[-0.339,0.551],[-0.07,0.098],[-0.48,-0.946],[-0.212,-1.1],[0.184,-0.875],[1.807,-0.918]],"v":[[-0.939,-13.688],[-2.322,-10.766],[-7.193,-2.281],[-7.9,-1.164],[-8.223,-1.532],[-9.311,-4.808],[-9.24,-9.015],[-8.648,-10.087]],"c":true},"ix":2},
              "nm":"Path 11","mn":"ADBE Vector Shape - Group","hd":false
            },
            {
              "ind": 11,
              "ty": "sh",
              "ix": 12,
              "ks": {"a":0,"k":{"i":[[-0.042,0],[-0.015,-0.014],[-0.085,-0.254],[-0.875,-1.158],[-1.044,-0.889],[-0.042,-0.043],[2.301,-0.875],[3.332,-1.073],[0.795,-0.261],[-0.368,0.579],[-1.411,3.587],[-0.043,0.141],[-0.183,0.099]],"o":[[0.015,0],[0.028,0.028],[0.451,1.228],[0.96,1.271],[0.339,0.283],[0.085,0.084],[-2.668,1.016],[-0.796,0.257],[-0.127,0.042],[1.651,-2.583],[0.24,-0.621],[0.056,-0.198],[0.099,-0.028]],"v":[[1.885,-14.86],[1.928,-14.846],[2.139,-14.337],[4.482,-10.144],[7.743,-6.629],[8.436,-6.035],[6.247,-5.09],[-2.661,-1.984],[-5.048,-1.207],[-4.764,-1.815],[0.811,-13.053],[1.335,-14.436],[1.645,-14.803]],"c":true},"ix":2},
              "nm":"Path 12","mn":"ADBE Vector Shape - Group","hd":false
            },
            {
              "ind": 12,
              "ty": "sh",
              "ix": 13,
              "ks": {"a":0,"k":{"i":[[-0.057,-0.055],[0.113,-0.861],[0.649,-2.161],[0.028,-0.028],[0.636,0.733],[0.635,1.242],[-0.042,0.042]],"o":[[0.084,0.085],[-0.254,2.061],[-0.156,0.522],[-0.057,0.071],[-1.101,-1.271],[-0.325,-0.636],[0.226,-0.155]],"v":[[11.118,-18.489],[11.033,-14.38],[9.736,-8.238],[9.41,-7.25],[6.783,-9.805],[4.186,-13.589],[3.395,-15.509]],"c":true},"ix":2},
              "nm":"Path 13","mn":"ADBE Vector Shape - Group","hd":false
            },
            {
              "ind": 13,
              "ty": "sh",
              "ix": 14,
              "ks": {"a":0,"k":{"i":[[-0.014,0],[-0.777,-0.48],[-1.694,-0.734],[1.2,-0.819],[3.925,-1.737],[0.014,0],[-0.113,0.423],[-0.028,2.851],[-0.127,0.042]],"o":[[0.128,0],[2.908,1.822],[0.523,0.226],[-2.569,1.751],[-0.692,0.311],[-0.028,0],[0.946,-3.516],[0.014,-1.412],[-0.028,0.013]],"v":[[13.081,-19.237],[14.309,-18.573],[22.865,-13.815],[22.243,-12.855],[12.544,-7.645],[11.26,-7.095],[11.428,-7.871],[12.939,-17.796],[13.081,-19.25]],"c":true},"ix":2},
              "nm":"Path 14","mn":"ADBE Vector Shape - Group","hd":false
            },
            {
              "ind": 14,
              "ty": "sh",
              "ix": 15,
              "ks": {"a":0,"k":{"i":[[-0.155,0],[-0.113,-2.739],[0.028,0],[1.623,1.017],[0.424,0.338],[-1.159,0.395]],"o":[[0.17,0],[0.029,0.579],[-0.113,0],[-1.412,-0.889],[-0.142,-0.099],[1.961,-0.664]],"v":[[22.596,-22.371],[23.331,-15.297],[23.316,-14.337],[19.307,-16.695],[14.79,-19.702],[15.82,-20.21]],"c":true},"ix":2},
              "nm":"Path 15","mn":"ADBE Vector Shape - Group","hd":false
            },
            {
              "ind": 15,
              "ty": "sh",
              "ix": 16,
              "ks": {"a":0,"k":{"i":[[0,0.014],[-0.297,-0.099],[-0.819,-0.227],[-0.623,-0.159],[-0.014,0],[-0.48,-1.751],[0.013,0],[0.184,0.325],[3.022,2.372]],"o":[[0.013,-0.014],[0.536,0.184],[0.62,0.17],[0.847,0.212],[0.099,0.099],[0.183,0.664],[-0.015,0.014],[-1.652,-2.908],[-0.395,-0.282]],"v":[[-28.074,-23.818],[-27.538,-23.648],[-25.491,-23.027],[-23.627,-22.533],[-22.06,-22.124],[-20.055,-15.714],[-19.744,-14.486],[-20.098,-15.036],[-27.383,-23.268]],"c":true},"ix":2},
              "nm":"Path 16","mn":"ADBE Vector Shape - Group","hd":false
            },
            {
              "ind": 16,
              "ty": "sh",
              "ix": 17,
              "ks": {"a":0,"k":{"i":[[0.311,1.2],[-0.297,-0.734],[-0.607,-0.565],[-0.763,-0.876],[-0.141,-5.45],[1.652,-3.572],[9.558,-7.85],[0,0],[-2.88,1.581],[-9.177,3.444],[-12.368,1.892],[0,0],[0,0],[0.932,1.157],[4.024,2.259],[9.064,1.793],[3.049,0.466],[4.602,0.791],[1.637,0.352],[1.271,0.438]],"o":[[0,0],[0.183,0.451],[0,0],[3.473,4.009],[0.084,3.502],[-2.937,6.41],[0,0],[0.904,-0.677],[6.65,-3.644],[13.214,-4.97],[0,0],[0,0],[-1.129,-1.751],[-2.711,-3.361],[-5.534,-3.092],[-1.708,-0.338],[-6.466,-1.002],[-1.652,-0.282],[-0.848,-0.184],[-1.016,-0.396]],"v":[[-31.717,-27.348],[-31.731,-26.118],[-30.404,-24.551],[-23.359,-17.548],[-18.234,-4.137],[-20.465,6.014],[-39.158,27.348],[-37.76,26.882],[-32.748,23.904],[-9.438,13.469],[37.872,0.79],[39.158,0.593],[38.959,0.283],[36.121,-3.713],[26.097,-12.057],[4.341,-19.357],[-4.172,-20.811],[-19.42,-23.296],[-25.18,-24.354],[-28.922,-25.357]],"c":true},"ix":2},
              "nm":"Path 17","mn":"ADBE Vector Shape - Group","hd":false
            },
            {
              "ty": "mm",
              "mm": 1,
              "nm": "Merge Paths 1",
              "mn": "ADBE Vector Filter - Merge",
              "hd": false
            },
            {
              "ty": "fl",
              "c": {"a":0,"k":[0.65882,0.10588,0.83529,1],"ix":4},
              "o": {"a":0,"k":100,"ix":5},
              "r":1,"bm":0,
              "nm":"Fill 1","mn":"ADBE Vector Graphic - Fill","hd":false
            },
            {
              "ty": "tr",
              "p": {"a":0,"k":[27.576,68.703],"ix":2},
              "a": {"a":0,"k":[0,0],"ix":1},
              "s": {"a":0,"k":[100,100],"ix":3},
              "r": {"a":0,"k":0,"ix":6},
              "o": {"a":0,"k":100,"ix":7},
              "sk": {"a":0,"k":0,"ix":4},
              "sa": {"a":0,"k":0,"ix":5},
              "nm":"Transform"
            }
          ],
          "nm":"Group 2",
          "np":18,
          "cix":2,
          "bm":0,
          "ix":2,
          "mn":"ADBE Vector Group",
          "hd":false
        }
      ],
      "ip":0,
      "op":181,
      "st":0,
      "bm":0
    }
  ],
  "markers": []
}