{
  "v": "5.5.8",
  "fr": 60,
  "ip": 0,
  "op": 176,
  "w": 95,
  "h": 95,
  "nm": "Node.JS Icon",
  "ddd": 1,
  "assets": [],
  "layers": [
    {
      "ddd": 1,
      "ind": 1,
      "ty": 4,
      "nm": "Layer 2 Outlines",
      "sr": 1,
      "ks": {
        "o": {
          "a": 0,
          "k": 100,
          "ix": 11
        },
        "rx": {
          "a": 0,
          "k": 0,
          "ix": 8
        },
        "ry": {
          "a": 0,
          "k": 0,
          "ix": 9
        },
        "rz": {
          "a": 0,
          "k": 0,
          "ix": 10
        },
        "or": {
          "a": 0,
          "k": [0, 0, 0],
          "ix": 7
        },
        "p": {
          "a": 0,
          "k": [84.204, 44.953, 0],
          "ix": 2
        },
        "a": {
          "a": 0,
          "k": [2.859, 3.287, 0],
          "ix": 1
        },
        "s": {
          "a": 1,
          "k": [
            {
              "i": {
                "x": [0.667, 0.667, 0.667],
                "y": [1, 1, 1]
              },
              "o": {
                "x": [0.333, 0.333, 0.333],
                "y": [0, 0, 0]
              },
              "t": 71.428,
              "s": [0, 0, 100]
            },
            {
              "i": {
                "x": [0.667, 0.667, 0.667],
                "y": [1, 1, 1]
              },
              "o": {
                "x": [0.333, 0.333, 0.333],
                "y": [0, 0, 0]
              },
              "t": 89.285,
              "s": [135, 135, 100]
            },
            {
              "i": {
                "x": [0.667, 0.667, 0.667],
                "y": [1, 1, 1]
              },
              "o": {
                "x": [0.333, 0.333, 0.333],
                "y": [0, 0, 0]
              },
              "t": 107.143,
              "s": [90, 90, 100]
            },
            {
              "t": 125,
              "s": [100, 100, 100]
            }
          ],
          "ix": 6
        }
      },
      "ao": 0,
      "shapes": [
        {
          "ty": "gr",
          "it": [
            {
              "ind": 0,
              "ty": "sh",
              "ix": 1,
              "ks": {
                "a": 0,
                "k": {
                  "i": [
                    [0, 0],
                    [0, 0],
                    [0, 0],
                    [0, 0],
                    [0, 0],
                    [0, 0]
                  ],
                  "o": [
                    [0, 0],
                    [0, 0],
                    [0, 0],
                    [0, 0],
                    [0, 0],
                    [0, 0]
                  ],
                  "v": [
                    [0, -3.037],
                    [-2.609, -1.516],
                    [-2.609, 1.522],
                    [0, 3.037],
                    [2.609, 1.522],
                    [2.609, -1.516]
                  ],
                  "c": true
                },
                "ix": 2
              },
              "nm": "Path 1",
              "mn": "ADBE Vector Shape - Group",
              "hd": false
            },
            {
              "ty": "fl",
              "c": {
                "a": 0,
                "k": [0.324105146819, 0.714812215169, 0.555187030867, 1],
                "ix": 4
              },
              "o": {
                "a": 0,
                "k": 100,
                "ix": 5
              },
              "r": 1,
              "bm": 0,
              "nm": "Fill 1",
              "mn": "ADBE Vector Graphic - Fill",
              "hd": false
            },
            {
              "ty": "tr",
              "p": {
                "a": 0,
                "k": [2.859, 3.287],
                "ix": 2
              },
              "a": {
                "a": 0,
                "k": [0, 0],
                "ix": 1
              },
              "s": {
                "a": 0,
                "k": [100, 100],
                "ix": 3
              },
              "r": {
                "a": 0,
                "k": 0,
                "ix": 6
              },
              "o": {
                "a": 0,
                "k": 100,
                "ix": 7
              },
              "sk": {
                "a": 0,
                "k": 0,
                "ix": 4
              },
              "sa": {
                "a": 0,
                "k": 0,
                "ix": 5
              },
              "nm": "Transform"
            }
          ],
          "nm": "Group 1",
          "np": 2,
          "cix": 2,
          "bm": 0,
          "ix": 1,
          "mn": "ADBE Vector Group",
          "hd": false
        }
      ],
      "ip": 40,
      "op": 216,
      "st": 40,
      "bm": 0
    },
    {
      "ddd": 1,
      "ind": 2,
      "ty": 4,
      "nm": "Layer 3 Outlines",
      "sr": 1,
      "ks": {
        "o": {
          "a": 0,
          "k": 100,
          "ix": 11
        },
        "rx": {
          "a": 0,
          "k": 0,
          "ix": 8
        },
        "ry": {
          "a": 0,
          "k": 0,
          "ix": 9
        },
        "rz": {
          "a": 0,
          "k": 0,
          "ix": 10
        },
        "or": {
          "a": 0,
          "k": [0, 0, 0],
          "ix": 7
        },
        "p": {
          "a": 0,
          "k": [35.515, 44.982, 0],
          "ix": 2
        },
        "a": {
          "a": 0,
          "k": [10.9, 12.451, 0],
          "ix": 1
        },
        "s": {
          "a": 1,
          "k": [
            {
              "i": {
                "x": [0.667, 0.667, 0.667],
                "y": [1, 1, 1]
              },
              "o": {
                "x": [0.333, 0.333, 0.333],
                "y": [0, 0, 0]
              },
              "t": 26.191,
              "s": [0, 0, 100]
            },
            {
              "i": {
                "x": [0.667, 0.667, 0.667],
                "y": [1, 1, 1]
              },
              "o": {
                "x": [0.333, 0.333, 0.333],
                "y": [0, 0, 0]
              },
              "t": 53.572,
              "s": [105, 105, 100]
            },
            {
              "i": {
                "x": [0.667, 0.667, 0.667],
                "y": [1, 1, 1]
              },
              "o": {
                "x": [0.333, 0.333, 0.333],
                "y": [0, 0, 0]
              },
              "t": 80.953,
              "s": [90, 90, 100]
            },
            {
              "t": 108.333984375,
              "s": [100, 100, 100]
            }
          ],
          "ix": 6
        }
      },
      "ao": 0,
      "shapes": [
        {
          "ty": "gr",
          "it": [
            {
              "ind": 0,
              "ty": "sh",
              "ix": 1,
              "ks": {
                "a": 0,
                "k": {
                  "i": [
                    [0.267, 0],
                    [0.239, -0.138],
                    [0, 0],
                    [0, -0.545],
                    [0, 0],
                    [-0.475, -0.273],
                    [0, 0],
                    [-0.477, 0.277],
                    [0, 0],
                    [0, 0.545],
                    [0, 0],
                    [0.474, 0.274],
                    [0, 0]
                  ],
                  "o": [
                    [-0.267, 0],
                    [0, 0],
                    [-0.475, 0.274],
                    [0, 0],
                    [0, 0.548],
                    [0, 0],
                    [0.478, 0.277],
                    [0, 0],
                    [0.474, -0.273],
                    [0, 0],
                    [0, -0.548],
                    [0, 0],
                    [-0.238, -0.138]
                  ],
                  "v": [
                    [0.001, -12.201],
                    [-0.773, -11.993],
                    [-9.883, -6.68],
                    [-10.65, -5.354],
                    [-10.65, 5.285],
                    [-9.883, 6.61],
                    [-0.773, 11.924],
                    [0.773, 11.924],
                    [9.885, 6.61],
                    [10.65, 5.285],
                    [10.65, -5.354],
                    [9.885, -6.68],
                    [0.773, -11.993]
                  ],
                  "c": true
                },
                "ix": 2
              },
              "nm": "Path 1",
              "mn": "ADBE Vector Shape - Group",
              "hd": false
            },
            {
              "ty": "fl",
              "c": {
                "a": 0,
                "k": [0.324105146819, 0.714812215169, 0.555187030867, 1],
                "ix": 4
              },
              "o": {
                "a": 0,
                "k": 100,
                "ix": 5
              },
              "r": 1,
              "bm": 0,
              "nm": "Fill 1",
              "mn": "ADBE Vector Graphic - Fill",
              "hd": false
            },
            {
              "ty": "tr",
              "p": {
                "a": 0,
                "k": [10.9, 12.451],
                "ix": 2
              },
              "a": {
                "a": 0,
                "k": [0, 0],
                "ix": 1
              },
              "s": {
                "a": 0,
                "k": [100, 100],
                "ix": 3
              },
              "r": {
                "a": 0,
                "k": 0,
                "ix": 6
              },
              "o": {
                "a": 0,
                "k": 100,
                "ix": 7
              },
              "sk": {
                "a": 0,
                "k": 0,
                "ix": 4
              },
              "sa": {
                "a": 0,
                "k": 0,
                "ix": 5
              },
              "nm": "Transform"
            }
          ],
          "nm": "Group 1",
          "np": 2,
          "cix": 2,
          "bm": 0,
          "ix": 1,
          "mn": "ADBE Vector Group",
          "hd": false
        }
      ],
      "ip": 2,
      "op": 178,
      "st": 2,
      "bm": 0
    },
    {
      "ddd": 1,
      "ind": 3,
      "ty": 4,
      "nm": "Layer 4 Outlines",
      "sr": 1,
      "ks": {
        "o": {
          "a": 1,
          "k": [
            {
              "i": {
                "x": [0.667],
                "y": [1]
              },
              "o": {
                "x": [0.333],
                "y": [0]
              },
              "t": 0,
              "s": [0]
            },
            {
              "t": 35.71484375,
              "s": [100]
            }
          ],
          "ix": 11
        },
        "rx": {
          "a": 0,
          "k": 0,
          "ix": 8
        },
        "ry": {
          "a": 0,
          "k": 0,
          "ix": 9
        },
        "rz": {
          "a": 0,
          "k": 0,
          "ix": 10
        },
        "or": {
          "a": 0,
          "k": [0, 0, 0],
          "ix": 7
        },
        "p": {
          "a": 1,
          "k": [
            {
              "i": {
                "x": 0.833,
                "y": 0.833
              },
              "o": {
                "x": 0.167,
                "y": 0.167
              },
              "t": 0,
              "s": [11.17, 28.54, 0],
              "to": [0, 2.5, 0],
              "ti": [0, -2.5, 0]
            },
            {
              "t": 40,
              "s": [11.17, 43.54, 0]
            }
          ],
          "ix": 2
        },
        "a": {
          "a": 0,
          "k": [10.901, 11.003, 0],
          "ix": 1
        },
        "s": {
          "a": 0,
          "k": [100, 100, 100],
          "ix": 6
        }
      },
      "ao": 0,
      "shapes": [
        {
          "ty": "gr",
          "it": [
            {
              "ind": 0,
              "ty": "sh",
              "ix": 1,
              "ks": {
                "a": 0,
                "k": {
                  "i": [
                    [0.268, 0],
                    [0.237, -0.14],
                    [0, 0],
                    [0, -0.548],
                    [0, 0],
                    [-0.572, 0.331],
                    [0, 0],
                    [0, 0.542],
                    [0, 0],
                    [0, 0],
                    [0, 0],
                    [0, 0],
                    [-0.465, -0.273],
                    [0, 0],
                    [0, 0.663],
                    [0, 0],
                    [0.475, 0.277],
                    [0, 0]
                  ],
                  "o": [
                    [-0.268, 0],
                    [0, 0],
                    [-0.475, 0.277],
                    [0, 0],
                    [0, 0.663],
                    [0, 0],
                    [0.465, -0.273],
                    [0, 0],
                    [0, 0],
                    [0, 0],
                    [0, 0],
                    [0, 0.542],
                    [0, 0],
                    [0.572, 0.334],
                    [0, 0],
                    [0, -0.548],
                    [0, 0],
                    [-0.238, -0.14]
                  ],
                  "v": [
                    [0, -10.753],
                    [-0.772, -10.544],
                    [-9.884, -5.238],
                    [-10.651, -3.906],
                    [-10.651, 9.676],
                    [-9.361, 10.419],
                    [-5.319, 8.064],
                    [-4.564, 6.751],
                    [-4.564, -1.29],
                    [0, -3.954],
                    [4.564, -1.29],
                    [4.564, 6.751],
                    [5.319, 8.064],
                    [9.361, 10.419],
                    [10.651, 9.676],
                    [10.651, -3.906],
                    [9.884, -5.238],
                    [0.773, -10.544]
                  ],
                  "c": true
                },
                "ix": 2
              },
              "nm": "Path 1",
              "mn": "ADBE Vector Shape - Group",
              "hd": false
            },
            {
              "ty": "fl",
              "c": {
                "a": 0,
                "k": [0.49739038804, 0.787973261814, 0.785516895967, 1],
                "ix": 4
              },
              "o": {
                "a": 0,
                "k": 100,
                "ix": 5
              },
              "r": 1,
              "bm": 0,
              "nm": "Fill 1",
              "mn": "ADBE Vector Graphic - Fill",
              "hd": false
            },
            {
              "ty": "tr",
              "p": {
                "a": 0,
                "k": [10.901, 11.003],
                "ix": 2
              },
              "a": {
                "a": 0,
                "k": [0, 0],
                "ix": 1
              },
              "s": {
                "a": 0,
                "k": [100, 100],
                "ix": 3
              },
              "r": {
                "a": 0,
                "k": 0,
                "ix": 6
              },
              "o": {
                "a": 0,
                "k": 100,
                "ix": 7
              },
              "sk": {
                "a": 0,
                "k": 0,
                "ix": 4
              },
              "sa": {
                "a": 0,
                "k": 0,
                "ix": 5
              },
              "nm": "Transform"
            }
          ],
          "nm": "Group 1",
          "np": 2,
          "cix": 2,
          "bm": 0,
          "ix": 1,
          "mn": "ADBE Vector Group",
          "hd": false
        }
      ],
      "ip": 0,
      "op": 176,
      "st": 0,
      "bm": 0
    },
    {
      "ddd": 1,
      "ind": 4,
      "ty": 4,
      "nm": "Layer 5 Outlines",
      "sr": 1,
      "ks": {
        "o": {
          "a": 1,
          "k": [
            {
              "i": {
                "x": [0.667],
                "y": [1]
              },
              "o": {
                "x": [0.333],
                "y": [0]
              },
              "t": 0,
              "s": [0]
            },
            {
              "t": 35.71484375,
              "s": [100]
            }
          ],
          "ix": 11
        },
        "rx": {
          "a": 0,
          "k": 0,
          "ix": 8
        },
        "ry": {
          "a": 0,
          "k": 0,
          "ix": 9
        },
        "rz": {
          "a": 0,
          "k": 0,
          "ix": 10
        },
        "or": {
          "a": 0,
          "k": [0, 0, 0],
          "ix": 7
        },
        "p": {
          "a": 1,
          "k": [
            {
              "i": {
                "x": 0.833,
                "y": 0.833
              },
              "o": {
                "x": 0.167,
                "y": 0.167
              },
              "t": 0,
              "s": [59.86, 22.339, 0],
              "to": [0, 2.5, 0],
              "ti": [0, -2.5, 0]
            },
            {
              "t": 40,
              "s": [59.86, 37.339, 0]
            }
          ],
          "ix": 2
        },
        "a": {
          "a": 0,
          "k": [10.901, 20.03, 0],
          "ix": 1
        },
        "s": {
          "a": 0,
          "k": [100, 100, 100],
          "ix": 6
        }
      },
      "ao": 0,
      "shapes": [
        {
          "ty": "gr",
          "it": [
            {
              "ind": 0,
              "ty": "sh",
              "ix": 1,
              "ks": {
                "a": 0,
                "k": {
                  "i": [
                    [0, 0],
                    [0, 0],
                    [0, 0],
                    [0, 0],
                    [0, 0],
                    [0, 0]
                  ],
                  "o": [
                    [0, 0],
                    [0, 0],
                    [0, 0],
                    [0, 0],
                    [0, 0],
                    [0, 0]
                  ],
                  "v": [
                    [4.564, 10.316],
                    [0, 12.964],
                    [-4.565, 10.316],
                    [-4.565, 4.9],
                    [0, 2.253],
                    [4.564, 4.9]
                  ],
                  "c": true
                },
                "ix": 2
              },
              "nm": "Path 1",
              "mn": "ADBE Vector Shape - Group",
              "hd": false
            },
            {
              "ind": 1,
              "ty": "sh",
              "ix": 2,
              "ks": {
                "a": 0,
                "k": {
                  "i": [
                    [0.456, 0.274],
                    [0, 0],
                    [0.152, 0],
                    [0, -0.518],
                    [0, 0],
                    [0, 0],
                    [0.274, 0],
                    [0.213, -0.153],
                    [0, 0],
                    [0, -0.548],
                    [0, 0],
                    [-0.457, -0.273],
                    [0, 0],
                    [-0.274, 0],
                    [-0.213, 0.153],
                    [0, 0],
                    [0, 0.548],
                    [0, 0]
                  ],
                  "o": [
                    [0, 0],
                    [-0.152, -0.09],
                    [-0.486, 0],
                    [0, 0],
                    [0, 0],
                    [-0.213, -0.153],
                    [-0.274, 0],
                    [0, 0],
                    [-0.457, 0.274],
                    [0, 0],
                    [0, 0.548],
                    [0, 0],
                    [0.213, 0.153],
                    [0.274, 0],
                    [0, 0],
                    [0.456, -0.273],
                    [0, 0],
                    [0, -0.548]
                  ],
                  "v": [
                    [9.89, -17.345],
                    [5.934, -19.658],
                    [5.477, -19.779],
                    [4.564, -18.867],
                    [4.564, -2.13],
                    [0.76, -4.35],
                    [0, -4.564],
                    [-0.761, -4.35],
                    [-9.89, 0.975],
                    [-10.651, 2.283],
                    [-10.651, 12.934],
                    [-9.89, 14.242],
                    [-0.761, 19.566],
                    [0, 19.779],
                    [0.76, 19.566],
                    [9.89, 14.242],
                    [10.651, 12.934],
                    [10.651, -16.036]
                  ],
                  "c": true
                },
                "ix": 2
              },
              "nm": "Path 2",
              "mn": "ADBE Vector Shape - Group",
              "hd": false
            },
            {
              "ty": "mm",
              "mm": 1,
              "nm": "Merge Paths 1",
              "mn": "ADBE Vector Filter - Merge",
              "hd": false
            },
            {
              "ty": "fl",
              "c": {
                "a": 0,
                "k": [0.49739038804, 0.787973261814, 0.785516895967, 1],
                "ix": 4
              },
              "o": {
                "a": 0,
                "k": 100,
                "ix": 5
              },
              "r": 1,
              "bm": 0,
              "nm": "Fill 1",
              "mn": "ADBE Vector Graphic - Fill",
              "hd": false
            },
            {
              "ty": "tr",
              "p": {
                "a": 0,
                "k": [10.901, 20.03],
                "ix": 2
              },
              "a": {
                "a": 0,
                "k": [0, 0],
                "ix": 1
              },
              "s": {
                "a": 0,
                "k": [100, 100],
                "ix": 3
              },
              "r": {
                "a": 0,
                "k": 0,
                "ix": 6
              },
              "o": {
                "a": 0,
                "k": 100,
                "ix": 7
              },
              "sk": {
                "a": 0,
                "k": 0,
                "ix": 4
              },
              "sa": {
                "a": 0,
                "k": 0,
                "ix": 5
              },
              "nm": "Transform"
            }
          ],
          "nm": "Group 1",
          "np": 4,
          "cix": 2,
          "bm": 0,
          "ix": 1,
          "mn": "ADBE Vector Group",
          "hd": false
        }
      ],
      "ip": 0,
      "op": 176,
      "st": 0,
      "bm": 0
    },
    {
      "ddd": 1,
      "ind": 5,
      "ty": 4,
      "nm": "Layer 6 Outlines",
      "sr": 1,
      "ks": {
        "o": {
          "a": 1,
          "k": [
            {
              "i": {
                "x": [0.667],
                "y": [1]
              },
              "o": {
                "x": [0.333],
                "y": [0]
              },
              "t": 0,
              "s": [0]
            },
            {
              "t": 35.71484375,
              "s": [100]
            }
          ],
          "ix": 11
        },
        "rx": {
          "a": 0,
          "k": 0,
          "ix": 8
        },
        "ry": {
          "a": 0,
          "k": 0,
          "ix": 9
        },
        "rz": {
          "a": 0,
          "k": 0,
          "ix": 10
        },
        "or": {
          "a": 0,
          "k": [0, 0, 0],
          "ix": 7
        },
        "p": {
          "a": 1,
          "k": [
            {
              "i": {
                "x": 0.833,
                "y": 0.833
              },
              "o": {
                "x": 0.167,
                "y": 0.167
              },
              "t": 0,
              "s": [84.204, 30.004, 0],
              "to": [0, 2.5, 0],
              "ti": [0, -2.5, 0]
            },
            {
              "t": 40,
              "s": [84.204, 45.004, 0]
            }
          ],
          "ix": 2
        },
        "a": {
          "a": 0,
          "k": [10.9, 12.473, 0],
          "ix": 1
        },
        "s": {
          "a": 0,
          "k": [100, 100, 100],
          "ix": 6
        }
      },
      "ao": 0,
      "shapes": [
        {
          "ty": "gr",
          "it": [
            {
              "ind": 0,
              "ty": "sh",
              "ix": 1,
              "ks": {
                "a": 0,
                "k": {
                  "i": [
                    [0.268, 0],
                    [0.237, -0.14],
                    [0, 0],
                    [0, -0.545],
                    [0, 0],
                    [-0.474, -0.273],
                    [0, 0],
                    [-0.481, 0.28],
                    [0, 0],
                    [0.454, 0.265],
                    [0, 0],
                    [0, 0],
                    [0, 0],
                    [0, 0],
                    [0, 0],
                    [-0.285, 0.171],
                    [0, 0],
                    [0, 0.542],
                    [0, 0],
                    [0.474, 0.274],
                    [0, 0]
                  ],
                  "o": [
                    [-0.268, 0],
                    [0, 0],
                    [-0.474, 0.274],
                    [0, 0],
                    [0, 0.548],
                    [0, 0],
                    [0.475, 0.289],
                    [0, 0],
                    [0.45, -0.259],
                    [0, 0],
                    [0, 0],
                    [0, 0],
                    [0, 0],
                    [0, 0],
                    [0, 0.508],
                    [1.151, -0.676],
                    [0.465, -0.271],
                    [0, 0],
                    [0, -0.548],
                    [0, 0],
                    [-0.24, -0.14]
                  ],
                  "v": [
                    [0, -12.223],
                    [-0.772, -12.016],
                    [-9.884, -6.702],
                    [-10.65, -5.376],
                    [-10.65, 5.262],
                    [-9.884, 6.587],
                    [-1.046, 11.932],
                    [0.505, 11.943],
                    [4.85, 9.417],
                    [4.85, 8.24],
                    [-4.564, 2.695],
                    [-4.564, -2.768],
                    [0, -5.424],
                    [4.564, -2.768],
                    [4.564, 1.036],
                    [5.277, 1.452],
                    [9.896, -1.234],
                    [10.65, -2.548],
                    [10.65, -5.376],
                    [9.884, -6.702],
                    [0.772, -12.016]
                  ],
                  "c": true
                },
                "ix": 2
              },
              "nm": "Path 1",
              "mn": "ADBE Vector Shape - Group",
              "hd": false
            },
            {
              "ty": "fl",
              "c": {
                "a": 0,
                "k": [0.49739038804, 0.787973261814, 0.785516895967, 1],
                "ix": 4
              },
              "o": {
                "a": 0,
                "k": 100,
                "ix": 5
              },
              "r": 1,
              "bm": 0,
              "nm": "Fill 1",
              "mn": "ADBE Vector Graphic - Fill",
              "hd": false
            },
            {
              "ty": "tr",
              "p": {
                "a": 0,
                "k": [10.9, 12.473],
                "ix": 2
              },
              "a": {
                "a": 0,
                "k": [0, 0],
                "ix": 1
              },
              "s": {
                "a": 0,
                "k": [100, 100],
                "ix": 3
              },
              "r": {
                "a": 0,
                "k": 0,
                "ix": 6
              },
              "o": {
                "a": 0,
                "k": 100,
                "ix": 7
              },
              "sk": {
                "a": 0,
                "k": 0,
                "ix": 4
              },
              "sa": {
                "a": 0,
                "k": 0,
                "ix": 5
              },
              "nm": "Transform"
            }
          ],
          "nm": "Group 1",
          "np": 2,
          "cix": 2,
          "bm": 0,
          "ix": 1,
          "mn": "ADBE Vector Group",
          "hd": false
        }
      ],
      "ip": 0,
      "op": 176,
      "st": 0,
      "bm": 0
    },
    {
      "ddd": 1,
      "ind": 6,
      "ty": 4,
      "nm": "Layer 7 Outlines",
      "sr": 1,
      "ks": {
        "o": {
          "a": 1,
          "k": [
            {
              "i": {
                "x": [0.833],
                "y": [0.833]
              },
              "o": {
                "x": [0.167],
                "y": [0.167]
              },
              "t": 0,
              "s": [0]
            },
            {
              "t": 20,
              "s": [100]
            }
          ],
          "ix": 11
        },
        "rx": {
          "a": 0,
          "k": 0,
          "ix": 8
        },
        "ry": {
          "a": 0,
          "k": 0,
          "ix": 9
        },
        "rz": {
          "a": 0,
          "k": 0,
          "ix": 10
        },
        "or": {
          "a": 0,
          "k": [0, 0, 0],
          "ix": 7
        },
        "p": {
          "a": 1,
          "k": [
            {
              "i": {
                "x": 0.667,
                "y": 1
              },
              "o": {
                "x": 0.333,
                "y": 0
              },
              "t": 0,
              "s": [47.396, 81.755, 0],
              "to": [0, -2.667, 0],
              "ti": [0, 2.667, 0]
            },
            {
              "t": 71.427734375,
              "s": [47.396, 65.755, 0]
            }
          ],
          "ix": 2
        },
        "a": {
          "a": 0,
          "k": [10.61, 11.935, 0],
          "ix": 1
        },
        "s": {
          "a": 0,
          "k": [100, 100, 100],
          "ix": 6
        }
      },
      "ao": 0,
      "shapes": [
        {
          "ty": "gr",
          "it": [
            {
              "ind": 0,
              "ty": "sh",
              "ix": 1,
              "ks": {
                "a": 0,
                "k": {
                  "i": [
                    [2.742, 0],
                    [0, -1.717],
                    [-2.339, -0.237],
                    [0, -0.547],
                    [1.807, 0],
                    [0.164, 1.126],
                    [0.134, 0],
                    [0, 0],
                    [0, -0.148],
                    [-3.746, 0],
                    [0, 1.868],
                    [2.635, 0.355],
                    [0, 0.624],
                    [-1.969, 0],
                    [-0.268, -1.183],
                    [-0.118, 0],
                    [0, 0],
                    [-0.043, 0.043],
                    [0.014, 0.073]
                  ],
                  "o": [
                    [-2.444, 0],
                    [0, 1.88],
                    [2.8, 0.279],
                    [0, 0.961],
                    [-2.267, 0],
                    [-0.015, -0.119],
                    [0, 0],
                    [-0.134, 0],
                    [0, 1.437],
                    [2.747, -0.003],
                    [0, -1.851],
                    [-2.666, -0.357],
                    [0, -0.517],
                    [1.762, 0],
                    [0.03, 0.12],
                    [0, 0],
                    [0.074, 0],
                    [0.046, -0.058],
                    [-0.177, -2.045]
                  ],
                  "v": [
                    [-0.208, -4.743],
                    [-4.101, -1.984],
                    [-0.31, 0.637],
                    [2.71, 1.867],
                    [0.131, 3.228],
                    [-2.799, 1.54],
                    [-3.055, 1.331],
                    [-4.166, 1.331],
                    [-4.416, 1.587],
                    [0.113, 4.743],
                    [4.416, 1.807],
                    [0.535, -0.891],
                    [-2.396, -2.051],
                    [-0.208, -3.245],
                    [2.479, -1.676],
                    [2.71, -1.486],
                    [3.821, -1.486],
                    [4, -1.557],
                    [4.06, -1.747]
                  ],
                  "c": true
                },
                "ix": 2
              },
              "nm": "Path 1",
              "mn": "ADBE Vector Shape - Group",
              "hd": false
            },
            {
              "ty": "fl",
              "c": {
                "a": 0,
                "k": [0.49739038804, 0.787973261814, 0.785516895967, 1],
                "ix": 4
              },
              "o": {
                "a": 0,
                "k": 100,
                "ix": 5
              },
              "r": 1,
              "bm": 0,
              "nm": "Fill 1",
              "mn": "ADBE Vector Graphic - Fill",
              "hd": false
            },
            {
              "ty": "tr",
              "p": {
                "a": 0,
                "k": [13.117, 12.066],
                "ix": 2
              },
              "a": {
                "a": 0,
                "k": [0, 0],
                "ix": 1
              },
              "s": {
                "a": 0,
                "k": [100, 100],
                "ix": 3
              },
              "r": {
                "a": 0,
                "k": 0,
                "ix": 6
              },
              "o": {
                "a": 0,
                "k": 100,
                "ix": 7
              },
              "sk": {
                "a": 0,
                "k": 0,
                "ix": 4
              },
              "sa": {
                "a": 0,
                "k": 0,
                "ix": 5
              },
              "nm": "Transform"
            }
          ],
          "nm": "Group 1",
          "np": 2,
          "cix": 2,
          "bm": 0,
          "ix": 1,
          "mn": "ADBE Vector Group",
          "hd": false
        },
        {
          "ty": "gr",
          "it": [
            {
              "ind": 0,
              "ty": "sh",
              "ix": 1,
              "ks": {
                "a": 0,
                "k": {
                  "i": [
                    [0.313, 0],
                    [0.274, -0.155],
                    [0, 0],
                    [0, -0.635],
                    [0, 0],
                    [-0.548, -0.323],
                    [0, 0],
                    [-0.49, 0],
                    [0, 1.704],
                    [0, 0],
                    [0.133, 0],
                    [0, 0],
                    [0, -0.134],
                    [0, 0],
                    [1.275, 0.635],
                    [0, 0],
                    [0, 0.088],
                    [0, 0],
                    [-0.088, 0.046],
                    [0, 0],
                    [-0.073, -0.046],
                    [0, 0],
                    [0, -0.104],
                    [0, 0],
                    [0.072, -0.045],
                    [0, 0],
                    [0.074, 0.046],
                    [0, 0],
                    [0.058, -0.031],
                    [0.563, -0.192],
                    [-0.429, -0.237],
                    [0, 0],
                    [-0.31, 0],
                    [-0.25, 0.161],
                    [0, 0],
                    [0, 0.636],
                    [0, 0],
                    [0.548, 0.326],
                    [0, 0]
                  ],
                  "o": [
                    [-0.313, 0],
                    [0, 0],
                    [-0.563, 0.31],
                    [0, 0],
                    [0, 0.636],
                    [0, 0],
                    [1.08, 0.532],
                    [1.613, 0],
                    [0, 0],
                    [0, -0.15],
                    [0, 0],
                    [-0.148, 0],
                    [0, 0],
                    [0, 0.74],
                    [0, 0],
                    [-0.076, -0.046],
                    [0, 0],
                    [0, -0.089],
                    [0, 0],
                    [0.092, -0.046],
                    [0, 0],
                    [0.088, 0.046],
                    [0, 0],
                    [0, 0.104],
                    [0, 0],
                    [-0.076, 0.046],
                    [0, 0],
                    [-0.057, -0.03],
                    [-0.605, 0.356],
                    [-0.15, 0.045],
                    [0, 0],
                    [0.283, 0.149],
                    [0.326, 0],
                    [0, 0],
                    [0.562, -0.311],
                    [0, 0],
                    [0, -0.635],
                    [0, 0],
                    [-0.267, -0.155]
                  ],
                  "v": [
                    [0.006, -11.685],
                    [-0.898, -11.453],
                    [-9.456, -6.508],
                    [-10.359, -4.951],
                    [-10.359, 4.927],
                    [-9.456, 6.485],
                    [-7.204, 7.768],
                    [-5.236, 8.303],
                    [-2.704, 5.634],
                    [-2.704, -4.124],
                    [-2.954, -4.38],
                    [-4.036, -4.38],
                    [-4.292, -4.124],
                    [-4.292, 5.634],
                    [-6.348, 6.497],
                    [-8.689, 5.147],
                    [-8.82, 4.921],
                    [-8.82, -4.956],
                    [-8.689, -5.195],
                    [-0.132, -10.127],
                    [0.137, -10.127],
                    [8.702, -5.195],
                    [8.833, -4.956],
                    [8.833, 4.921],
                    [8.702, 5.159],
                    [0.137, 10.11],
                    [-0.132, 10.11],
                    [-2.318, 8.808],
                    [-2.527, 8.791],
                    [-3.816, 9.385],
                    [-3.739, 9.759],
                    [-0.898, 11.447],
                    [0.006, 11.685],
                    [0.898, 11.435],
                    [9.456, 6.485],
                    [10.359, 4.927],
                    [10.359, -4.951],
                    [9.456, -6.508],
                    [0.898, -11.453]
                  ],
                  "c": true
                },
                "ix": 2
              },
              "nm": "Path 1",
              "mn": "ADBE Vector Shape - Group",
              "hd": false
            },
            {
              "ty": "fl",
              "c": {
                "a": 0,
                "k": [0.49739038804, 0.787973261814, 0.785516895967, 1],
                "ix": 4
              },
              "o": {
                "a": 0,
                "k": 100,
                "ix": 5
              },
              "r": 1,
              "bm": 0,
              "nm": "Fill 1",
              "mn": "ADBE Vector Graphic - Fill",
              "hd": false
            },
            {
              "ty": "tr",
              "p": {
                "a": 0,
                "k": [10.61, 11.935],
                "ix": 2
              },
              "a": {
                "a": 0,
                "k": [0, 0],
                "ix": 1
              },
              "s": {
                "a": 0,
                "k": [100, 100],
                "ix": 3
              },
              "r": {
                "a": 0,
                "k": 0,
                "ix": 6
              },
              "o": {
                "a": 0,
                "k": 100,
                "ix": 7
              },
              "sk": {
                "a": 0,
                "k": 0,
                "ix": 4
              },
              "sa": {
                "a": 0,
                "k": 0,
                "ix": 5
              },
              "nm": "Transform"
            }
          ],
          "nm": "Group 2",
          "np": 2,
          "cix": 2,
          "bm": 0,
          "ix": 2,
          "mn": "ADBE Vector Group",
          "hd": false
        }
      ],
      "ip": 0,
      "op": 176,
      "st": 0,
      "bm": 0
    },
    {
      "ddd": 1,
      "ind": 7,
      "ty": 4,
      "nm": "Layer 8 Outlines",
      "sr": 1,
      "ks": {
        "o": {
          "a": 0,
          "k": 100,
          "ix": 11
        },
        "rx": {
          "a": 0,
          "k": 0,
          "ix": 8
        },
        "ry": {
          "a": 0,
          "k": 0,
          "ix": 9
        },
        "rz": {
          "a": 0,
          "k": 0,
          "ix": 10
        },
        "or": {
          "a": 0,
          "k": [0, 0, 0],
          "ix": 7
        },
        "p": {
          "a": 0,
          "k": [60.742, 60.269, 0],
          "ix": 2
        },
        "a": {
          "a": 0,
          "k": [1.894, 1.909, 0],
          "ix": 1
        },
        "s": {
          "a": 1,
          "k": [
            {
              "i": {
                "x": [0.667, 0.667, 0.667],
                "y": [1, 1, 1]
              },
              "o": {
                "x": [0.333, 0.333, 0.333],
                "y": [0, 0, 0]
              },
              "t": 71.428,
              "s": [0, 0, 100]
            },
            {
              "i": {
                "x": [0.667, 0.667, 0.667],
                "y": [1, 1, 1]
              },
              "o": {
                "x": [0.333, 0.333, 0.333],
                "y": [0, 0, 0]
              },
              "t": 89.285,
              "s": [110, 110, 100]
            },
            {
              "i": {
                "x": [0.667, 0.667, 0.667],
                "y": [1, 1, 1]
              },
              "o": {
                "x": [0.333, 0.333, 0.333],
                "y": [0, 0, 0]
              },
              "t": 107.143,
              "s": [90, 90, 100]
            },
            {
              "t": 125,
              "s": [100, 100, 100]
            }
          ],
          "ix": 6
        }
      },
      "ao": 0,
      "shapes": [
        {
          "ty": "gr",
          "it": [
            {
              "ind": 0,
              "ty": "sh",
              "ix": 1,
              "ks": {
                "a": 0,
                "k": {
                  "i": [
                    [0.243, 0],
                    [0, 0],
                    [0, 0],
                    [0, 0],
                    [0, -0.244]
                  ],
                  "o": [
                    [0, 0],
                    [0, 0],
                    [0, 0],
                    [0.092, 0],
                    [0, 0.091]
                  ],
                  "v": [
                    [-0.031, -0.106],
                    [-0.303, -0.106],
                    [-0.303, -0.624],
                    [-0.031, -0.624],
                    [0.243, -0.38]
                  ],
                  "c": true
                },
                "ix": 2
              },
              "nm": "Path 1",
              "mn": "ADBE Vector Shape - Group",
              "hd": false
            },
            {
              "ind": 1,
              "ty": "sh",
              "ix": 2,
              "ks": {
                "a": 0,
                "k": {
                  "i": [
                    [0, 0.152],
                    [0.274, 0],
                    [0, 0.335],
                    [0.213, 0],
                    [0, 0],
                    [0, 0],
                    [0, 0],
                    [0, 0],
                    [0, 0],
                    [-0.03, -0.122],
                    [0, -0.092],
                    [0, 0]
                  ],
                  "o": [
                    [-0.06, -0.243],
                    [0.152, -0.06],
                    [0, -0.487],
                    [0, 0],
                    [0, 0],
                    [0, 0],
                    [0, 0],
                    [0, 0],
                    [0.153, 0],
                    [0, 0],
                    [0, 0],
                    [-0.061, -0.092]
                  ],
                  "v": [
                    [0.577, 0.441],
                    [0.243, 0.015],
                    [0.609, -0.441],
                    [-0.031, -0.928],
                    [-0.669, -0.928],
                    [-0.669, 0.928],
                    [-0.303, 0.928],
                    [-0.303, 0.167],
                    [-0.001, 0.167],
                    [0.212, 0.35],
                    [0.275, 0.928],
                    [0.669, 0.928]
                  ],
                  "c": true
                },
                "ix": 2
              },
              "nm": "Path 2",
              "mn": "ADBE Vector Shape - Group",
              "hd": false
            },
            {
              "ty": "mm",
              "mm": 1,
              "nm": "Merge Paths 1",
              "mn": "ADBE Vector Filter - Merge",
              "hd": false
            },
            {
              "ty": "fl",
              "c": {
                "a": 0,
                "k": [0.324105146819, 0.714812215169, 0.555187030867, 1],
                "ix": 4
              },
              "o": {
                "a": 0,
                "k": 100,
                "ix": 5
              },
              "r": 1,
              "bm": 0,
              "nm": "Fill 3",
              "mn": "ADBE Vector Graphic - Fill",
              "hd": false
            },
            {
              "ty": "fl",
              "c": {
                "a": 0,
                "k": [0.324105146819, 0.714812215169, 0.555187030867, 1],
                "ix": 4
              },
              "o": {
                "a": 0,
                "k": 100,
                "ix": 5
              },
              "r": 1,
              "bm": 0,
              "nm": "Fill 2",
              "mn": "ADBE Vector Graphic - Fill",
              "hd": false
            },
            {
              "ty": "fl",
              "c": {
                "a": 0,
                "k": [0.324105146819, 0.714812215169, 0.555187030867, 1],
                "ix": 4
              },
              "o": {
                "a": 0,
                "k": 100,
                "ix": 5
              },
              "r": 1,
              "bm": 0,
              "nm": "Fill 1",
              "mn": "ADBE Vector Graphic - Fill",
              "hd": false
            },
            {
              "ty": "tr",
              "p": {
                "a": 0,
                "k": [1.955, 1.909],
                "ix": 2
              },
              "a": {
                "a": 0,
                "k": [0, 0],
                "ix": 1
              },
              "s": {
                "a": 0,
                "k": [100, 100],
                "ix": 3
              },
              "r": {
                "a": 0,
                "k": 0,
                "ix": 6
              },
              "o": {
                "a": 0,
                "k": 100,
                "ix": 7
              },
              "sk": {
                "a": 0,
                "k": 0,
                "ix": 4
              },
              "sa": {
                "a": 0,
                "k": 0,
                "ix": 5
              },
              "nm": "Transform"
            }
          ],
          "nm": "Group 1",
          "np": 6,
          "cix": 2,
          "bm": 0,
          "ix": 1,
          "mn": "ADBE Vector Group",
          "hd": false
        },
        {
          "ty": "gr",
          "it": [
            {
              "ind": 0,
              "ty": "sh",
              "ix": 1,
              "ks": {
                "a": 0,
                "k": {
                  "i": [
                    [0.761, 0],
                    [0, 0.761],
                    [-0.761, 0],
                    [0, -0.791]
                  ],
                  "o": [
                    [-0.761, 0],
                    [0, -0.791],
                    [0.761, 0],
                    [0, 0.73]
                  ],
                  "v": [
                    [0, 1.385],
                    [-1.369, 0.016],
                    [0, -1.385],
                    [1.399, 0.016]
                  ],
                  "c": true
                },
                "ix": 2
              },
              "nm": "Path 1",
              "mn": "ADBE Vector Shape - Group",
              "hd": false
            },
            {
              "ind": 1,
              "ty": "sh",
              "ix": 2,
              "ks": {
                "a": 0,
                "k": {
                  "i": [
                    [0.883, -0.03],
                    [0, -0.944],
                    [-0.883, 0],
                    [0, 0.883]
                  ],
                  "o": [
                    [-0.853, 0],
                    [0, 0.883],
                    [0.913, 0],
                    [0, -0.944]
                  ],
                  "v": [
                    [0, -1.628],
                    [-1.644, 0.016],
                    [0, 1.659],
                    [1.644, 0.016]
                  ],
                  "c": true
                },
                "ix": 2
              },
              "nm": "Path 2",
              "mn": "ADBE Vector Shape - Group",
              "hd": false
            },
            {
              "ty": "mm",
              "mm": 1,
              "nm": "Merge Paths 1",
              "mn": "ADBE Vector Filter - Merge",
              "hd": false
            },
            {
              "ty": "fl",
              "c": {
                "a": 0,
                "k": [0.324105146819, 0.714812215169, 0.555187030867, 1],
                "ix": 4
              },
              "o": {
                "a": 0,
                "k": 100,
                "ix": 5
              },
              "r": 1,
              "bm": 0,
              "nm": "Fill 1",
              "mn": "ADBE Vector Graphic - Fill",
              "hd": false
            },
            {
              "ty": "tr",
              "p": {
                "a": 0,
                "k": [1.894, 1.908],
                "ix": 2
              },
              "a": {
                "a": 0,
                "k": [0, 0],
                "ix": 1
              },
              "s": {
                "a": 0,
                "k": [100, 100],
                "ix": 3
              },
              "r": {
                "a": 0,
                "k": 0,
                "ix": 6
              },
              "o": {
                "a": 0,
                "k": 100,
                "ix": 7
              },
              "sk": {
                "a": 0,
                "k": 0,
                "ix": 4
              },
              "sa": {
                "a": 0,
                "k": 0,
                "ix": 5
              },
              "nm": "Transform"
            }
          ],
          "nm": "Group 2",
          "np": 4,
          "cix": 2,
          "bm": 0,
          "ix": 2,
          "mn": "ADBE Vector Group",
          "hd": false
        }
      ],
      "ip": 40,
      "op": 216,
      "st": 40,
      "bm": 0
    }
  ],
  "markers": []
}
