{
  "v": "5.5.8",
  "fr": 30,
  "ip": 0,
  "op": 60,
  "w": 95,
  "h": 95,
  "nm": "4",
  "ddd": 0,
  "assets": [],
  "layers": [
    {
      "ddd": 0,
      "ind": 1,
      "ty": 4,
      "nm": "Layer 2 Outlines",
      "sr": 1,
      "ks": {
        "o": {
          "a": 1,
          "k": [
            { "i": { "x": [0.667], "y": [1] }, "o": { "x": [0.333], "y": [0] }, "t": 0, "s": [0] },
            { "t": 10, "s": [100] }
          ],
          "ix": 11
        },
        "r": { "a": 0, "k": 0, "ix": 10 },
        "p": {
          "a": 1,
          "k": [
            { "i": { "x": 0.667, "y": 1 }, "o": { "x": 0.333, "y": 0 }, "t": 0, "s": [47.709, 47.541, 0], "to": [-5.333, 0, 0], "ti": [5.333, 0, 0] },
            { "t": 30, "s": [15.709, 47.541, 0] }
          ],
          "ix": 2
        },
        "a": { "a": 0, "k": [1.956, 7.273, 0], "ix": 1 },
        "s": { "a": 0, "k": [188, 188, 100], "ix": 6 }
      },
      "ao": 0,
      "shapes": [
        {
          "ty": "gr",
          "it": [
            {
              "ind": 0,
              "ty": "sh",
              "ix": 1,
              "ks": {
                "a": 0,
                "k": {
                  "i": [[0, 0], [0, 0], [0, 0], [0, 0], [0, 0], [0, 0], [0, 0], [0, 0]],
                  "o": [[0, 0], [0, 0], [0, 0], [0, 0], [0, 0], [0, 0], [0, 0], [0, 0]],
                  "v": [[-1.706, -7.023], [1.706, -7.023], [1.706, -5.767], [-0.104, -5.767], [-0.104, 5.767], [1.706, 5.767], [1.706, 7.023], [-1.706, 6.998]],
                  "c": false
                },
                "ix": 2
              },
              "nm": "Path 1",
              "mn": "ADBE Vector Shape - Group",
              "hd": false
            },
            {
              "ty": "fl",
              "c": { "a": 0, "k": [0.576, 0.2, 0.918, 1], "ix": 4 },
              "o": { "a": 0, "k": 100, "ix": 5 },
              "r": 1,
              "bm": 0,
              "nm": "Fill 1",
              "mn": "ADBE Vector Graphic - Fill",
              "hd": false
            },
            {
              "ty": "tr",
              "p": { "a": 0, "k": [1.956, 7.273], "ix": 2 },
              "a": { "a": 0, "k": [0, 0], "ix": 1 },
              "s": { "a": 0, "k": [100, 100], "ix": 3 },
              "r": { "a": 0, "k": 0, "ix": 6 },
              "o": { "a": 0, "k": 100, "ix": 7 },
              "sk": { "a": 0, "k": 0, "ix": 4 },
              "sa": { "a": 0, "k": 0, "ix": 5 },
              "nm": "Transform"
            }
          ],
          "nm": "Group 1",
          "np": 2,
          "cix": 2,
          "bm": 0,
          "ix": 1,
          "mn": "ADBE Vector Group",
          "hd": false
        }
      ],
      "ip": 0,
      "op": 60,
      "st": 0,
      "bm": 0
    },
    {
      "ddd": 0,
      "ind": 2,
      "ty": 4,
      "nm": "Layer 3 Outlines",
      "sr": 1,
      "ks": {
        "o": {
          "a": 1,
          "k": [
            { "i": { "x": [0.667], "y": [1] }, "o": { "x": [0.333], "y": [0] }, "t": 0, "s": [0] },
            { "t": 10, "s": [100] }
          ],
          "ix": 11
        },
        "r": { "a": 0, "k": 0, "ix": 10 },
        "p": {
          "a": 1,
          "k": [
            { "i": { "x": 0.667, "y": 1 }, "o": { "x": 0.333, "y": 0 }, "t": 0, "s": [47.294, 47.483, 0], "to": [5.333, 0, 0], "ti": [-5.333, 0, 0] },
            { "t": 30, "s": [79.294, 47.483, 0] }
          ],
          "ix": 2
        },
        "a": { "a": 0, "k": [1.955, 7.28, 0], "ix": 1 },
        "s": { "a": 0, "k": [188, 188, 100], "ix": 6 }
      },
      "ao": 0,
      "shapes": [
        {
          "ty": "gr",
          "it": [
            {
              "ind": 0,
              "ty": "sh",
              "ix": 1,
              "ks": {
                "a": 0,
                "k": {
                  "i": [[0, 0], [0, 0], [0, 0], [0, 0], [0, 0], [0, 0], [0, 0], [0, 0]],
                  "o": [[0, 0], [0, 0], [0, 0], [0, 0], [0, 0], [0, 0], [0, 0], [0, 0]],
                  "v": [[1.706, -7.029], [1.706, 7.029], [-1.706, 7.029], [-1.706, 5.773], [0.104, 5.773], [0.104, -5.773], [-1.706, -5.773], [-1.706, -7.029]],
                  "c": true
                },
                "ix": 2
              },
              "nm": "Path 1",
              "mn": "ADBE Vector Shape - Group",
              "hd": false
            },
            {
              "ty": "fl",
              "c": { "a": 0, "k": [0.576, 0.2, 0.918, 1], "ix": 4 },
              "o": { "a": 0, "k": 100, "ix": 5 },
              "r": 1,
              "bm": 0,
              "nm": "Fill 1",
              "mn": "ADBE Vector Graphic - Fill",
              "hd": false
            },
            {
              "ty": "tr",
              "p": { "a": 0, "k": [1.955, 7.28], "ix": 2 },
              "a": { "a": 0, "k": [0, 0], "ix": 1 },
              "s": { "a": 0, "k": [100, 100], "ix": 3 },
              "r": { "a": 0, "k": 0, "ix": 6 },
              "o": { "a": 0, "k": 100, "ix": 7 },
              "sk": { "a": 0, "k": 0, "ix": 4 },
              "sa": { "a": 0, "k": 0, "ix": 5 },
              "nm": "Transform"
            }
          ],
          "nm": "Group 1",
          "np": 2,
          "cix": 2,
          "bm": 0,
          "ix": 1,
          "mn": "ADBE Vector Group",
          "hd": false
        }
      ],
      "ip": 0,
      "op": 60,
      "st": 0,
      "bm": 0
    },
    {
      "ddd": 0,
      "ind": 3,
      "ty": 4,
      "nm": "Layer 1 Outlines 6",
      "sr": 1,
      "ks": {
        "o": { "a": 0, "k": 100, "ix": 11 },
        "r": { "a": 0, "k": 0, "ix": 10 },
        "p": { "a": 0, "k": [69.264, 47.495, 0], "ix": 2 },
        "a": { "a": 0, "k": [35.872, 24.252, 0], "ix": 1 },
        "s": {
          "a": 1,
          "k": [
            { "i": { "x": [0.667, 0.667, 0.667], "y": [1, 1, 1] }, "o": { "x": [0.333, 0.333, 0.333], "y": [0, 0, 0] }, "t": 34, "s": [0, 0, 100] },
            { "i": { "x": [0.667, 0.667, 0.667], "y": [1, 1, 1] }, "o": { "x": [0.333, 0.333, 0.333], "y": [0, 0, 0] }, "t": 41, "s": [217, 217, 100] },
            { "t": 48, "s": [188, 188, 100] }
          ],
          "ix": 6
        }
      },
      "ao": 0,
      "shapes": [
        {
          "ty": "gr",
          "it": [
            {
              "ind": 0,
              "ty": "sh",
              "ix": 1,
              "ks": {
                "a": 0,
                "k": {
                  "i": [[-1.092, -0.07], [-0.595, -0.25], [0, 0], [0.513, -0.007], [0, -1.835], [-1.672, 0], [-0.482, 0.194], [0, 0], [0.672, 0.025], [0, 2.318], [-0.777, 0.769]],
                  "o": [[0.645, -0.027], [0, 0], [-0.472, -0.201], [-1.551, 0], [0, 1.67], [0.517, 0.007], [0, 0], [-0.625, 0.249], [-2.418, 0], [-0.057, -1.093], [0.778, -0.77]],
                  "v": [[12.474, -3.954], [14.358, -3.615], [14.05, -2.509], [12.555, -2.804], [9.886, 0.004], [12.543, 2.755], [14.057, 2.472], [14.258, 3.566], [12.291, 3.905], [8.402, 0.073], [9.534, -2.854]],
                  "c": true
                },
                "ix": 2
              },
              "nm": "Path 8",
              "mn": "ADBE Vector Shape - Group",
              "hd": false
            },
            {
              "ty": "fl",
              "c": { "a": 0, "k": [0.486, 0.227, 0.929, 1], "ix": 4 },
              "o": { "a": 0, "k": 100, "ix": 5 },
              "r": 1,
              "bm": 0,
              "nm": "Fill 1",
              "mn": "ADBE Vector Graphic - Fill",
              "hd": false
            },
            {
              "ty": "tr",
              "p": { "a": 0, "k": [24.295, 24.255], "ix": 2 },
              "a": { "a": 0, "k": [0, 0], "ix": 1 },
              "s": { "a": 0, "k": [100, 100], "ix": 3 },
              "r": { "a": 0, "k": 0, "ix": 6 },
              "o": { "a": 0, "k": 100, "ix": 7 },
              "sk": { "a": 0, "k": 0, "ix": 4 },
              "sa": { "a": 0, "k": 0, "ix": 5 },
              "nm": "Transform"
            }
          ],
          "nm": "Group 1",
          "np": 2,
          "cix": 2,
          "bm": 0,
          "ix": 1,
          "mn": "ADBE Vector Group",
          "hd": false
        }
      ],
      "ip": 34,
      "op": 94,
      "st": 34,
      "bm": 0
    },
    {
      "ddd": 0,
      "ind": 4,
      "ty": 4,
      "nm": "Layer 1 Outlines 7",
      "sr": 1,
      "ks": {
        "o": { "a": 0, "k": 100, "ix": 11 },
        "r": { "a": 0, "k": 0, "ix": 10 },
        "p": { "a": 0, "k": [59.014, 48.87, 0], "ix": 2 },
        "a": { "a": 0, "k": [30.42, 24.984, 0], "ix": 1 },
        "s": {
          "a": 1,
          "k": [
            { "i": { "x": [0.667, 0.667, 0.667], "y": [1, 1, 1] }, "o": { "x": [0.333, 0.333, 0.333], "y": [0, 0, 0] }, "t": 30, "s": [0, 0, 100] },
            { "i": { "x": [0.667, 0.667, 0.667], "y": [1, 1, 1] }, "o": { "x": [0.333, 0.333, 0.333], "y": [0, 0, 0] }, "t": 37, "s": [217, 217, 100] },
            { "t": 44, "s": [188, 188, 100] }
          ],
          "ix": 6
        }
      },
      "ao": 0,
      "shapes": [
        {
          "ty": "gr",
          "it": [
            {
              "ind": 0,
              "ty": "sh",
              "ix": 1,
              "ks": {
                "a": 0,
                "k": {
                  "i": [[0, 0], [0, 0], [0, 0], [0, 0]],
                  "o": [[0, 0], [0, 0], [0, 0], [0, 0]],
                  "v": [[7.511, 1.26], [4.621, 1.26], [4.621, 0.299], [7.511, 0.299]],
                  "c": true
                },
                "ix": 2
              },
              "nm": "Path 2",
              "mn": "ADBE Vector Shape - Group",
              "hd": false
            },
            {
              "ty": "fl",
              "c": { "a": 0, "k": [0.486, 0.227, 0.929, 1], "ix": 4 },
              "o": { "a": 0, "k": 100, "ix": 5 },
              "r": 1,
              "bm": 0,
              "nm": "Fill 1",
              "mn": "ADBE Vector Graphic - Fill",
              "hd": false
            },
            {
              "ty": "tr",
              "p": { "a": 0, "k": [24.295, 24.255], "ix": 2 },
              "a": { "a": 0, "k": [0, 0], "ix": 1 },
              "s": { "a": 0, "k": [100, 100], "ix": 3 },
              "r": { "a": 0, "k": 0, "ix": 6 },
              "o": { "a": 0, "k": 100, "ix": 7 },
              "sk": { "a": 0, "k": 0, "ix": 4 },
              "sa": { "a": 0, "k": 0, "ix": 5 },
              "nm": "Transform"
            }
          ],
          "nm": "Group 1",
          "np": 2,
          "cix": 2,
          "bm": 0,
          "ix": 1,
          "mn": "ADBE Vector Group",
          "hd": false
        }
      ],
      "ip": 30,
      "op": 90,
      "st": 30,
      "bm": 0
    },
    {
      "ddd": 0,
      "ind": 5,
      "ty": 4,
      "nm": "Layer 1 Outlines 5",
      "sr": 1,
      "ks": {
        "o": { "a": 0, "k": 100, "ix": 11 },
        "r": { "a": 0, "k": 0, "ix": 10 },
        "p": { "a": 0, "k": [51.389, 47.495, 0], "ix": 2 },
        "a": { "a": 0, "k": [26.364, 24.252, 0], "ix": 1 },
        "s": {
          "a": 1,
          "k": [
            { "i": { "x": [0.667, 0.667, 0.667], "y": [1, 1, 1] }, "o": { "x": [0.333, 0.333, 0.333], "y": [0, 0, 0] }, "t": 26, "s": [0, 0, 100] },
            { "i": { "x": [0.667, 0.667, 0.667], "y": [1, 1, 1] }, "o": { "x": [0.333, 0.333, 0.333], "y": [0, 0, 0] }, "t": 33, "s": [217, 217, 100] },
            { "t": 40, "s": [188, 188, 100] }
          ],
          "ix": 6
        }
      },
      "ao": 0,
      "shapes": [
        {
          "ty": "gr",
          "it": [
            {
              "ind": 0,
              "ty": "sh",
              "ix": 1,
              "ks": {
                "a": 0,
                "k": {
                  "i": [[0, 0], [0, 0], [1.495, 0], [0.378, 0.13], [0, 0], [-0.292, -0.005], [0, 1.319], [0, 0]],
                  "o": [[0, 0], [0, 2.105], [-0.4, -0.003], [0, 0], [0.279, 0.086], [0.791, 0], [0, 0], [0, 0]],
                  "v": [[3.56, -3.828], [3.56, 1.128], [1.047, 3.936], [-0.128, 3.735], [0.041, 2.617], [0.902, 2.755], [2.158, 1.072], [2.171, -3.828]],
                  "c": true
                },
                "ix": 2
              },
              "nm": "Path 9",
              "mn": "ADBE Vector Shape - Group",
              "hd": false
            },
            {
              "ty": "fl",
              "c": { "a": 0, "k": [0.486, 0.227, 0.929, 1], "ix": 4 },
              "o": { "a": 0, "k": 100, "ix": 5 },
              "r": 1,
              "bm": 0,
              "nm": "Fill 1",
              "mn": "ADBE Vector Graphic - Fill",
              "hd": false
            },
            {
              "ty": "tr",
              "p": { "a": 0, "k": [24.295, 24.255], "ix": 2 },
              "a": { "a": 0, "k": [0, 0], "ix": 1 },
              "s": { "a": 0, "k": [100, 100], "ix": 3 },
              "r": { "a": 0, "k": 0, "ix": 6 },
              "o": { "a": 0, "k": 100, "ix": 7 },
              "sk": { "a": 0, "k": 0, "ix": 4 },
              "sa": { "a": 0, "k": 0, "ix": 5 },
              "nm": "Transform"
            }
          ],
          "nm": "Group 1",
          "np": 2,
          "cix": 2,
          "bm": 0,
          "ix": 1,
          "mn": "ADBE Vector Group",
          "hd": false
        }
      ],
      "ip": 26,
      "op": 86,
      "st": 26,
      "bm": 0
    },
    {
      "ddd": 0,
      "ind": 6,
      "ty": 4,
      "nm": "Layer 1 Outlines 4",
      "sr": 1,
      "ks": {
        "o": { "a": 0, "k": 100, "ix": 11 },
        "r": { "a": 0, "k": 0, "ix": 10 },
        "p": { "a": 0, "k": [41.264, 47.245, 0], "ix": 2 },
        "a": { "a": 0, "k": [20.978, 24.12, 0], "ix": 1 },
        "s": {
          "a": 1,
          "k": [
            { "i": { "x": [0.667, 0.667, 0.667], "y": [1, 1, 1] }, "o": { "x": [0.333, 0.333, 0.333], "y": [0, 0, 0] }, "t": 23, "s": [0, 0, 100] },
            { "i": { "x": [0.667, 0.667, 0.667], "y": [1, 1, 1] }, "o": { "x": [0.333, 0.333, 0.333], "y": [0, 0, 0] }, "t": 30, "s": [217, 217, 100] },
            { "t": 37, "s": [188, 188, 100] }
          ],
          "ix": 6
        }
      },
      "ao": 0,
      "shapes": [
        {
          "ty": "gr",
          "it": [
            {
              "ind": 0,
              "ty": "sh",
              "ix": 1,
              "ks": {
                "a": 0,
                "k": {
                  "i": [[0.886, 0], [0.262, -0.047], [0, 0], [0, 0], [0, 0.647]],
                  "o": [[-0.265, -0.009], [0, 0], [0, 0], [0.961, 0], [0, -0.647]],
                  "v": [[-3.69, -2.861], [-4.482, -2.804], [-4.475, -0.719], [-3.765, -0.719], [-2.264, -1.818]],
                  "c": true
                },
                "ix": 2
              },
              "nm": "Path 1",
              "mn": "ADBE Vector Shape - Group",
              "hd": false
            },
            {
              "ind": 1,
              "ty": "sh",
              "ix": 2,
              "ks": {
                "a": 0,
                "k": {
                  "i": [[0.961, 0], [0, 0], [0, 0], [-0.246, 0.005], [0, 0.917]],
                  "o": [[0, 0], [0, 0], [0.244, 0.026], [0.892, 0], [0, -0.918]],
                  "v": [[-3.784, 0.305], [-4.475, 0.305], [-4.475, 2.786], [-3.74, 2.818], [-2.057, 1.562]],
                  "c": true
                },
                "ix": 2
              },
              "nm": "Path 5",
              "mn": "ADBE Vector Shape - Group",
              "hd": false
            },
            {
              "ind": 2,
              "ty": "sh",
              "ix": 3,
              "ks": {
                "a": 0,
                "k": {
                  "i": [[-0.66, -0.388], [0.015, -0.583], [0.654, -0.261], [0, 0], [0, -0.914], [0.473, -0.382], [1.388, 0], [0.567, 0.069], [0, 0], [-0.677, -0.002]],
                  "o": [[0.503, 0.297], [-0.017, 0.713], [0, 0], [0.896, 0.183], [0.009, 0.609], [-0.54, 0.478], [-0.571, 0.003], [0, 0], [0.668, -0.115], [0.762, -0.074]],
                  "v": [[-1.648, -3.414], [-0.857, -1.988], [-1.97, -0.386], [-2.113, -0.336], [-0.574, 1.549], [-1.309, 3.119], [-4.136, 3.829], [-5.845, 3.729], [-5.857, -3.728], [-3.835, -3.898]],
                  "c": true
                },
                "ix": 2
              },
              "nm": "Path 6",
              "mn": "ADBE Vector Shape - Group",
              "hd": false
            },
            {
              "ty": "fl",
              "c": { "a": 0, "k": [0.486, 0.227, 0.929, 1], "ix": 4 },
              "o": { "a": 0, "k": 100, "ix": 5 },
              "r": 1,
              "bm": 0,
              "nm": "Fill 1",
              "mn": "ADBE Vector Graphic - Fill",
              "hd": false
            },
            {
              "ty": "tr",
              "p": { "a": 0, "k": [24.295, 24.255], "ix": 2 },
              "a": { "a": 0, "k": [0, 0], "ix": 1 },
              "s": { "a": 0, "k": [100, 100], "ix": 3 },
              "r": { "a": 0, "k": 0, "ix": 6 },
              "o": { "a": 0, "k": 100, "ix": 7 },
              "sk": { "a": 0, "k": 0, "ix": 4 },
              "sa": { "a": 0, "k": 0, "ix": 5 },
              "nm": "Transform"
            }
          ],
          "nm": "Group 1",
          "np": 4,
          "cix": 2,
          "bm": 0,
          "ix": 1,
          "mn": "ADBE Vector Group",
          "hd": false
        }
      ],
      "ip": 23,
      "op": 83,
      "st": 23,
      "bm": 0
    },
    {
      "ddd": 0,
      "ind": 7,
      "ty": 4,
      "nm": "Layer 1 Outlines 3",
      "sr": 1,
      "ks": {
        "o": { "a": 0, "k": 100, "ix": 11 },
        "r": { "a": 0, "k": 0, "ix": 10 },
        "p": { "a": 0, "k": [27.264, 47.495, 0], "ix": 2 },
        "a": { "a": 0, "k": [13.531, 24.252, 0], "ix": 1 },
        "s": {
          "a": 1,
          "k": [
            { "i": { "x": [0.667, 0.667, 0.667], "y": [1, 1, 1] }, "o": { "x": [0.333, 0.333, 0.333], "y": [0, 0, 0] }, "t": 20, "s": [0, 0, 100] },
            { "i": { "x": [0.667, 0.667, 0.667], "y": [1, 1, 1] }, "o": { "x": [0.333, 0.333, 0.333], "y": [0, 0, 0] }, "t": 27, "s": [217, 217, 100] },
            { "t": 34, "s": [188, 188, 100] }
          ],
          "ix": 6
        }
      },
      "ao": 0,
      "shapes": [
        {
          "ty": "gr",
          "it": [
            {
              "ind": 0,
              "ty": "sh",
              "ix": 1,
              "ks": {
                "a": 0,
                "k": {
                  "i": [[1.395, 0], [0, -1.57], [0, 0], [-1.338, 0], [0, 1.583]],
                  "o": [[-1.394, 0], [0, 0], [0, 1.551], [1.339, 0], [0, -1.438]],
                  "v": [[-10.613, -2.867], [-12.742, 0.016], [-12.73, -0.015], [-10.613, 2.768], [-8.508, -0.072]],
                  "c": true
                },
                "ix": 2
              },
              "nm": "Path 4",
              "mn": "ADBE Vector Shape - Group",
              "hd": false
            },
            {
              "ind": 1,
              "ty": "sh",
              "ix": 2,
              "ks": {
                "a": 0,
                "k": {
                  "i": [[-2.149, 0], [0, -2.142], [2.104, 0], [0, 2.242]],
                  "o": [[2.148, 0], [0, 2.557], [2.105, 0], [0, -2.344]],
                  "v": [[-10.581, -3.992], [-7.038, -0.129], [-10.694, 3.886], [-14.2, 0.004]],
                  "c": true
                },
                "ix": 2
              },
              "nm": "Path 7",
              "mn": "ADBE Vector Shape - Group",
              "hd": false
            },
            {
              "ty": "fl",
              "c": { "a": 0, "k": [0.486, 0.227, 0.929, 1], "ix": 4 },
              "o": { "a": 0, "k": 100, "ix": 5 },
              "r": 1,
              "bm": 0,
              "nm": "Fill 1",
              "mn": "ADBE Vector Graphic - Fill",
              "hd": false
            },
            {
              "ty": "tr",
              "p": { "a": 0, "k": [24.295, 24.255], "ix": 2 },
              "a": { "a": 0, "k": [0, 0], "ix": 1 },
              "s": { "a": 0, "k": [100, 100], "ix": 3 },
              "r": { "a": 0, "k": 0, "ix": 6 },
              "o": { "a": 0, "k": 100, "ix": 7 },
              "sk": { "a": 0, "k": 0, "ix": 4 },
              "sa": { "a": 0, "k": 0, "ix": 5 },
              "nm": "Transform"
            }
          ],
          "nm": "Group 1",
          "np": 3,
          "cix": 2,
          "bm": 0,
          "ix": 1,
          "mn": "ADBE Vector Group",
          "hd": false
        }
      ],
      "ip": 20,
      "op": 80,
      "st": 20,
      "bm": 0
    },
    {
      "ddd": 0,
      "ind": 8,
      "ty": 4,
      "nm": "Layer 1 Outlines",
      "sr": 1,
      "ks": {
        "o": { "a": 0, "k": 100, "ix": 11 },
        "r": { "a": 0, "k": 0, "ix": 10 },
        "p": { "a": 0, "k": [47.514, 47.495, 0], "ix": 2 },
        "a": { "a": 0, "k": [24.303, 24.252, 0], "ix": 1 },
        "s": { "a": 0, "k": [188, 188, 100], "ix": 6 }
      },
      "ao": 0,
      "shapes": [
        {
          "ty": "gr",
          "it": [
            {
              "ind": 0,
              "ty": "sh",
              "ix": 1,
              "ks": {
                "a": 0,
                "k": {
                  "i": [[5.985, -0.01], [4.259, -4.366], [-0.035, -5.991], [-12.212, 0], [0, 0], [0.049, 12.579], [4.294, 4.183]],
                  "o": [[-6.099, 0.035], [-4.237, 4.235], [0.095, 12.299], [0, 0], [12.578, -0.114], [-0.057, -5.994], [-4.213, -4.25]],
                  "v": [[0.01, -22.743], [-16.178, -15.864], [-22.744, 0.117], [-0.072, 22.732], [0.092, 22.732], [22.744, -0.216], [15.947, -16.116]],
                  "c": true
                },
                "ix": 2
              },
              "nm": "Path 10",
              "mn": "ADBE Vector Shape - Group",
              "hd": false
            },
            {
              "ind": 1,
              "ty": "sh",
              "ix": 2,
              "ks": {
                "a": 0,
                "k": {
                  "i": [[0, 0], [-4.456, -4.48], [-0.058, -6.326], [13.265, -0.134], [0, 0], [0.101, 12.979], [-4.467, 4.476], [-6.273, 0.149]],
                  "o": [[6.318, -0.005], [4.53, 4.417], [0.059, 13.266], [0, 0], [-12.897, 0], [-0.045, -6.324], [4.391, -4.498], [0, 0]],
                  "v": [[-0.002, -24], [16.833, -17.008], [24.001, -0.223], [0.129, 24], [-0.065, 24], [-24, 0.129], [-17.089, -16.75], [-0.451, -23.993]],
                  "c": true
                },
                "ix": 2
              },
              "nm": "Path 11",
              "mn": "ADBE Vector Shape - Group",
              "hd": false
            },
            { "ty": "mm", "mm": 1, "nm": "Merge Paths 1", "mn": "ADBE Vector Filter - Merge", "hd": false },
            { "ty": "mm", "mm": 4, "nm": "Merge Paths 2", "mn": "ADBE Vector Filter - Merge", "hd": false },
            {
              "ty": "fl",
              "c": { "a": 0, "k": [0.486, 0.227, 0.929, 1], "ix": 4 },
              "o": { "a": 0, "k": 100, "ix": 5 },
              "r": 1,
              "bm": 0,
              "nm": "Fill 1",
              "mn": "ADBE Vector Graphic - Fill",
              "hd": false
            },
            {
              "ty": "tr",
              "p": { "a": 0, "k": [24.295, 24.255], "ix": 2 },
              "a": { "a": 0, "k": [0, 0], "ix": 1 },
              "s": { "a": 0, "k": [100, 100], "ix": 3 },
              "r": { "a": 0, "k": 0, "ix": 6 },
              "o": { "a": 0, "k": 100, "ix": 7 },
              "sk": { "a": 0, "k": 0, "ix": 4 },
              "sa": { "a": 0, "k": 0, "ix": 5 },
              "nm": "Transform"
            }
          ],
          "nm": "Group 1",
          "np": 5,
          "cix": 2,
          "bm": 0,
          "ix": 1,
          "mn": "ADBE Vector Group",
          "hd": false
        }
      ],
      "ip": 0,
      "op": 60,
      "st": 0,
      "bm": 0
    }
  ],
  "markers": []
}