{
  "v": "5.5.8",
  "fr": 60,
  "ip": 0,
  "op": 176,
  "w": 95,
  "h": 95,
  "nm": "php",
  "ddd": 0,
  "assets": [],
  "layers": [
    {
      "ddd": 0,
      "ind": 1,
      "ty": 4,
      "nm": "Layer 2 Outlines",
      "sr": 1,
      "ks": {
        "o": {
          "a": 1,
          "k": [
            {"i":{"x":[0.667],"y":[1]},"o":{"x":[0.333],"y":[0]},"t":0,"s":[1]},
            {"t":35,"s":[100]}
          ],
          "ix": 11
        },
        "r": {"a":0,"k":0,"ix":10},
        "p": {
          "a": 1,
          "k": [
            {"i":{"x":0.667,"y":1},"o":{"x":0.333,"y":0},"t":0,"s":[17.39,19.37,0],"to":[0,5.5,0],"ti":[0,-5.5,0]},
            {"t":70,"s":[17.39,52.37,0]}
          ],
          "ix": 2
        },
        "a": {"a":0,"k":[17.39,18.24,0],"ix":1},
        "s": {"a":0,"k":[100,100,100],"ix":6}
      },
      "ao": 0,
      "shapes": [
        {
          "ty": "gr",
          "it": [
            {
              "ind": 0,
              "ty": "sh",
              "ix": 1,
              "ks": {
                "a": 0,
                "k": {
                  "i": [[0.425,-2.361],[1.322,-1.039],[2.833,0],[0,0],[0,0],[0,0],[-0.755,-0.897]],
                  "o": [[-0.472,2.455],[-1.323,1.038],[0,0],[0,0],[0,0],[2.597,0],[0.803,0.85]],
                  "v": [[7.271,-4.911],[4.581,0.378],[-1.699,1.936],[-5.335,1.936],[-2.833,-11.096],[1.652,-11.096],[6.751,-9.727]],
                  "c": true
                },
                "ix": 2
              },
              "nm": "Path 1",
              "mn": "ADBE Vector Shape - Group",
              "hd": false
            },
            {
              "ind": 1,
              "ty": "sh",
              "ix": 2,
              "ks": {
                "a": 0,
                "k": {
                  "i": [[2.125,2.455],[4.439,0],[0,0],[0.094,-0.33],[0,0],[-0.095,-0.188],[-0.236,0],[0,0],[-0.047,0.33],[0,0],[0,0],[-1.841,0.613],[-1.464,1.417],[-0.803,1.464],[-0.283,1.652]],
                  "o": [[-2.078,-2.409],[0,0],[-0.33,0],[0,0],[-0.047,0.236],[0.141,0.142],[0,0],[0.33,0],[0,0],[0,0],[2.88,0],[1.936,-0.661],[1.275,-1.181],[0.803,-1.511],[0.85,-4.345]],
                  "v": [[14.355,-14.307],[4.486,-17.99],[-9.775,-17.99],[-10.482,-17.423],[-17.094,17.141],[-16.951,17.755],[-16.385,17.99],[-8.971,17.99],[-8.311,17.424],[-6.658,8.831],[-0.898,8.831],[6.232,7.887],[11.426,4.723],[14.59,0.708],[16.29,-4.107]],
                  "c": true
                },
                "ix": 2
              },
              "nm": "Path 2",
              "mn": "ADBE Vector Shape - Group",
              "hd": false
            },
            {
              "ty": "mm",
              "mm": 1,
              "nm": "Merge Paths 1",
              "mn": "ADBE Vector Filter - Merge",
              "hd": false
            },
            {
              "ty": "fl",
              "c": {"a":0,"k":[0.65882,0.10588,0.83529,1],"ix":4},
              "o": {"a":0,"k":100,"ix":5},
              "r":1,"bm":0,
              "nm":"Fill 1","mn":"ADBE Vector Graphic - Fill","hd":false
            },
            {
              "ty": "tr",
              "p": {"a":0,"k":[17.39,18.24],"ix":2},
              "a": {"a":0,"k":[0,0],"ix":1},
              "s": {"a":0,"k":[100,100],"ix":3},
              "r": {"a":0,"k":0,"ix":6},
              "o": {"a":0,"k":100,"ix":7},
              "sk": {"a":0,"k":0,"ix":4},
              "sa": {"a":0,"k":0,"ix":5},
              "nm":"Transform"
            }
          ],
          "nm":"Group 1",
          "np":4,
          "cix":2,
          "bm":0,
          "ix":1,
          "mn":"ADBE Vector Group",
          "hd":false
        }
      ],
      "ip":0,
      "op":176,
      "st":0,
      "bm":0
    },
    {
      "ddd": 0,
      "ind": 2,
      "ty": 4,
      "nm": "Layer 3 Outlines",
      "sr": 1,
      "ks": {
        "o": {
          "a": 1,
          "k": [
            {"i":{"x":[0.667],"y":[1]},"o":{"x":[0.333],"y":[0]},"t":0,"s":[1]},
            {"t":35,"s":[100]}
          ],
          "ix": 11
        },
        "r": {"a":0,"k":0,"ix":10},
        "p": {"a":0,"k":[47.823,43.211,0],"ix":2},
        "a": {"a":0,"k":[15.432,18.241,0],"ix":1},
        "s": {
          "a": 1,
          "k": [
            {"i":{"x":[0.667,0.667,0.667],"y":[1,1,1]},"o":{"x":[0.333,0.333,0.333],"y":[0,0,0]},"t":0,"s":[0,0,100]},
            {"i":{"x":[0.667,0.667,0.667],"y":[1,1,1]},"o":{"x":[0.333,0.333,0.333],"y":[0,0,0]},"t":35,"s":[117,117,100]},
            {"t":70,"s":[100,100,100]}
          ],
          "ix": 6
        }
      },
      "ao": 0,
      "shapes": [
        {
          "ty": "gr",
          "it": [
            {
              "ind": 0,
              "ty": "sh",
              "ix": 1,
              "ks": {
                "a": 0,
                "k": {
                  "i": [[1.747,1.605],[4.297,0],[0,0],[0,0],[0.142,0.189],[0.189,0],[0,0],[0.047,-0.331],[0,0],[-0.141,-0.142],[-0.189,0],[0,0],[-0.046,0.284],[0,0],[0,0],[-0.236,-0.283],[0.283,-1.464],[0,0],[-0.141,-0.142],[-0.189,0],[0,0],[-0.047,0.331],[0,0]],
                  "o": [[-1.7,-1.605],[0,0],[0,0],[0.047,-0.236],[-0.141,-0.142],[0,0],[-0.331,0],[0,0],[-0.048,0.189],[0.095,0.189],[0,0],[0.331,0],[0,0],[0,0],[2.125,0],[0.378,0.426],[0,0],[-0.047,0.189],[0.142,0.189],[0,0],[0.331,0],[0,0],[0.662,-3.494]],
                  "v": [[12.915,-6.422],[4.038,-8.783],[-1.583,-8.783],[-0.023,-17.141],[-0.165,-17.755],[-0.685,-17.991],[-7.956,-17.991],[-8.618,-17.424],[-15.133,17.14],[-14.993,17.707],[-14.473,17.991],[-7.201,17.991],[-6.54,17.423],[-2.904,-1.795],[2.338,-1.795],[5.454,-1.087],[5.644,1.841],[2.762,17.14],[2.904,17.707],[3.424,17.991],[10.837,17.991],[11.497,17.423],[14.52,1.322]],
                  "c": true
                },
                "ix": 2
              },
              "nm": "Path 1",
              "mn": "ADBE Vector Shape - Group",
              "hd": false
            },
            {
              "ty": "fl",
              "c": {"a":0,"k":[0.65882,0.10588,0.83529,1],"ix":4},
              "o": {"a":0,"k":100,"ix":5},
              "r":1,"bm":0,
              "nm":"Fill 1","mn":"ADBE Vector Graphic - Fill","hd":false
            },
            {
              "ty": "tr",
              "p": {"a":0,"k":[15.432,18.241],"ix":2},
              "a": {"a":0,"k":[0,0],"ix":1},
              "s": {"a":0,"k":[100,100],"ix":3},
              "r": {"a":0,"k":0,"ix":6},
              "o": {"a":0,"k":100,"ix":7},
              "sk": {"a":0,"k":0,"ix":4},
              "sa": {"a":0,"k":0,"ix":5},
              "nm":"Transform"
            }
          ],
          "nm":"Group 1",
          "np":2,
          "cix":2,
          "bm":0,
          "ix":1,
          "mn":"ADBE Vector Group",
          "hd":false
        }
      ],
      "ip":0,
      "op":176,
      "st":0,
      "bm":0
    },
    {
      "ddd": 0,
      "ind": 3,
      "ty": 4,
      "nm": "Layer 1 Outlines",
      "sr": 1,
      "ks": {
        "o": {
          "a": 1,
          "k": [
            {"i":{"x":[0.667],"y":[1]},"o":{"x":[0.333],"y":[0]},"t":0,"s":[1]},
            {"t":35,"s":[100]}
          ],
          "ix": 11
        },
        "r": {"a":0,"k":0,"ix":10},
        "p": {
          "a": 1,
          "k": [
            {"i":{"x":0.667,"y":1},"o":{"x":0.333,"y":0},"t":0,"s":[77.429,72.37,0],"to":[0,-3.333,0],"ti":[0,3.333,0]},
            {"t":70,"s":[77.429,52.37,0]}
          ],
          "ix": 2
        },
        "a": {"a":0,"k":[18.028,18.24,0],"ix":1},
        "s": {"a":0,"k":[100,100,100],"ix":6}
      },
      "ao": 0,
      "shapes": [
        {
          "ty": "gr",
          "it": [
            {
              "ind": 0,
              "ty": "sh",
              "ix": 1,
              "ks": {
                "a": 0,
                "k": {
                  "i": [[0.473,-2.361],[1.369,-1.039],[2.928,0],[0,0],[0,0],[0,0],[-0.849,-0.897]],
                  "o": [[-0.52,2.455],[-1.369,1.038],[0,0],[0,0],[0,0],[2.691,0],[0.803,0.85]],
                  "v": [[7.682,-4.911],[4.849,0.378],[-1.62,1.936],[-5.398,1.936],[-2.847,-11.096],[1.828,-11.096],[7.162,-9.727]],
                  "c": true
                },
                "ix": 2
              },
              "nm": "Path 1",
              "mn": "ADBE Vector Shape - Group",
              "hd": false
            },
            {
              "ind": 1,
              "ty": "sh",
              "ix": 2,
              "ks": {
                "a": 0,
                "k": {
                  "i": [[2.172,2.455],[4.675,0],[0,0],[0.047,-0.33],[0,0],[-0.142,-0.188],[-0.188,0],[0,0],[-0.047,0.33],[0,0],[0,0],[-1.935,0.613],[-1.606,1.464],[-0.85,1.464],[-0.331,1.747]],
                  "o": [[-2.172,-2.409],[0,0],[-0.331,0],[0,0],[-0.046,0.236],[0.094,0.142],[0,0],[0.378,0],[0,0],[0,0],[2.975,0],[1.983,-0.614],[1.37,-1.228],[0.802,-1.464],[0.849,-4.345]],
                  "v": [[15.048,-14.307],[4.754,-17.99],[-10.025,-17.99],[-10.733,-17.423],[-17.628,17.141],[-17.438,17.755],[-16.92,17.99],[-9.222,17.99],[-8.514,17.424],[-6.767,8.831],[-0.817,8.831],[6.596,7.887],[11.979,4.723],[15.285,0.708],[17.032,-4.107]],
                  "c": true
                },
                "ix": 2
              },
              "nm": "Path 2",
              "mn": "ADBE Vector Shape - Group",
              "hd": false
            },
            {
              "ty": "mm",
              "mm": 1,
              "nm": "Merge Paths 1",
              "mn": "ADBE Vector Filter - Merge",
              "hd": false
            },
            {
              "ty": "mm",
              "mm": 4,
              "nm": "Merge Paths 2",
              "mn": "ADBE Vector Filter - Merge",
              "hd": false
            },
            {
              "ty": "fl",
              "c": {"a":0,"k":[0.65882,0.10588,0.83529,1],"ix":4},
              "o": {"a":0,"k":100,"ix":5},
              "r":1,"bm":0,
              "nm":"Fill 1","mn":"ADBE Vector Graphic - Fill","hd":false
            },
            {
              "ty": "tr",
              "p": {"a":0,"k":[17.924,18.24],"ix":2},
              "a": {"a":0,"k":[0,0],"ix":1},
              "s": {"a":0,"k":[100,100],"ix":3},
              "r": {"a":0,"k":0,"ix":6},
              "o": {"a":0,"k":100,"ix":7},
              "sk": {"a":0,"k":0,"ix":4},
              "sa": {"a":0,"k":0,"ix":5},
              "nm":"Transform"
            }
          ],
          "nm":"Group 1",
          "np":5,
          "cix":2,
          "bm":0,
          "ix":1,
          "mn":"ADBE Vector Group",
          "hd":false
        }
      ],
      "ip":0,
      "op":176,
      "st":0,
      "bm":0
    }
  ],
  "markers": []
}