{
  "v": "5.5.8",
  "fr": 60,
  "ip": 0,
  "op": 132,
  "w": 95,
  "h": 95,
  "nm": "Python",
  "ddd": 0,
  "assets": [],
  "layers": [
    {
      "ddd": 0,
      "ind": 1,
      "ty": 4,
      "nm": "Shape Layer 4",
      "sr": 1,
      "ks": {
        "o": {"a":0,"k":100,"ix":11},
        "r": {"a":0,"k":0,"ix":10},
        "p": {"a":0,"k":[59.75,83.062,0],"ix":2},
        "a": {"a":0,"k":[-12.5,-35.875,0],"ix":1},
        "s": {
          "a":1,
          "k":[
            {"i":{"x":[0.833,0.833,0.833],"y":[0.833,0.833,0.833]},"o":{"x":[0.167,0.167,0.167],"y":[0.167,0.167,0.167]},"t":73,"s":[100,100,100]},
            {"i":{"x":[0.833,0.833,0.833],"y":[0.833,0.833,0.833]},"o":{"x":[0.167,0.167,0.167],"y":[0.167,0.167,0.167]},"t":78,"s":[100,0,100]},
            {"t":83,"s":[100,100,100]}
          ],
          "ix":6
        }
      },
      "ao": 0,
      "shapes": [
        {
          "ty": "gr",
          "it": [
            {
              "d": 1,
              "ty": "el",
              "s": {"a":0,"k":[8.625,8.625],"ix":2},
              "p": {"a":0,"k":[0,0],"ix":3},
              "nm": "Ellipse Path 1",
              "mn": "ADBE Vector Shape - Ellipse",
              "hd": false
            },
            {
              "ty": "st",
              "c": {"a":0,"k":[0.65882,0.10588,0.83529,1],"ix":3},
              "o": {"a":0,"k":100,"ix":4},
              "w": {"a":0,"k":0,"ix":5},
              "lc": 1,
              "lj": 1,
              "ml": 4,
              "bm": 0,
              "nm": "Stroke 1",
              "mn": "ADBE Vector Graphic - Stroke",
              "hd": false
            },
            {
              "ty": "fl",
              "c": {"a":0,"k":[0.42745,0.06667,0.89412,1],"ix":4},
              "o": {"a":0,"k":100,"ix":5},
              "r": 1,
              "bm": 0,
              "nm": "Fill 1",
              "mn": "ADBE Vector Graphic - Fill",
              "hd": false
            },
            {
              "ty": "tr",
              "p": {"a":0,"k":[-12.562,-35.812],"ix":2},
              "a": {"a":0,"k":[0,0],"ix":1},
              "s": {"a":0,"k":[100,100],"ix":3},
              "r": {"a":0,"k":0,"ix":6},
              "o": {"a":0,"k":100,"ix":7},
              "sk": {"a":0,"k":0,"ix":4},
              "sa": {"a":0,"k":0,"ix":5},
              "nm": "Transform"
            }
          ],
          "nm": "Ellipse 1",
          "np": 3,
          "cix": 2,
          "bm": 0,
          "ix": 1,
          "mn": "ADBE Vector Group",
          "hd": false
        }
      ],
      "ip": 0,
      "op": 132,
      "st": 0,
      "bm": 0
    },
    {
      "ddd": 0,
      "ind": 2,
      "ty": 4,
      "nm": "Shape Layer 3",
      "sr": 1,
      "ks": {
        "o": {"a":0,"k":100,"ix":11},
        "r": {"a":0,"k":0,"ix":10},
        "p": {"a":0,"k":[34.5,11.188,0],"ix":2},
        "a": {"a":0,"k":[-12.5,-35.875,0],"ix":1},
        "s": {
          "a":1,
          "k":[
            {"i":{"x":[0.833,0.833,0.833],"y":[0.833,0.833,0.833]},"o":{"x":[0.167,0.167,0.167],"y":[0.167,0.167,0.167]},"t":38,"s":[100,100,100]},
            {"i":{"x":[0.833,0.833,0.833],"y":[0.833,0.833,0.833]},"o":{"x":[0.167,0.167,0.167],"y":[0.167,0.167,0.167]},"t":43,"s":[100,0,100]},
            {"t":48,"s":[100,100,100]}
          ],
          "ix":6
        }
      },
      "ao": 0,
      "shapes": [
        {
          "ty": "gr",
          "it": [
            {
              "d": 1,
              "ty": "el",
              "s": {"a":0,"k":[8.625,8.625],"ix":2},
              "p": {"a":0,"k":[0,0],"ix":3},
              "nm": "Ellipse Path 1",
              "mn": "ADBE Vector Shape - Ellipse",
              "hd": false
            },
            {
              "ty": "st",
              "c": {"a":0,"k":[0.65882,0.10588,0.83529,1],"ix":3},
              "o": {"a":0,"k":100,"ix":4},
              "w": {"a":0,"k":0,"ix":5},
              "lc": 1,
              "lj": 1,
              "ml": 4,
              "bm": 0,
              "nm": "Stroke 1",
              "mn": "ADBE Vector Graphic - Stroke",
              "hd": false
            },
            {
              "ty": "fl",
              "c": {"a":0,"k":[0.42745,0.06667,0.89412,1],"ix":4},
              "o": {"a":0,"k":100,"ix":5},
              "r": 1,
              "bm": 0,
              "nm": "Fill 1",
              "mn": "ADBE Vector Graphic - Fill",
              "hd": false
            },
            {
              "ty": "tr",
              "p": {"a":0,"k":[-12.562,-35.812],"ix":2},
              "a": {"a":0,"k":[0,0],"ix":1},
              "s": {"a":0,"k":[100,100],"ix":3},
              "r": {"a":0,"k":0,"ix":6},
              "o": {"a":0,"k":100,"ix":7},
              "sk": {"a":0,"k":0,"ix":4},
              "sa": {"a":0,"k":0,"ix":5},
              "nm": "Transform"
            }
          ],
          "nm": "Ellipse 1",
          "np": 3,
          "cix": 2,
          "bm": 0,
          "ix": 1,
          "mn": "ADBE Vector Group",
          "hd": false
        }
      ],
      "ip": 0,
      "op": 132,
      "st": 0,
      "bm": 0
    },
    {
      "ddd": 0,
      "ind": 3,
      "ty": 4,
      "nm": "Shape Layer 2",
      "sr": 1,
      "ks": {
        "o": {"a":0,"k":100,"ix":11},
        "r": {"a":0,"k":180,"ix":10},
        "p": {"a":0,"k":[67.375,80.125,0],"ix":2},
        "a": {"a":0,"k":[-348.684,-277.632,0],"ix":1},
        "s": {"a":0,"k":[16,16,100],"ix":6}
      },
      "ao": 0,
      "shapes": [
        {
          "ty": "gr",
          "it": [
            {
              "ind": 0,
              "ty": "sh",
              "ix": 1,
              "ks": {
                "a": 1,
                "k": [
                  {
                    "i": {"x":0.833,"y":0.833},
                    "o": {"x":0.167,"y":0.167},
                    "t":0,
                    "s": [{"i":[[0,0],[14.75,-2.5],[9,-13.5]],"o":[[-30,1.75],[-8.5,0.25],[-12,25]],"v":[[-352,-266.75],[-413,-272.25],[-443,-246]],"c":false}]
                  },
                  {
                    "i": {"x":0.833,"y":0.833},
                    "o": {"x":0.167,"y":0.167},
                    "t":26.629,
                    "s": [{"i":[[0,0],[21,-12.25],[14.5,-11.5]],"o":[[-30,1.75],[-11,7.25],[-12,25]],"v":[[-353.5,-289.75],[-403.5,-279.25],[-440.5,-242.5]],"c":false}]
                  },
                  {
                    "i": {"x":0.833,"y":0.833},
                    "o": {"x":0.167,"y":0.167},
                    "t":53.258,
                    "s": [{"i":[[0,0],[16.614,0.481],[16.5,13.5]],"o":[[-30,1.75],[-16.57,-0.48],[-12,25]],"v":[[-348.5,-284.25],[-396.5,-270.75],[-443.5,-287]],"c":false}]
                  },
                  {
                    "i": {"x":0.833,"y":0.833},
                    "o": {"x":0.167,"y":0.167},
                    "t":81.549,
                    "s": [{"i":[[0,0],[16.614,0.481],[31,0.5]],"o":[[-7.5,16.75],[-16.57,-0.48],[-12,25]],"v":[[-352.5,-295.75],[-392.5,-271.25],[-445.5,-270.5]],"c":false}]
                  },
                  {
                    "t":106.513671875,
                    "s": [{"i":[[0,0],[14.75,-2.5],[9,-13.5]],"o":[[-30,1.75],[-8.5,0.25],[-12,25]],"v":[[-352,-266.75],[-413,-272.25],[-443,-246]],"c":false}]
                  }
                ],
                "ix": 2
              },
              "nm": "Path 1",
              "mn": "ADBE Vector Shape - Group",
              "hd": false
            },
            {
              "ty": "st",
              "c": {"a":0,"k":[0.65882,0.10588,0.83529,1],"ix":3},
              "o": {"a":0,"k":100,"ix":4},
              "w": {"a":0,"k":30,"ix":5},
              "lc": 2,
              "lj": 1,
              "ml": 4,
              "bm": 0,
              "nm": "Stroke 1",
              "mn": "ADBE Vector Graphic - Stroke",
              "hd": false
            },
            {
              "ty": "tr",
              "p": {"a":0,"k":[0,0],"ix":2},
              "a": {"a":0,"k":[0,0],"ix":1},
              "s": {"a":0,"k":[100,100],"ix":3},
              "r": {"a":0,"k":0,"ix":6},
              "o": {"a":0,"k":100,"ix":7},
              "sk": {"a":0,"k":0,"ix":4},
              "sa": {"a":0,"k":0,"ix":5},
              "nm": "Transform"
            }
          ],
          "nm": "Shape 1",
          "np": 3,
          "cix": 2,
          "bm": 0,
          "ix": 1,
          "mn": "ADBE Vector Group",
          "hd": false
        },
        {
          "ty": "tm",
          "s": {"a":0,"k":0,"ix":1},
          "e": {
            "a": 1,
            "k": [
              {"i":{"x":[0.833],"y":[0.833]},"o":{"x":[0.167],"y":[0.167]},"t":0,"s":[0]},
              {"i":{"x":[0.833],"y":[0.833]},"o":{"x":[0.167],"y":[0.167]},"t":20.812,"s":[100]},
              {"i":{"x":[0.833],"y":[0.833]},"o":{"x":[0.167],"y":[0.167]},"t":106.514,"s":[100]},
              {"t":131,"s":[0]}
            ],
            "ix": 2
          },
          "o": {"a":0,"k":0,"ix":3},
          "m": 1,
          "ix": 2,
          "nm": "Trim Paths 1",
          "mn": "ADBE Vector Filter - Trim",
          "hd": false
        }
      ],
      "ip": 0,
      "op": 132,
      "st": 0,
      "bm": 0
    },
    {
      "ddd": 0,
      "ind": 4,
      "ty": 4,
      "nm": "Shape Layer 1",
      "sr": 1,
      "ks": {
        "o": {"a":0,"k":100,"ix":11},
        "r": {"a":0,"k":0,"ix":10},
        "p": {"a":0,"k":[27.875,14.125,0],"ix":2},
        "a": {"a":0,"k":[-348.684,-277.632,0],"ix":1},
        "s": {"a":0,"k":[16,16,100],"ix":6}
      },
      "ao": 0,
      "shapes": [
        {
          "ty": "gr",
          "it": [
            {
              "ind": 0,
              "ty": "sh",
              "ix": 1,
              "ks": {
                "a": 1,
                "k": [
                  {
                    "i": {"x":0.833,"y":0.833},
                    "o": {"x":0.167,"y":0.167},
                    "t":0,
                    "s": [{"i":[[0,0],[14.75,-2.5],[9,-13.5]],"o":[[-30,1.75],[-8.5,0.25],[-12,25]],"v":[[-352,-266.75],[-413,-272.25],[-443,-246]],"c":false}]
                  },
                  {
                    "i": {"x":0.833,"y":0.833},
                    "o": {"x":0.167,"y":0.167},
                    "t":26.629,
                    "s": [{"i":[[0,0],[21,-12.25],[14.5,-11.5]],"o":[[-30,1.75],[-11,7.25],[-12,25]],"v":[[-353.5,-289.75],[-403.5,-279.25],[-440.5,-242.5]],"c":false}]
                  },
                  {
                    "i": {"x":0.833,"y":0.833},
                    "o": {"x":0.167,"y":0.167},
                    "t":53.258,
                    "s": [{"i":[[0,0],[16.614,0.481],[16.5,13.5]],"o":[[-30,1.75],[-16.57,-0.48],[-12,25]],"v":[[-348.5,-284.25],[-396.5,-270.75],[-443.5,-287]],"c":false}]
                  },
                  {
                    "i": {"x":0.833,"y":0.833},
                    "o": {"x":0.167,"y":0.167},
                    "t":81.549,
                    "s": [{"i":[[0,0],[16.614,0.481],[31,0.5]],"o":[[-7.5,16.75],[-16.57,-0.48],[-12,25]],"v":[[-352.5,-295.75],[-392.5,-271.25],[-445.5,-270.5]],"c":false}]
                  },
                  {
                    "t":106.513671875,
                    "s": [{"i":[[0,0],[14.75,-2.5],[9,-13.5]],"o":[[-30,1.75],[-8.5,0.25],[-12,25]],"v":[[-352,-266.75],[-413,-272.25],[-443,-246]],"c":false}]
                  }
                ],
                "ix": 2
              },
              "nm": "Path 1",
              "mn": "ADBE Vector Shape - Group",
              "hd": false
            },
            {
              "ty": "st",
              "c": {"a":0,"k":[0.65882,0.10588,0.83529,1],"ix":3},
              "o": {"a":0,"k":100,"ix":4},
              "w": {"a":0,"k":30,"ix":5},
              "lc": 2,
              "lj": 1,
              "ml": 4,
              "bm": 0,
              "nm": "Stroke 1",
              "mn": "ADBE Vector Graphic - Stroke",
              "hd": false
            },
            {
              "ty": "tr",
              "p": {"a":0,"k":[0,0],"ix":2},
              "a": {"a":0,"k":[0,0],"ix":1},
              "s": {"a":0,"k":[100,100],"ix":3},
              "r": {"a":0,"k":0,"ix":6},
              "o": {"a":0,"k":100,"ix":7},
              "sk": {"a":0,"k":0,"ix":4},
              "sa": {"a":0,"k":0,"ix":5},
              "nm": "Transform"
            }
          ],
          "nm": "Shape 1",
          "np": 3,
          "cix": 2,
          "bm": 0,
          "ix": 1,
          "mn": "ADBE Vector Group",
          "hd": false
        },
        {
          "ty": "tm",
          "s": {"a":0,"k":0,"ix":1},
          "e": {
            "a": 1,
            "k": [
              {"i":{"x":[0.833],"y":[0.833]},"o":{"x":[0.167],"y":[0.167]},"t":0,"s":[0]},
              {"i":{"x":[0.833],"y":[0.833]},"o":{"x":[0.167],"y":[0.167]},"t":20.812,"s":[100]},
              {"i":{"x":[0.833],"y":[0.833]},"o":{"x":[0.167],"y":[0.167]},"t":106.514,"s":[100]},
              {"t":131,"s":[0]}
            ],
            "ix": 2
          },
          "o": {"a":0,"k":0,"ix":3},
          "m": 1,
          "ix": 2,
          "nm": "Trim Paths 1",
          "mn": "ADBE Vector Filter - Trim",
          "hd": false
        }
      ],
      "ip": 0,
      "op": 132,
      "st": 0,
      "bm": 0
    },
    {
      "ddd": 0,
      "ind": 5,
      "ty": 4,
      "nm": "Python Outlines 2",
      "sr": 1,
      "ks": {
        "o": {"a":0,"k":100,"ix":11},
        "r": {"a":0,"k":360,"ix":10},
        "p": {"a":0,"k":[47.5,47.5,0],"ix":2},
        "a": {"a":0,"k":[12,12,0],"ix":1},
        "s": {"a":0,"k":[396,396,100],"ix":6}
      },
      "ao": 0,
      "shapes": [
        {
          "ty": "gr",
          "it": [
            {
              "ind": 0,
              "ty": "sh",
              "ix": 1,
              "ks": {
                "a": 0,
                "k": {
                  "i": [[0.29,0.92],[1.66,0],[0,0],[0,0],[1.96,-0.05],[0,0],[0.01,-1.589],[0,0],[-1.51,-0.44],[-1.02,0],[-0.92,0.3],[0,1.63],[0,0],[0,0],[0,0],[0,0],[-0.58,1.74],[0,1.04]],
                  "o": [[-0.41,-1.66],[0,0],[0,0],[-0.02,1.98],[0,0],[-1.58,0.03],[0,0],[0,1.549],[0.86,0.28],[1.02,0],[1.42,-0.42],[0,0],[0,0],[0,0],[0,0],[1.66,0],[0.28,-0.87],[0,-1.01]],
                  "v": [[8.365,-6.04],[5.505,-8.94],[3.355,-8.94],[3.355,-6.4],[-0.215,-2.77],[-5.945,-2.77],[-8.805,0.14],[-8.805,5.591],[-5.945,8.5],[-3.085,8.94],[-0.155,8.48],[2.635,5.591],[2.635,3.41],[-3.085,3.41],[-3.085,2.68],[5.505,2.68],[8.365,-0.22],[8.805,-3.13]],
                  "c": true
                },
                "ix": 2
              },
              "nm": "Path 2",
              "mn": "ADBE Vector Shape - Group",
              "hd": false
            },
            {
              "ty": "mm",
              "mm": 1,
              "nm": "Merge Paths 1",
              "mn": "ADBE Vector Filter - Merge",
              "hd": false
            },
            {
              "ty": "fl",
              "c": {"a":0,"k":[0.65882,0.10588,0.83529,1],"ix":4},
              "o": {"a":0,"k":100,"ix":5},
              "r": 1,
              "bm": 0,
              "nm": "Fill 1",
              "mn": "ADBE Vector Graphic - Fill",
              "hd": false
            },
            {
              "ty": "tr",
              "p": {"a":0,"k":[14.935,15.06],"ix":2},
              "a": {"a":0,"k":[0,0],"ix":1},
              "s": {"a":0,"k":[100,100],"ix":3},
              "r": {"a":0,"k":0,"ix":6},
              "o": {"a":0,"k":100,"ix":7},
              "sk": {"a":0,"k":0,"ix":4},
              "sa": {"a":0,"k":0,"ix":5},
              "nm": "Transform"
            }
          ],
          "nm": "Group 2",
          "np": 3,
          "cix": 2,
          "bm": 0,
          "ix": 1,
          "mn": "ADBE Vector Group",
          "hd": false
        }
      ],
      "ip": 0,
      "op": 132,
      "st": 0,
      "bm": 0
    },
    {
      "ddd": 0,
      "ind": 6,
      "ty": 4,
      "nm": "Python Outlines",
      "sr": 1,
      "ks": {
        "o": {"a":0,"k":100,"ix":11},
        "r": {"a":0,"k":360,"ix":10},
        "p": {"a":0,"k":[47.5,47.5,0],"ix":2},
        "a": {"a":0,"k":[12,12,0],"ix":1},
        "s": {"a":0,"k":[396,396,100],"ix":6}
      },
      "ao": 0,
      "shapes": [
        {
          "ty": "gr",
          "it": [
            {
              "ind": 0,
              "ty": "sh",
              "ix": 1,
              "ks": {
                "a": 0,
                "k": {
                  "i": [[1.54,0.17],[0,0],[1.02,0],[0,0],[0.92,-0.16],[0,-1.63],[0,0],[0,0],[0,0],[0,0],[0.32,-1.64],[0,0],[0,-1.03],[-0.26,-0.93],[-1.66,0],[0,0],[0,0],[-1.96,0.03],[0,0],[0,1.59],[0,0],[0,0]],
                  "o": [[0,0],[-0.87,-0.15],[0,0],[-0.97,0],[-2.33,0.44],[0,0],[0,0],[0,0],[0,0],[-1.73,0],[0,0],[-0.25,0.87],[0,1.01],[0.41,1.7],[0,0],[0,0],[0.05,-1.96],[0,0],[1.58,-0.01],[0,0],[0,0],[-0.1,-1.56]],
                  "v": [[5.935,-8.64],[5.925,-8.64],[3.045,-8.87],[2.945,-8.87],[0.105,-8.62],[-2.655,-5.66],[-2.655,-3.48],[3.065,-3.48],[3.065,-2.75],[-4.875,-2.75],[-8.375,0.13],[-8.385,0.15],[-8.785,3.06],[-8.385,5.97],[-5.345,8.87],[-3.375,8.87],[-3.375,6.26],[0.205,2.7],[5.925,2.7],[8.785,-0.19],[8.785,-0.21],[8.785,-5.66]],
                  "c": true
                },
                "ix": 2
              },
              "nm": "Path 2",
              "mn": "ADBE Vector Shape - Group",
              "hd": false
            },
            {
              "ty": "mm",
              "mm": 1,
              "nm": "Merge Paths 1",
              "mn": "ADBE Vector Filter - Merge",
              "hd": false
            },
            {
              "ty": "fl",
              "c": {"a":0,"k":[0.65882,0.10588,0.83529,1],"ix":4},
              "o": {"a":0,"k":100,"ix":5},
              "r": 1,
              "bm": 0,
              "nm": "Fill 1",
              "mn": "ADBE Vector Graphic - Fill",
              "hd": false
            },
            {
              "ty": "tr",
              "p": {"a":0,"k":[8.785,8.87],"ix":2},
              "a": {"a":0,"k":[0,0],"ix":1},
              "s": {"a":0,"k":[100,100],"ix":3},
              "r": {"a":0,"k":0,"ix":6},
              "o": {"a":0,"k":100,"ix":7},
              "sk": {"a":0,"k":0,"ix":4},
              "sa": {"a":0,"k":0,"ix":5},
              "nm": "Transform"
            }
          ],
          "nm": "Group 1",
          "np": 5,
          "cix": 2,
          "bm": 0,
          "ix": 1,
          "mn": "ADBE Vector Group",
          "hd": false
        }
      ],
      "ip": 0,
      "op": 132,
      "st": 0,
      "bm": 0
    }
  ],
  "markers": []
}