{
  "v": "5.5.8",
  "fr": 60,
  "ip": 0,
  "op": 361,
  "w": 48,
  "h": 43,
  "nm": "r",
  "ddd": 0,
  "assets": [],
  "layers": [
    {
      "ddd": 0,
      "ind": 1,
      "ty": 4,
      "nm": "Layer 1 Outlines",
      "sr": 1,
      "ks": {
        "o": {"a":0,"k":100,"ix":11},
        "r": {
          "a":1,
          "k":[
            {"i":{"x":[0.833],"y":[0.833]},"o":{"x":[0.167],"y":[0.167]},"t":0,"s":[0]},
            {"t":360,"s":[360]}
          ],
          "ix":10
        },
        "p": {"a":0,"k":[24,21.353,0],"ix":2},
        "a": {"a":0,"k":[24.25,22.507,0],"ix":1},
        "s": {"a":0,"k":[89,89,100],"ix":6}
      },
      "ao": 0,
      "shapes": [
        {
          "ty": "gr",
          "it": [
            {
              "ind": 0,
              "ty": "sh",
              "ix": 1,
              "ks": {
                "a": 0,
                "k": {
                  "i": [[-2.367,0],[0,-2.367],[2.367,0],[0,2.368]],
                  "o": [[2.367,0],[0,2.368],[-2.367,0],[0,-2.367]],
                  "v": [[0,-4.286],[4.286,-0.001],[0,4.286],[-4.286,-0.001]],
                  "c": true
                },
                "ix": 2
              },
              "nm": "Path 1",
              "mn": "ADBE Vector Shape - Group",
              "hd": false
            },
            {
              "ty": "fl",
              "c": {"a":0,"k":[0.65882,0.10588,0.83529,1],"ix":4},
              "o": {"a":0,"k":100,"ix":5},
              "r":1,"bm":0,
              "nm":"Fill 1","mn":"ADBE Vector Graphic - Fill","hd":false
            },
            {
              "ty": "tr",
              "p": {"a":0,"k":[24.25,22.466],"ix":2},
              "a": {"a":0,"k":[0,0],"ix":1},
              "s": {"a":0,"k":[100,100],"ix":3},
              "r": {"a":0,"k":0,"ix":6},
              "o": {"a":0,"k":100,"ix":7},
              "sk": {"a":0,"k":0,"ix":4},
              "sa": {"a":0,"k":0,"ix":5},
              "nm":"Transform"
            }
          ],
          "nm": "Group 1",
          "np":2,
          "cix":2,
          "bm":0,
          "ix":1,
          "mn":"ADBE Vector Group",
          "hd":false
        },
        {
          "ty": "gr",
          "it": [
            {
              "ind": 0,
              "ty": "sh",
              "ix": 1,
              "ks": {
                "a": 0,
                "k": {
                  "i": [[0.945,1.024],[0,0],[0.884,-1.165],[-0.949,0],[-0.938,-0.044]],
                  "o": [[0,0],[-0.909,0.992],[0.933,-0.043],[0.958,0],[-0.93,-1.241]],
                  "v": [[0.024,-13.27],[-0.129,-13.106],[-2.826,-9.862],[0,-9.928],[2.847,-9.861]],
                  "c": true
                },
                "ix": 2
              },
              "nm": "Path 1",
              "mn": "ADBE Vector Shape - Group",
              "hd": false
            },
            {
              "ind": 1,
              "ty": "sh",
              "ix": 2,
              "ks": {
                "a": 0,
                "k": {
                  "i": [[0,0],[1.573,-0.911],[-0.902,-4.61],[-0.125,-0.502],[-2.258,0.209],[-1.395,1.498],[0.24,0.212]],
                  "o": [[-3.657,-3.175],[-1.507,0.872],[0.095,0.483],[1.987,-0.45],[1.316,-1.859],[-0.242,-0.228],[0,0]],
                  "v": [[-2.364,-15.601],[-11.034,-19.119],[-12.239,-10.159],[-11.909,-8.681],[-5.503,-9.676],[-1.413,-14.738],[-2.135,-15.4]],
                  "c": true
                },
                "ix": 2
              },
              "nm": "Path 2",
              "mn": "ADBE Vector Shape - Group",
              "hd": false
            },
            {
              "ind": 2,
              "ty": "sh",
              "ix": 3,
              "ks": {
                "a": 0,
                "k": {
                  "i": [[0,0],[3.469,-3.018],[0.369,-0.354],[-1.318,-1.878],[-1.991,-0.46],[-0.064,0.313],[1.608,0.927]],
                  "o": [[-1.552,-0.765],[-0.366,0.319],[1.372,1.479],[2.265,0.212],[0.078,-0.322],[1.011,-4.902],[0,0]],
                  "v": [[10.83,-19.233],[2.563,-15.749],[1.46,-14.738],[5.517,-9.673],[11.936,-8.659],[12.15,-9.613],[10.928,-19.18]],
                  "c": true
                },
                "ix": 2
              },
              "nm": "Path 3",
              "mn": "ADBE Vector Shape - Group",
              "hd": false
            },
            {
              "ind": 3,
              "ty": "sh",
              "ix": 4,
              "ks": {
                "a": 0,
                "k": {
                  "i": [[-0.301,0.47],[0,0],[1.216,-0.272],[-0.597,-1.416],[-0.474,0.823],[0,0],[0,0],[0,0]],
                  "o": [[0,0],[-1.34,0.18],[0.416,1.344],[0.428,-0.83],[0,0],[0,0],[0,0],[0.291,-0.484]],
                  "v": [[-7.003,-7.452],[-7.51,-7.385],[-11.354,-6.704],[-9.83,-2.551],[-8.476,-5.032],[-8.148,-5.601],[-8.143,-5.601],[-7.892,-6.02]],
                  "c": true
                },
                "ix": 2
              },
              "nm": "Path 4",
              "mn": "ADBE Vector Shape - Group",
              "hd": false
            },
            {
              "ind": 4,
              "ty": "sh",
              "ix": 5,
              "ks": {
                "a": 0,
                "k": {
                  "i": [[1.532,0.194],[0,0],[-0.452,-0.78],[-0.435,-0.827],[-0.414,1.327]],
                  "o": [[0,0],[0.472,0.743],[0.486,0.838],[0.607,-1.422],[-1.378,-0.315]],
                  "v": [[7.007,-7.447],[7.08,-7.332],[8.466,-5.046],[9.848,-2.547],[11.384,-6.682]],
                  "c": true
                },
                "ix": 2
              },
              "nm": "Path 5",
              "mn": "ADBE Vector Shape - Group",
              "hd": false
            },
            {
              "ind": 5,
              "ty": "sh",
              "ix": 6,
              "ks": {
                "a": 0,
                "k": {
                  "i": [[0.491,0.142],[0,0],[0.945,-2.036],[-0.607,-1.922],[0,0],[0,0],[0,1.856],[4.443,1.53]],
                  "o": [[0,0],[-0.588,1.889],[1.003,2.114],[0,0],[0,0],[4.751,-1.573],[0,-1.742],[-0.459,-0.157]],
                  "v": [[13.372,-6.17],[13.349,-6.097],[11.036,-0.178],[13.465,5.902],[13.812,5.799],[14.272,5.65],[21.949,-0.188],[14.797,-5.72]],
                  "c": true
                },
                "ix": 2
              },
              "nm": "Path 6",
              "mn": "ADBE Vector Shape - Group",
              "hd": false
            },
            {
              "ind": 6,
              "ty": "sh",
              "ix": 7,
              "ks": {
                "a": 0,
                "k": {
                  "i": [[0.601,1.954],[0,0],[0.461,-0.161],[0,-1.748],[-4.554,-1.557],[-0.409,-0.117],[-0.963,2.096]],
                  "o": [[0,0],[-0.498,0.145],[-4.346,1.515],[0,1.842],[0.38,0.13],[0.607,-1.977],[-0.95,-2.065]],
                  "v": [[-13.346,-6.2],[-13.559,-6.139],[-14.998,-5.68],[-21.95,-0.188],[-14.56,5.64],[-13.376,6.011],[-11.007,-0.138]],
                  "c": true
                },
                "ix": 2
              },
              "nm": "Path 7",
              "mn": "ADBE Vector Shape - Group",
              "hd": false
            },
            {
              "ind": 7,
              "ty": "sh",
              "ix": 8,
              "ks": {
                "a": 0,
                "k": {
                  "i": [[0.641,1.462],[0,0],[0.45,-0.781],[0.498,-0.79],[-1.392,0.317]],
                  "o": [[0,0],[-0.408,0.781],[-0.483,0.838],[1.584,-0.191],[-0.43,-1.346]],
                  "v": [[9.867,2.199],[9.763,2.398],[8.474,4.742],[7.001,7.186],[11.479,6.422]],
                  "c": true
                },
                "ix": 2
              },
              "nm": "Path 8",
              "mn": "ADBE Vector Shape - Group",
              "hd": false
            },
            {
              "ind": 8,
              "ty": "sh",
              "ix": 9,
              "ks": {
                "a": 0,
                "k": {
                  "i": [[0.43,0.831],[0,0],[0.409,-1.323],[-1.572,-0.176],[0.487,0.84]],
                  "o": [[0,0],[-0.583,1.396],[1.37,0.298],[-0.517,-0.803],[-0.477,-0.824]],
                  "v": [[-9.828,2.272],[-9.89,2.419],[-11.384,6.511],[-6.96,7.222],[-8.467,4.756]],
                  "c": true
                },
                "ix": 2
              },
              "nm": "Path 9",
              "mn": "ADBE Vector Shape - Group",
              "hd": false
            },
            {
              "ind": 9,
              "ty": "sh",
              "ix": 10,
              "ks": {
                "a": 0,
                "k": {
                  "i": [[1.486,0],[1.428,-0.108],[0.741,-1.285],[0,0],[0.541,-1.128],[-0.743,-1.285],[-0.814,-1.187],[-1.494,0],[-1.425,0.102],[-0.75,1.301],[-0.623,1.284],[0.752,1.3],[0.794,1.172]],
                  "o": [[-1.479,0],[-0.806,1.18],[0,0],[-0.634,1.123],[0.62,1.288],[0.746,1.288],[1.399,0.091],[1.5,0],[0.78,-1.172],[0.75,-1.3],[-0.625,-1.263],[-0.744,-1.285],[-1.426,-0.109]],
                  "v": [[0,-7.877],[-4.371,-7.713],[-6.698,-4.008],[-6.976,-3.521],[-8.741,-0.139],[-6.692,3.729],[-4.346,7.45],[0,7.587],[4.397,7.433],[6.698,3.718],[8.761,-0.168],[6.692,-4.019],[4.379,-7.712]],
                  "c": true
                },
                "ix": 2
              },
              "nm": "Path 10",
              "mn": "ADBE Vector Shape - Group",
              "hd": false
            },
            {
              "ind": 10,
              "ty": "sh",
              "ix": 11,
              "ks": {
                "a": 0,
                "k": {
                  "i": [[-0.935,1.271],[0,0],[0.901,0],[0.919,0.036],[-0.972,-1.049]],
                  "o": [[0,0],[-0.878,0.036],[-0.953,0],[0.947,1.248],[0.939,-1.034]],
                  "v": [[2.897,9.573],[2.672,9.583],[0,9.638],[-2.809,9.583],[0.08,13.04]],
                  "c": true
                },
                "ix": 2
              },
              "nm": "Path 11",
              "mn": "ADBE Vector Shape - Group",
              "hd": false
            },
            {
              "ind": 11,
              "ty": "sh",
              "ix": 12,
              "ks": {
                "a": 0,
                "k": {
                  "i": [[1.966,0.435],[0,0],[0.071,-0.343],[0,0],[-1.515,-0.873],[-3.623,3.167],[-0.306,0.295],[1.327,1.868]],
                  "o": [[0,0],[-0.086,0.354],[0,0],[-0.858,4.523],[1.595,0.92],[0.303,-0.265],[-1.401,-1.506],[-2.326,-0.19]],
                  "v": [[-11.936,8.488],[-11.969,8.618],[-12.205,9.662],[-12.288,10.081],[-11.002,18.848],[-2.263,15.357],[-1.349,14.517],[-5.468,9.426]],
                  "c": true
                },
                "ix": 2
              },
              "nm": "Path 12",
              "mn": "ADBE Vector Shape - Group",
              "hd": false
            },
            {
              "ind": 12,
              "ty": "sh",
              "ix": 13,
              "ks": {
                "a": 0,
                "k": {
                  "i": [[0.097,0.394],[0,0],[2.236,-0.198],[1.352,-1.48],[-0.399,-0.343],[-1.513,0.876],[0.935,4.719]],
                  "o": [[0,0],[-1.931,0.434],[-1.32,1.911],[0.403,0.389],[3.489,3.002],[1.594,-0.923],[-0.075,-0.379]],
                  "v": [[12.042,8.397],[11.824,8.446],[5.54,9.398],[1.517,14.507],[2.723,15.607],[10.96,18.872],[12.3,9.558]],
                  "c": true
                },
                "ix": 2
              },
              "nm": "Path 13",
              "mn": "ADBE Vector Shape - Group",
              "hd": false
            },
            {
              "ind": 13,
              "ty": "sh",
              "ix": 14,
              "ks": {
                "a": 0,
                "k": {
                  "i": [[0,0],[-2.505,-1.443],[1.17,-5.678],[0.088,-0.357],[-0.498,-0.172],[0,-2.89],[5.503,-1.824],[0.304,-0.09],[-0.083,-0.419],[2.575,-1.491],[4.079,3.51],[0.434,0.418],[0.333,-0.291],[2.576,1.485],[-1.004,5.287],[-0.145,0.583],[0.419,0.143],[0,2.975],[-5.082,1.771],[-0.615,0.174],[0.102,0.52],[-2.502,1.448],[-4.335,-3.848],[-0.266,-0.254],[-0.286,0.257]],
                  "o": [[4.136,-3.599],[2.611,1.506],[-0.072,0.346],[0.532,0.152],[5.185,1.784],[0,3.015],[-0.291,0.095],[0.108,0.436],[1.086,5.488],[-2.492,1.443],[-0.431,-0.371],[-0.335,0.323],[-4.211,3.682],[-2.496,-1.438],[0.106,-0.557],[-0.447,-0.129],[-5.293,-1.809],[0,-2.88],[0.568,-0.198],[-0.134,-0.539],[-1.053,-5.381],[2.609,-1.51],[0.264,0.235],[0.286,-0.275],[0,0]],
                  "v": [[1.217,-17.296],[11.953,-20.957],[14.159,-9.199],[13.92,-8.145],[15.465,-7.658],[24,-0.188],[14.917,7.598],[14.025,7.877],[14.312,9.159],[11.987,20.647],[1.386,17.162],[0.089,15.979],[-0.913,16.9],[-12.026,20.624],[-14.302,9.699],[-13.925,7.987],[-15.224,7.58],[-24,-0.188],[-15.673,-7.616],[-13.897,-8.175],[-14.251,-9.765],[-12.061,-20.894],[-0.773,-16.934],[0.022,-16.201],[0.88,-16.998]],
                  "c": true
                },
                "ix": 2
              },
              "nm": "Path 14",
              "mn": "ADBE Vector Shape - Group",
              "hd": false
            },
            {
              "ty": "mm",
              "mm": 1,
              "nm": "Merge Paths 1",
              "mn": "ADBE Vector Filter - Merge",
              "hd": false
            },
            {
              "ty": "fl",
              "c": {"a":0,"k":[0.65882,0.10588,0.83529,1],"ix":4},
              "o": {"a":0,"k":100,"ix":5},
              "r":1,"bm":0,
              "nm":"Fill 1","mn":"ADBE Vector Graphic - Fill","hd":false
            },
            {
              "ty": "tr",
              "p": {"a":0,"k":[24.25,22.654],"ix":2},
              "a": {"a":0,"k":[0,0],"ix":1},
              "s": {"a":0,"k":[100,100],"ix":3},
              "r": {"a":0,"k":0,"ix":6},
              "o": {"a":0,"k":100,"ix":7},
              "sk": {"a":0,"k":0,"ix":4},
              "sa": {"a":0,"k":0,"ix":5},
              "nm":"Transform"
            }
          ],
          "nm": "Group 2",
          "np":18,
          "cix":2,
          "bm":0,
          "ix":2,
          "mn":"ADBE Vector Group",
          "hd":false
        }
      ],
      "ip":0,
      "op":361,
      "st":0,
      "bm":0
    }
  ],
  "markers": []
}