{
  "v": "5.5.8",
  "fr": 60,
  "ip": 0,
  "op": 300,
  "w": 95,
  "h": 95,
  "nm": "React ",
  "ddd": 0,
  "assets": [],
  "layers": [
    {
      "ddd": 0,
      "ind": 1,
      "ty": 4,
      "nm": "Layer 1 Outlines",
      "sr": 1,
      "ks": {
        "o": {"a":0,"k":100,"ix":11},
        "r": {
          "a":1,
          "k":[
            {"i":{"x":[0.833],"y":[0.833]},"o":{"x":[0.167],"y":[0.167]},"t":0,"s":[0]},
            {"t":299,"s":[-360]}
          ],
          "ix":10
        },
        "p": {"a":0,"k":[47.5,47.5,0],"ix":2},
        "a": {"a":0,"k":[14.25,13.02,0],"ix":1},
        "s": {"a":0,"k":[315,315,100],"ix":6}
      },
      "ao": 0,
      "shapes": [
        {
          "ty": "gr",
          "it": [
            {
              "ind": 0,
              "ty": "sh",
              "ix": 1,
              "ks": {
                "a": 0,
                "k": {
                  "i": [[0.56,0],[0,0.56],[-0.56,0],[0,-0.56]],
                  "o": [[-0.56,0],[0,-0.56],[0.56,0],[0,0.56]],
                  "v": [[0,1],[-1,0],[0,-1],[1,0]],
                  "c": true
                },
                "ix": 2
              },
              "nm": "Path 1",
              "mn": "ADBE Vector Shape - Group",
              "hd": false
            },
            {
              "ind": 1,
              "ty": "sh",
              "ix": 2,
              "ks": {
                "a": 0,
                "k": {
                  "i": [[1.65,0],[0,-1.65],[-1.65,0],[0,1.65]],
                  "o": [[-1.65,0],[0,1.65],[1.65,0],[0,-1.65]],
                  "v": [[0,-3],[-3,0],[0,3],[3,0]],
                  "c": true
                },
                "ix": 2
              },
              "nm": "Path 2",
              "mn": "ADBE Vector Shape - Group",
              "hd": false
            },
            {
              "ty": "mm",
              "mm": 1,
              "nm": "Merge Paths 1",
              "mn": "ADBE Vector Filter - Merge",
              "hd": false
            },
            {
              "ty": "fl",
              "c": {"a":0,"k":[0.65882,0.10588,0.83529,1],"ix":4},
              "o": {"a":0,"k":100,"ix":5},
              "r":1,"bm":0,
              "nm":"Fill 1","mn":"ADBE Vector Graphic - Fill","hd":false
            },
            {
              "ty": "tr",
              "p": {"a":0,"k":[14.25,13.02],"ix":2},
              "a": {"a":0,"k":[0,0],"ix":1},
              "s": {"a":0,"k":[100,100],"ix":3},
              "r": {"a":0,"k":0,"ix":6},
              "o": {"a":0,"k":100,"ix":7},
              "sk": {"a":0,"k":0,"ix":4},
              "sa": {"a":0,"k":0,"ix":5},
              "nm":"Transform"
            }
          ],
          "nm": "Group 1",
          "np":4,
          "cix":2,
          "bm":0,
          "ix":1,
          "mn":"ADBE Vector Group",
          "hd":false
        },
        {
          "ty": "gr",
          "it": [
            {
              "ind": 0,
              "ty": "sh",
              "ix": 1,
              "ks": {
                "a": 0,
                "k": {
                  "i": [[0.54,-0.58],[1.051,-0.5],[0.46,1.13],[-0.259,1.07],[-0.521,-0.57],[0,-0.54]],
                  "o": [[-0.521,0.57],[-0.259,-1.07],[0.46,-1.13],[1.051,0.5],[0.54,0.58],[0,0.54]],
                  "v": [[11.24,1.661],[8.849,3.301],[7.78,0.001],[8.849,-3.299],[11.24,-1.66],[12,0.001]],
                  "c": true
                },
                "ix": 2
              },
              "nm": "Path 1",
              "mn": "ADBE Vector Shape - Group",
              "hd": false
            },
            {
              "ind": 1,
              "ty": "sh",
              "ix": 2,
              "ks": {
                "a": 0,
                "k": {
                  "i": [[0.1,-1.16],[1.201,0.17],[0.79,0.76],[-0.75,0.16],[-0.171,0.01],[-0.35,-0.2],[-0.239,-0.76]],
                  "o": [[-1.05,-0.31],[-0.75,-0.96],[0.949,-0.66],[0.191,-0.05],[0.51,-0.04],[0.46,0.27],[0.231,0.73]],
                  "v": [[7.28,-6.01],[3.889,-6.74],[1.57,-9.309],[4.179,-10.559],[4.73,-10.65],[6,-10.389],[7.059,-8.9]],
                  "c": true
                },
                "ix": 2
              },
              "nm": "Path 2",
              "mn": "ADBE Vector Shape - Group",
              "hd": false
            },
            {
              "ind": 2,
              "ty": "sh",
              "ix": 3,
              "ks": {
                "a": 0,
                "k": {
                  "i": [[0.231,-0.73],[0.46,-0.269],[0.781,0.181],[0.949,0.661],[-0.75,0.96],[-1.05,0.31]],
                  "o": [[-0.239,0.76],[-0.46,0.271],[-0.75,-0.159],[0.79,-0.759],[1.201,-0.17],[0.1,1.16]],
                  "v": [[7.059,8.9],[6,10.389],[4.179,10.559],[1.57,9.309],[3.889,6.74],[7.28,6.01]],
                  "c": true
                },
                "ix": 2
              },
              "nm": "Path 3",
              "mn": "ADBE Vector Shape - Group",
              "hd": false
            },
            {
              "ind": 3,
              "ty": "sh",
              "ix": 4,
              "ks": {
                "a": 0,
                "k": {
                  "i": [[0.35,-0.32],[0.35,0.369],[-0.36,0],[-0.35,0.01]],
                  "o": [[-0.35,-0.32],[0.35,0.01],[-0.36,0],[-0.35,-0.37]],
                  "v": [[0,8.04],[-1.05,6.98],[0,7.001],[1.05,6.98]],
                  "c": true
                },
                "ix": 2
              },
              "nm": "Path 4",
              "mn": "ADBE Vector Shape - Group",
              "hd": false
            },
            {
              "ind": 4,
              "ty": "sh",
              "ix": 5,
              "ks": {
                "a": 0,
                "k": {
                  "i": [[0.75,-0.159],[0.46,0.271],[0.24,0.76],[-0.099,1.16],[-1.2,-0.17],[-0.79,-0.759]],
                  "o": [[-0.78,0.181],[-0.46,-0.269],[-0.23,-0.73],[1.051,0.31],[0.75,0.96],[-0.95,0.661]],
                  "v": [[-4.18,10.559],[-6,10.389],[-7.06,8.9],[-7.281,6.01],[-3.89,6.74],[-1.57,9.309]],
                  "c": true
                },
                "ix": 2
              },
              "nm": "Path 5",
              "mn": "ADBE Vector Shape - Group",
              "hd": false
            },
            {
              "ind": 5,
              "ty": "sh",
              "ix": 6,
              "ks": {
                "a": 0,
                "k": {
                  "i": [[-0.23,0.73],[-0.46,0.27],[-0.51,-0.04],[-0.19,-0.05],[-0.95,-0.66],[0.75,-0.96],[1.051,-0.31]],
                  "o": [[0.24,-0.76],[0.35,-0.2],[0.17,0.01],[0.75,0.16],[-0.79,0.76],[-1.2,0.17],[-0.099,-1.16]],
                  "v": [[-7.06,-8.9],[-6,-10.389],[-4.73,-10.65],[-4.18,-10.559],[-1.57,-9.309],[-3.89,-6.74],[-7.281,-6.01]],
                  "c": true
                },
                "ix": 2
              },
              "nm": "Path 6",
              "mn": "ADBE Vector Shape - Group",
              "hd": false
            },
            {
              "ind": 6,
              "ty": "sh",
              "ix": 7,
              "ks": {
                "a": 0,
                "k": {
                  "i": [[0,0],[0,0],[0,0]],
                  "o": [[0,0],[0,0],[0,0]],
                  "v": [[-6.32,-4.02],[-4.88,-4.4],[-5.93,-2.579]],
                  "c": true
                },
                "ix": 2
              },
              "nm": "Path 7",
              "mn": "ADBE Vector Shape - Group",
              "hd": false
            },
            {
              "ind": 7,
              "ty": "sh",
              "ix": 8,
              "ks": {
                "a": 0,
                "k": {
                  "i": [[-0.18,-0.31],[-0.18,-0.301],[0.45,0.141],[-0.15,0.49]],
                  "o": [[0.18,0.309],[-0.5,-0.11],[0.1,-0.469],[0.17,0.3]],
                  "v": [[-6.06,3.501],[-5.52,4.4],[-6.96,4.02],[-6.57,2.581]],
                  "c": true
                },
                "ix": 2
              },
              "nm": "Path 8",
              "mn": "ADBE Vector Shape - Group",
              "hd": false
            },
            {
              "ind": 8,
              "ty": "sh",
              "ix": 9,
              "ks": {
                "a": 0,
                "k": {
                  "i": [[-0.369,-0.83],[0.479,-0.84],[0.53,-0.729],[0.96,0],[0.9,0.091],[0.48,0.84],[0.37,0.83],[-0.48,0.84],[-0.53,0.73],[-0.96,0],[-0.9,-0.09],[-0.481,-0.84]],
                  "o": [[-0.369,0.83],[-0.481,0.84],[-0.9,0.091],[-0.96,0],[-0.53,-0.729],[-0.48,-0.84],[0.37,-0.83],[0.48,-0.84],[0.9,-0.09],[0.96,0],[0.53,0.73],[0.479,0.84]],
                  "v": [[5.599,0.001],[4.33,2.501],[2.8,4.85],[0,5.001],[-2.8,4.85],[-4.33,2.501],[-5.6,0.001],[-4.33,-2.499],[-2.8,-4.85],[0,-4.999],[2.8,-4.85],[4.33,-2.499]],
                  "c": true
                },
                "ix": 2
              },
              "nm": "Path 9",
              "mn": "ADBE Vector Shape - Group",
              "hd": false
            },
            {
              "ind": 9,
              "ty": "sh",
              "ix": 10,
              "ks": {
                "a": 0,
                "k": {
                  "i": [[-0.1,-0.469],[0.5,-0.11],[-0.179,0.309],[-0.17,0.3]],
                  "o": [[-0.45,0.141],[0.181,-0.301],[0.181,-0.31],[0.149,0.49]],
                  "v": [[6.96,4.02],[5.519,4.4],[6.059,3.501],[6.57,2.581]],
                  "c": true
                },
                "ix": 2
              },
              "nm": "Path 10",
              "mn": "ADBE Vector Shape - Group",
              "hd": false
            },
            {
              "ind": 10,
              "ty": "sh",
              "ix": 11,
              "ks": {
                "a": 0,
                "k": {
                  "i": [[0.149,-0.49],[0.181,0.31],[0.181,0.3],[-0.45,-0.14]],
                  "o": [[-0.17,-0.3],[-0.179,-0.31],[0.5,0.11],[-0.1,0.47]],
                  "v": [[6.57,-2.579],[6.059,-3.499],[5.519,-4.4],[6.96,-4.02]],
                  "c": true
                },
                "ix": 2
              },
              "nm": "Path 11",
              "mn": "ADBE Vector Shape - Group",
              "hd": false
            },
            {
              "ind": 11,
              "ty": "sh",
              "ix": 12,
              "ks": {
                "a": 0,
                "k": {
                  "i": [[-0.35,0.32],[-0.35,-0.37],[0.36,0],[0.35,-0.01]],
                  "o": [[0.35,0.32],[-0.35,-0.01],[-0.36,0],[0.35,-0.37]],
                  "v": [[0,-8.04],[1.05,-6.979],[0,-6.999],[-1.05,-6.979]],
                  "c": true
                },
                "ix": 2
              },
              "nm": "Path 12",
              "mn": "ADBE Vector Shape - Group",
              "hd": false
            },
            {
              "ind": 12,
              "ty": "sh",
              "ix": 13,
              "ks": {
                "a": 0,
                "k": {
                  "i": [[0.26,-1.07],[0.52,0.57],[0,0.54],[-0.541,0.58],[-1.05,0.5],[-0.459,-1.13]],
                  "o": [[-1.05,-0.5],[-0.541,-0.58],[0,-0.54],[0.52,-0.57],[0.26,1.07],[-0.459,1.13]],
                  "v": [[-8.85,3.301],[-11.24,1.661],[-12,0.001],[-11.24,-1.66],[-8.85,-3.299],[-7.781,0.001]],
                  "c": true
                },
                "ix": 2
              },
              "nm": "Path 13",
              "mn": "ADBE Vector Shape - Group",
              "hd": false
            },
            {
              "ind": 13,
              "ty": "sh",
              "ix": 14,
              "ks": {
                "a": 0,
                "k": {
                  "i": [[0.79,0.85],[1.27,0.58],[0.13,0.06],[-0.019,0.14],[0.349,1.11],[0.969,0.56],[1.13,-0.25],[1.13,-0.8],[0.12,-0.08],[0.12,0.08],[1.13,0.25],[0.29,0.02],[0.73,-0.43],[0.34,-1.1],[-0.12,-1.38],[-0.02,-0.14],[0.13,-0.06],[0.78,-0.85],[0,-1.12],[-0.79,-0.85],[-1.27,-0.58],[-0.13,-0.06],[0.02,-0.14],[-0.35,-1.11],[-0.97,-0.561],[-1.13,0.25],[-1.13,0.8],[-0.12,0.081],[-0.12,-0.08],[-1.13,-0.25],[-0.97,0.57],[-0.34,1.1],[0.12,1.38],[0.02,0.14],[-0.13,0.06],[-0.781,0.85],[0,1.12]],
                  "o": [[-0.781,-0.85],[-0.13,-0.06],[0.02,-0.14],[0.12,-1.38],[-0.34,-1.1],[-0.97,-0.57],[-1.13,0.25],[-0.12,0.08],[-0.12,-0.08],[-1.13,-0.8],[-0.281,-0.06],[-0.84,-0.06],[-0.97,0.56],[-0.35,1.11],[0.02,0.14],[-0.13,0.06],[-1.27,0.58],[-0.79,0.85],[0,1.12],[0.78,0.85],[0.13,0.06],[-0.02,0.14],[-0.12,1.38],[0.34,1.1],[0.969,0.57],[1.13,-0.25],[0.12,-0.08],[0.12,0.081],[1.13,0.8],[1.13,0.25],[0.969,-0.561],[0.349,-1.11],[-0.019,-0.14],[0.13,-0.06],[1.27,-0.58],[0.79,-0.85],[0,-1.12]],
                  "v": [[12.71,-3.01],[9.61,-5.15],[9.21,-5.32],[9.269,-5.749],[8.96,-9.51],[7,-12.119],[3.75,-12.52],[0.35,-10.9],[0,-10.639],[-0.35,-10.9],[-3.75,-12.52],[-4.6,-12.639],[-7,-12.119],[-8.96,-9.51],[-9.27,-5.749],[-9.21,-5.32],[-9.61,-5.15],[-12.71,-3.01],[-14,0.001],[-12.71,3.01],[-9.61,5.15],[-9.21,5.32],[-9.27,5.751],[-8.96,9.51],[-7,12.12],[-3.75,12.52],[-0.35,10.9],[0,10.639],[0.35,10.9],[3.75,12.52],[7,12.12],[8.96,9.51],[9.269,5.751],[9.21,5.32],[9.61,5.15],[12.71,3.01],[14,0.001]],
                  "c": true
                },
                "ix": 2
              },
              "nm": "Path 14",
              "mn": "ADBE Vector Shape - Group",
              "hd": false
            },
            {
              "ty": "mm",
              "mm": 1,
              "nm": "Merge Paths 1",
              "mn": "ADBE Vector Filter - Merge",
              "hd": false
            },
            {
              "ty": "fl",
              "c": {"a":0,"k":[0.65882,0.10588,0.83529,1],"ix":4},
              "o": {"a":0,"k":100,"ix":5},
              "r":1,"bm":0,
              "nm":"Fill 1","mn":"ADBE Vector Graphic - Fill","hd":false
            },
            {
              "ty": "tr",
              "p": {"a":0,"k":[14.25,13.02],"ix":2},
              "a": {"a":0,"k":[0,0],"ix":1},
              "s": {"a":0,"k":[100,100],"ix":3},
              "r": {"a":0,"k":0,"ix":6},
              "o": {"a":0,"k":100,"ix":7},
              "sk": {"a":0,"k":0,"ix":4},
              "sa": {"a":0,"k":0,"ix":5},
              "nm":"Transform"
            }
          ],
          "nm": "Group 2",
          "np":16,
          "cix":2,
          "bm":0,
          "ix":2,
          "mn":"ADBE Vector Group",
          "hd":false
        }
      ],
      "ip":0,
      "op":305,
      "st":0,
      "bm":0
    }
  ],
  "markers": []
}