{
  "v": "5.5.8",
  "fr": 29.9700012207031,
  "ip": 0,
  "op": 90.0000036657751,
  "w": 95,
  "h": 95,
  "nm": "Redis",
  "ddd": 0,
  "assets": [],
  "layers": [
    {
      "ddd": 0,
      "ind": 1,
      "ty": 4,
      "nm": "Layer 5 Outlines",
      "sr": 1,
      "ks": {
        "o": {"a":0,"k":100,"ix":11},
        "r": {"a":0,"k":0,"ix":10},
        "p": {"a":0,"k":[48.294,17.943,0],"ix":2},
        "a": {"a":0,"k":[13.666,7.36,0],"ix":1},
        "s": {
          "a":1,
          "k":[
            {"i":{"x":[0.833,0.833,0.833],"y":[0.833,0.833,0.833]},"o":{"x":[0.167,0.167,0.167],"y":[0.167,0.167,0.167]},"t":30,"s":[0,0,100]},
            {"i":{"x":[0.833,0.833,0.833],"y":[0.833,0.833,0.833]},"o":{"x":[0.167,0.167,0.167],"y":[0.167,0.167,0.167]},"t":50,"s":[131,131,100]},
            {"t":70.0000028511585,"s":[100,100,100]}
          ],
          "ix":6
        }
      },
      "ao": 0,
      "shapes": [
        {
          "ty": "gr",
          "it": [
            {
              "ind": 0,
              "ty": "sh",
              "ix": 1,
              "ks": {
                "a": 0,
                "k": {
                  "i": [[0,0],[0,0],[0,0],[0,0],[0,0],[0,0],[0,0],[0,0],[0,0],[0,0]],
                  "o": [[0,0],[0,0],[0,0],[0,0],[0,0],[0,0],[0,0],[0,0],[0,0],[0,0]],
                  "v": [[-1.945,1.63],[1.343,7.11],[3.433,2.101],[13.416,1.101],[5.572,-1.885],[7.455,-6.379],[0.437,-4.07],[-7.249,-7.11],[-4.758,-2.512],[-13.416,0.593]],
                  "c": true
                },
                "ix": 2
              },
              "nm": "Path 1",
              "mn": "ADBE Vector Shape - Group",
              "hd": false
            },
            {
              "ty": "fl",
              "c": {"a":0,"k":[0.65882,0.10588,0.83529,1],"ix":4},
              "o": {"a":0,"k":100,"ix":5},
              "r":1,"bm":0,
              "nm":"Fill 1","mn":"ADBE Vector Graphic - Fill","hd":false
            },
            {
              "ty": "tr",
              "p": {"a":0,"k":[13.666,7.36],"ix":2},
              "a": {"a":0,"k":[0,0],"ix":1},
              "s": {"a":0,"k":[100,100],"ix":3},
              "r": {"a":0,"k":0,"ix":6},
              "o": {"a":0,"k":100,"ix":7},
              "sk": {"a":0,"k":0,"ix":4},
              "sa": {"a":0,"k":0,"ix":5},
              "nm":"Transform"
            }
          ],
          "nm": "Group 1",
          "np":2,
          "cix":2,
          "bm":0,
          "ix":1,
          "mn":"ADBE Vector Group",
          "hd":false
        }
      ],
      "ip":30.0000012219251,
      "op":90.0000036657752,
      "st":30.0000012219251,
      "bm":0
    },
    {
      "ddd": 0,
      "ind": 2,
      "ty": 4,
      "nm": "Layer 2 Outlines",
      "sr": 1,
      "ks": {
        "o": {"a":0,"k":100,"ix":11},
        "r": {"a":0,"k":0,"ix":10},
        "p": {"a":0,"k":[68.043,25.127,0],"ix":2},
        "a": {"a":0,"k":[15.061,6.104,0],"ix":1},
        "s": {
          "a":1,
          "k":[
            {"i":{"x":[0.833,0.833,0.833],"y":[0.833,0.833,0.833]},"o":{"x":[0.167,0.167,0.167],"y":[0.167,0.167,0.167]},"t":20,"s":[0,0,100]},
            {"i":{"x":[0.833,0.833,0.833],"y":[0.833,0.833,0.833]},"o":{"x":[0.167,0.167,0.167],"y":[0.167,0.167,0.167]},"t":40,"s":[131,131,100]},
            {"t":60.0000024438501,"s":[100,100,100]}
          ],
          "ix":6
        }
      },
      "ao": 0,
      "shapes": [
        {
          "ty": "gr",
          "it": [
            {
              "ind": 0,
              "ty": "sh",
              "ix": 1,
              "ks": {
                "a": 0,
                "k": {
                  "i": [[0,0],[0,0],[0,0],[0,0]],
                  "o": [[0,0],[0,0],[0,0],[0,0]],
                  "v": [[-0.676,5.854],[14.811,-0.28],[0.671,-5.854],[-14.811,0.28]],
                  "c": true
                },
                "ix": 2
              },
              "nm": "Path 1",
              "mn": "ADBE Vector Shape - Group",
              "hd": false
            },
            {
              "ty": "fl",
              "c": {"a":0,"k":[0.65882,0.10588,0.83529,1],"ix":4},
              "o": {"a":0,"k":100,"ix":5},
              "r":1,"bm":0,
              "nm":"Fill 1","mn":"ADBE Vector Graphic - Fill","hd":false
            },
            {
              "ty": "tr",
              "p": {"a":0,"k":[15.061,6.104],"ix":2},
              "a": {"a":0,"k":[0,0],"ix":1},
              "s": {"a":0,"k":[100,100],"ix":3},
              "r": {"a":0,"k":0,"ix":6},
              "o": {"a":0,"k":100,"ix":7},
              "sk": {"a":0,"k":0,"ix":4},
              "sa": {"a":0,"k":0,"ix":5},
              "nm":"Transform"
            }
          ],
          "nm": "Group 1",
          "np":2,
          "cix":2,
          "bm":0,
          "ix":1,
          "mn":"ADBE Vector Group",
          "hd":false
        }
      ],
      "ip":20.0000008146167,
      "op":92.0000037472368,
      "st":20.0000008146167,
      "bm":0
    },
    {
      "ddd": 0,
      "ind": 3,
      "ty": 4,
      "nm": "Layer 3 Outlines",
      "sr": 1,
      "ks": {
        "o": {"a":0,"k":100,"ix":11},
        "r": {"a":0,"k":0,"ix":10},
        "p": {"a":0,"k":[44.416,34.783,0],"ix":2},
        "a": {"a":0,"k":[12.542,5.687,0],"ix":1},
        "s": {
          "a":1,
          "k":[
            {"i":{"x":[0.833,0.833,0.833],"y":[0.833,0.833,0.833]},"o":{"x":[0.167,0.167,0.167],"y":[0.167,0.167,0.167]},"t":10,"s":[0,0,100]},
            {"i":{"x":[0.833,0.833,0.833],"y":[0.833,0.833,0.833]},"o":{"x":[0.167,0.167,0.167],"y":[0.167,0.167,0.167]},"t":30,"s":[131,131,100]},
            {"t":50.0000020365418,"s":[100,100,100]}
          ],
          "ix":6
        }
      },
      "ao": 0,
      "shapes": [
        {
          "ty": "gr",
          "it": [
            {
              "ind": 0,
              "ty": "sh",
              "ix": 1,
              "ks": {
                "a": 0,
                "k": {
                  "i": [[0,0],[0,0],[0,0]],
                  "o": [[0,0],[0,0],[0,0]],
                  "v": [[4.855,5.437],[12.292,-5.437],[-12.292,-1.671]],
                  "c": true
                },
                "ix": 2
              },
              "nm": "Path 1",
              "mn": "ADBE Vector Shape - Group",
              "hd": false
            },
            {
              "ty": "fl",
              "c": {"a":0,"k":[0.65882,0.10588,0.83529,1],"ix":4},
              "o": {"a":0,"k":100,"ix":5},
              "r":1,"bm":0,
              "nm":"Fill 1","mn":"ADBE Vector Graphic - Fill","hd":false
            },
            {
              "ty": "tr",
              "p": {"a":0,"k":[12.542,5.687],"ix":2},
              "a": {"a":0,"k":[0,0],"ix":1},
              "s": {"a":0,"k":[100,100],"ix":3},
              "r": {"a":0,"k":0,"ix":6},
              "o": {"a":0,"k":100,"ix":7},
              "sk": {"a":0,"k":0,"ix":4},
              "sa": {"a":0,"k":0,"ix":5},
              "nm":"Transform"
            }
          ],
          "nm": "Group 1",
          "np":2,
          "cix":2,
          "bm":0,
          "ix":1,
          "mn":"ADBE Vector Group",
          "hd":false
        }
      ],
      "ip":10.0000004073083,
      "op":91.000003706506,
      "st":10.0000004073083,
      "bm":0
    },
    {
      "ddd": 0,
      "ind": 4,
      "ty": 4,
      "nm": "Layer 4 Outlines",
      "sr": 1,
      "ks": {
        "o": {"a":0,"k":100,"ix":11},
        "r": {"a":0,"k":0,"ix":10},
        "p": {"a":0,"k":[28.467,25.484,0],"ix":2},
        "a": {"a":0,"k":[12.185,5.224,0],"ix":1},
        "s": {
          "a":1,
          "k":[
            {"i":{"x":[0.833,0.833,0.833],"y":[0.833,0.833,0.833]},"o":{"x":[0.167,0.167,0.167],"y":[0.167,0.167,0.167]},"t":0,"s":[0,0,100]},
            {"i":{"x":[0.833,0.833,0.833],"y":[0.833,0.833,0.833]},"o":{"x":[0.167,0.167,0.167],"y":[0.167,0.167,0.167]},"t":20,"s":[131,131,100]},
            {"t":40.0000016292334,"s":[100,100,100]}
          ],
          "ix":6
        }
      },
      "ao": 0,
      "shapes": [
        {
          "ty": "gr",
          "it": [
            {
              "ind": 0,
              "ty": "sh",
              "ix": 1,
              "ks": {
                "a": 0,
                "k": {
                  "i": [[-6.804,0],[0,2.839],[6.798,0],[0.006,-2.835]],
                  "o": [[6.803,0],[-0.005,-2.833],[-6.795,0],[0,2.837]],
                  "v": [[0.001,4.974],[11.934,-0.004],[0.001,-4.974],[-11.934,-0.002]],
                  "c": true
                },
                "ix": 2
              },
              "nm": "Path 1",
              "mn": "ADBE Vector Shape - Group",
              "hd": false
            },
            {
              "ty": "fl",
              "c": {"a":0,"k":[0.65882,0.10588,0.83529,1],"ix":4},
              "o": {"a":0,"k":100,"ix":5},
              "r":1,"bm":0,
              "nm":"Fill 1","mn":"ADBE Vector Graphic - Fill","hd":false
            },
            {
              "ty": "tr",
              "p": {"a":0,"k":[12.184,5.224],"ix":2},
              "a": {"a":0,"k":[0,0],"ix":1},
              "s": {"a":0,"k":[100,100],"ix":3},
              "r": {"a":0,"k":0,"ix":6},
              "o": {"a":0,"k":100,"ix":7},
              "sk": {"a":0,"k":0,"ix":4},
              "sa": {"a":0,"k":0,"ix":5},
              "nm":"Transform"
            }
          ],
          "nm": "Group 1",
          "np":2,
          "cix":2,
          "bm":0,
          "ix":1,
          "mn":"ADBE Vector Group",
          "hd":false
        }
      ],
      "ip":0,
      "op":92.0000037472368,
      "st":0,
      "bm":0
    },
    {
      "ddd": 0,
      "ind": 5,
      "ty": 4,
      "nm": "Layer 1 Outlines 2",
      "sr": 1,
      "ks": {
        "o": {"a":0,"k":100,"ix":11},
        "r": {"a":0,"k":0,"ix":10},
        "p": {"a":0,"k":[48.017,55.457,0],"ix":2},
        "a": {"a":0,"k":[46.764,28.804,0],"ix":1},
        "s": {"a":0,"k":[100,100,100],"ix":6}
      },
      "ao": 0,
      "shapes": [
        {
          "ty": "gr",
          "it": [
            {
              "ind": 0,
              "ty": "sh",
              "ix": 1,
              "ks": {
                "a": 0,
                "k": {
                  "i": [[5.398,-2.58],[5.176,1.776],[0.318,0.145],[0,0],[0,0],[-2.775,-1.324],[-8.363,-3.68],[-2.007,-0.956],[-1.842,0],[-2.925,1.526],[-7.85,3.805],[-2.37,1.235],[0,1.192],[0,0],[0,0]],
                  "o": [[-4.5,2.059],[-7.662,-3.137],[0,0],[0,0],[0,1.145],[2.583,1.236],[7.503,3.303],[2.098,1.001],[2.231,0],[2.782,-1.451],[7.503,-3.637],[2.714,-1.378],[0,0],[0,0],[0,0]],
                  "v": [[5.913,5.489],[-6.128,5.837],[-45.721,-11.808],[-46.514,-12.168],[-46.514,-7.323],[-42.499,-3.752],[-22.906,4.971],[-6.309,12.349],[-0.562,13.86],[6.878,11.587],[25.624,2.397],[42.588,-5.911],[46.514,-9.628],[46.514,-13.86],[45.712,-13.477]],
                  "c": true
                },
                "ix": 2
              },
              "nm": "Path 1",
              "mn": "ADBE Vector Shape - Group",
              "hd": false
            },
            {
              "ty": "fl",
              "c": {"a":0,"k":[0.42745,0.06667,0.89412,1],"ix":4},
              "o": {"a":0,"k":100,"ix":5},
              "r":1,"bm":0,
              "nm":"Fill 1","mn":"ADBE Vector Graphic - Fill","hd":false
            },
            {
              "ty": "tr",
              "p": {"a":0,"k":[46.764,28.783],"ix":2},
              "a": {"a":0,"k":[0,0],"ix":1},
              "s": {"a":0,"k":[100,100],"ix":3},
              "r": {"a":0,"k":0,"ix":6},
              "o": {"a":0,"k":100,"ix":7},
              "sk": {"a":0,"k":0,"ix":4},
              "sa": {"a":0,"k":0,"ix":5},
              "nm":"Transform"
            }
          ],
          "nm": "Group 1",
          "np":2,
          "cix":2,
          "bm":0,
          "ix":1,
          "mn":"ADBE Vector Group",
          "hd":false
        }
      ],
      "ip":0,
      "op":92.0000037472368,
      "st":0,
      "bm":0
    },
    {
      "ddd": 0,
      "ind": 6,
      "ty": 4,
      "nm": "Layer 1 Outlines 3",
      "sr": 1,
      "ks": {
        "o": {"a":0,"k":100,"ix":11},
        "r": {"a":0,"k":0,"ix":10},
        "p": {"a":0,"k":[48.017,55.457,0],"ix":2},
        "a": {"a":0,"k":[46.764,28.804,0],"ix":1},
        "s": {"a":0,"k":[100,100,100],"ix":6}
      },
      "ao": 0,
      "shapes": [
        {
          "ty": "gr",
          "it": [
            {
              "ind": 0,
              "ty": "sh",
              "ix": 1,
              "ks": {
                "a": 0,
                "k": {
                  "i": [[5.175,1.774],[0.318,0.144],[0,0],[0,0],[-2.776,-1.318],[-8.349,-3.675],[-2.008,-0.959],[-1.842,0],[-2.926,1.529],[-7.863,3.81],[-2.375,1.237],[0,1.149],[0,0],[0,0]],
                  "o": [[-7.661,-3.142],[0,0],[0,0],[0,1.149],[2.578,1.237],[7.517,3.309],[2.099,1],[2.23,0],[2.786,-1.453],[7.49,-3.63],[2.71,-1.422],[0,0],[0,0],[-4.501,2.057]],
                  "v": [[-6.129,5.839],[-45.721,-11.81],[-46.514,-12.171],[-46.514,-7.324],[-42.497,-3.755],[-22.937,4.958],[-6.309,12.352],[-0.564,13.861],[6.878,11.585],[25.655,2.383],[42.594,-5.913],[46.513,-9.629],[46.513,-13.861],[5.913,5.488]],
                  "c": true
                },
                "ix": 2
              },
              "nm": "Path 1",
              "mn": "ADBE Vector Shape - Group",
              "hd": false
            },
            {
              "ty": "fl",
              "c": {"a":0,"k":[0.42745,0.06667,0.89412,1],"ix":4},
              "o": {"a":0,"k":100,"ix":5},
              "r":1,"bm":0,
              "nm":"Fill 1","mn":"ADBE Vector Graphic - Fill","hd":false
            },
            {
              "ty": "tr",
              "p": {"a":0,"k":[46.763,43.498],"ix":2},
              "a": {"a":0,"k":[0,0],"ix":1},
              "s": {"a":0,"k":[100,100],"ix":3},
              "r": {"a":0,"k":0,"ix":6},
              "o": {"a":0,"k":100,"ix":7},
              "sk": {"a":0,"k":0,"ix":4},
              "sa": {"a":0,"k":0,"ix":5},
              "nm":"Transform"
            }
          ],
          "nm": "Group 2",
          "np":2,
          "cix":2,
          "bm":0,
          "ix":1,
          "mn":"ADBE Vector Group",
          "hd":false
        }
      ],
      "ip":0,
      "op":92.0000037472368,
      "st":0,
      "bm":0
    },
    {
      "ddd": 0,
      "ind": 7,
      "ty": 4,
      "nm": "Layer 1 Outlines",
      "sr": 1,
      "ks": {
        "o": {"a":0,"k":100,"ix":11},
        "r": {"a":0,"k":0,"ix":10},
        "p": {"a":0,"k":[48.017,55.457,0],"ix":2},
        "a": {"a":0,"k":[46.764,28.804,0],"ix":1},
        "s": {"a":0,"k":[100,100,100],"ix":6}
      },
      "ao": 0,
      "shapes": [
        {
          "ty": "gr",
          "it": [
            {
              "ind": 0,
              "ty": "sh",
              "ix": 1,
              "ks": {
                "a": 0,
                "k": {
                  "i": [[0,0],[5.401,-2.579],[5.174,1.775],[0.318,0.145],[0,0],[0,0],[-2.813,-1.338],[-8.404,-3.7],[-1.998,-0.953],[-1.843,0],[-2.928,1.525],[-7.917,3.838],[-2.362,1.229],[0,1.166],[0,0]],
                  "o": [[0,0],[-4.498,2.061],[-7.661,-3.138],[0,0],[0,0],[0,1.164],[2.591,1.243],[7.462,3.284],[2.099,1],[2.23,0],[2.797,-1.463],[7.432,-3.601],[2.747,-1.439],[0,0],[0,0]],
                  "v": [[45.712,-13.477],[5.911,5.485],[-6.128,5.837],[-45.721,-11.812],[-46.514,-12.172],[-46.514,-7.326],[-42.497,-3.756],[-22.814,5.012],[-6.309,12.351],[-0.561,13.859],[6.88,11.587],[25.784,2.318],[42.594,-5.913],[46.514,-9.628],[46.514,-13.859]],
                  "c": true
                },
                "ix": 2
              },
              "nm": "Path 1",
              "mn": "ADBE Vector Shape - Group",
              "hd": false
            },
            {
              "ty": "fl",
              "c": {"a":0,"k":[0.42745,0.06667,0.89412,1],"ix":4},
              "o": {"a":0,"k":100,"ix":5},
              "r":1,"bm":0,
              "nm":"Fill 1","mn":"ADBE Vector Graphic - Fill","hd":false
            },
            {
              "ty": "tr",
              "p": {"a":0,"k":[46.764,14.109],"ix":2},
              "a": {"a":0,"k":[0,0],"ix":1},
              "s": {"a":0,"k":[100,100],"ix":3},
              "r": {"a":0,"k":0,"ix":6},
              "o": {"a":0,"k":100,"ix":7},
              "sk": {"a":0,"k":0,"ix":4},
              "sa": {"a":0,"k":0,"ix":5},
              "nm":"Transform"
            }
          ],
          "nm": "Group 3",
          "np":2,
          "cix":2,
          "bm":0,
          "ix":1,
          "mn":"ADBE Vector Group",
          "hd":false
        }
      ],
      "ip":0,
      "op":92.0000037472368,
      "st":0,
      "bm":0
    }
  ],
  "markers": []
}