{
  "v": "5.5.8",
  "fr": 30,
  "ip": 0,
  "op": 76,
  "w": 344,
  "h": 534,
  "nm": "Solidity",
  "ddd": 0,
  "assets": [
    {
      "id": "comp_0",
      "layers": [
        {
          "ddd": 0,
          "ind": 1,
          "ty": 4,
          "nm": "Shape Layer 3",
          "sr": 1,
          "ks": {
            "o": {
              "a": 1,
              "k": [
                {"i":{"x":[0.667],"y":[1]},"o":{"x":[0.333],"y":[0]},"t":30,"s":[0]},
                {"t":50,"s":[100]}
              ],
              "ix": 11
            },
            "r": {"a":0,"k":180,"ix":10},
            "p": {
              "a": 1,
              "k": [
                {"i":{"x":0.667,"y":1},"o":{"x":0.333,"y":0},"t":30,"s":[255,453,0],"to":[0,-11.667,0],"ti":[0,11.667,0]},
                {"t":50,"s":[255,383,0]}
              ],
              "ix": 2
            },
            "a": {
              "a": 1,
              "k": [
                {"i":{"x":0.667,"y":1},"o":{"x":0.333,"y":0},"t":30,"s":[-85,-29,0],"to":[0,24,0],"ti":[0,-24,0]},
                {"t":50,"s":[-85,115,0]}
              ],
              "ix": 1
            },
            "s": {"a":0,"k":[100,100,100],"ix":6}
          },
          "ao": 0,
          "shapes": [
            {
              "ty": "gr",
              "it": [
                {
                  "ind": 0,
                  "ty": "sh",
                  "ix": 1,
                  "ks": {
                    "a": 0,
                    "k": {
                      "i": [[0,0],[0,0],[0,0]],
                      "o": [[0,0],[0,0],[0,0]],
                      "v": [[0.5,114.5],[-171.5,114.5],[-87,265]],
                      "c": true
                    },
                    "ix": 2
                  },
                  "nm": "Path 1",
                  "mn": "ADBE Vector Shape - Group",
                  "hd": false
                },
                {
                  "ty": "fl",
                  "c": {"a":0,"k":[0.65882,0.10588,0.83529,1],"ix":4},
                  "o": {"a":0,"k":100,"ix":5},
                  "r":1,"bm":0,
                  "nm":"Fill 1","mn":"ADBE Vector Graphic - Fill","hd":false
                },
                {
                  "ty": "tr",
                  "p": {"a":0,"k":[0,0],"ix":2},
                  "a": {"a":0,"k":[0,0],"ix":1},
                  "s": {"a":0,"k":[100,100],"ix":3},
                  "r": {"a":0,"k":0,"ix":6},
                  "o": {"a":0,"k":100,"ix":7},
                  "sk": {"a":0,"k":0,"ix":4},
                  "sa": {"a":0,"k":0,"ix":5},
                  "nm":"Transform"
                }
              ],
              "nm": "Shape 1",
              "np": 3,
              "cix": 2,
              "bm": 0,
              "ix": 1,
              "mn": "ADBE Vector Group",
              "hd": false
            }
          ],
          "ip": 30,
          "op": 106,
          "st": 30,
          "bm": 0
        },
        {
          "ddd": 0,
          "ind": 2,
          "ty": 3,
          "nm": "Null 8",
          "sr": 1,
          "ks": {
            "o": {"a":0,"k":0,"ix":11},
            "r": {"a":0,"k":0,"ix":10},
            "p": {"a":0,"k":[172,267,0],"ix":2},
            "a": {"a":0,"k":[0,0,0],"ix":1},
            "s": {"a":0,"k":[100,100,100],"ix":6}
          },
          "ao": 0,
          "ip": 0,
          "op": 76,
          "st": 0,
          "bm": 0
        },
        {
          "ddd": 0,
          "ind": 3,
          "ty": 4,
          "nm": "Shape Layer 2",
          "sr": 1,
          "ks": {
            "o": {
              "a": 1,
              "k": [
                {"i":{"x":[0.667],"y":[1]},"o":{"x":[0.333],"y":[0]},"t":20,"s":[0]},
                {"t":40,"s":[100]}
              ],
              "ix": 11
            },
            "r": {"a":0,"k":0,"ix":10},
            "p": {
              "a": 1,
              "k": [
                {"i":{"x":0.667,"y":1},"o":{"x":0.333,"y":0},"t":20,"s":[257,312,0],"to":[0,11.667,0],"ti":[0,-11.667,0]},
                {"t":40,"s":[257,382,0]}
              ],
              "ix": 2
            },
            "a": {
              "a": 1,
              "k": [
                {"i":{"x":0.667,"y":0.667},"o":{"x":0.333,"y":0.333},"t":20,"s":[-85,115,0],"to":[0,0,0],"ti":[0,0,0]},
                {"t":40,"s":[-85,115,0]}
              ],
              "ix": 1
            },
            "s": {"a":0,"k":[100,100,100],"ix":6}
          },
          "ao": 0,
          "shapes": [
            {
              "ty": "gr",
              "it": [
                {
                  "ind": 0,
                  "ty": "sh",
                  "ix": 1,
                  "ks": {
                    "a": 0,
                    "k": {
                      "i": [[0,0],[0,0],[0,0]],
                      "o": [[0,0],[0,0],[0,0]],
                      "v": [[0.5,114.5],[-171.5,114.5],[-87,265]],
                      "c": true
                    },
                    "ix": 2
                  },
                  "nm": "Path 1",
                  "mn": "ADBE Vector Shape - Group",
                  "hd": false
                },
                {
                  "ty": "fl",
                  "c": {"a":0,"k":[0.65882,0.10588,0.83529,1],"ix":4},
                  "o": {"a":0,"k":100,"ix":5},
                  "r":1,"bm":0,
                  "nm":"Fill 1","mn":"ADBE Vector Graphic - Fill","hd":false
                },
                {
                  "ty": "tr",
                  "p": {"a":0,"k":[0,0],"ix":2},
                  "a": {"a":0,"k":[0,0],"ix":1},
                  "s": {"a":0,"k":[100,100],"ix":3},
                  "r": {"a":0,"k":0,"ix":6},
                  "o": {"a":0,"k":100,"ix":7},
                  "sk": {"a":0,"k":0,"ix":4},
                  "sa": {"a":0,"k":0,"ix":5},
                  "nm":"Transform"
                }
              ],
              "nm": "Shape 1",
              "np": 3,
              "cix": 2,
              "bm": 0,
              "ix": 1,
              "mn": "ADBE Vector Group",
              "hd": false
            }
          ],
          "ip": 20,
          "op": 96,
          "st": 20,
          "bm": 0
        },
        {
          "ddd": 0,
          "ind": 4,
          "ty": 4,
          "nm": "Shape Layer 1",
          "parent": 2,
          "sr": 1,
          "ks": {
            "o": {
              "a": 1,
              "k": [
                {"i":{"x":[0.667],"y":[1]},"o":{"x":[0.333],"y":[0]},"t":10,"s":[0]},
                {"t":30,"s":[100]}
              ],
              "ix": 11
            },
            "r": {"a":0,"k":0,"ix":10},
            "p": {
              "a": 1,
              "k": [
                {"i":{"x":0.667,"y":1},"o":{"x":0.333,"y":0},"t":10,"s":[-84,45,0],"to":[0,11.667,0],"ti":[0,-11.667,0]},
                {"t":30,"s":[-84,115,0]}
              ],
              "ix": 2
            },
            "a": {
              "a": 1,
              "k": [
                {"i":{"x":0.667,"y":0.667},"o":{"x":0.333,"y":0.333},"t":10,"s":[-85,115,0],"to":[0,0,0],"ti":[0,0,0]},
                {"t":30,"s":[-85,115,0]}
              ],
              "ix": 1
            },
            "s": {"a":0,"k":[100,100,100],"ix":6}
          },
          "ao": 0,
          "shapes": [
            {
              "ty": "gr",
              "it": [
                {
                  "ind": 0,
                  "ty": "sh",
                  "ix": 1,
                  "ks": {
                    "a": 0,
                    "k": {
                      "i": [[0,0],[0,0],[0,0]],
                      "o": [[0,0],[0,0],[0,0]],
                      "v": [[0.5,114.5],[-171.5,114.5],[-87,265]],
                      "c": true
                    },
                    "ix": 2
                  },
                  "nm": "Path 1",
                  "mn": "ADBE Vector Shape - Group",
                  "hd": false
                },
                {
                  "ty": "fl",
                  "c": {"a":0,"k":[0.65882,0.10588,0.83529,1],"ix":4},
                  "o": {"a":0,"k":100,"ix":5},
                  "r":1,"bm":0,
                  "nm":"Fill 1","mn":"ADBE Vector Graphic - Fill","hd":false
                },
                {
                  "ty": "tr",
                  "p": {"a":0,"k":[0,0],"ix":2},
                  "a": {"a":0,"k":[0,0],"ix":1},
                  "s": {"a":0,"k":[100,100],"ix":3},
                  "r": {"a":0,"k":0,"ix":6},
                  "o": {"a":0,"k":100,"ix":7},
                  "sk": {"a":0,"k":0,"ix":4},
                  "sa": {"a":0,"k":0,"ix":5},
                  "nm":"Transform"
                }
              ],
              "nm": "Shape 1",
              "np": 3,
              "cix": 2,
              "bm": 0,
              "ix": 1,
              "mn": "ADBE Vector Group",
              "hd": false
            }
          ],
          "ip": 10,
          "op": 86,
          "st": 10,
          "bm": 0
        },
        {
          "ddd": 0,
          "ind": 5,
          "ty": 4,
          "nm": "Shape Layer 4",
          "sr": 1,
          "ks": {
            "o": {
              "a": 1,
              "k": [
                {"i":{"x":[0.667],"y":[1]},"o":{"x":[0.333],"y":[0]},"t":0,"s":[0]},
                {"t":20,"s":[100]}
              ],
              "ix": 11
            },
            "r": {"a":0,"k":180,"ix":10},
            "p": {
              "a": 1,
              "k": [
                {"i":{"x":0.667,"y":1},"o":{"x":0.333,"y":0},"t":0,"s":[170,604,0],"to":[0,-11.75,0],"ti":[0,11.75,0]},
                {"t":20,"s":[170,533.5,0]}
              ],
              "ix": 2
            },
            "a": {
              "a": 1,
              "k": [
                {"i":{"x":0.667,"y":1},"o":{"x":0.333,"y":0},"t":0,"s":[-85,-29,0],"to":[0,24,0],"ti":[0,-24,0]},
                {"t":20,"s":[-85,115,0]}
              ],
              "ix": 1
            },
            "s": {"a":0,"k":[100,100,100],"ix":6}
          },
          "ao": 0,
          "shapes": [
            {
              "ty": "gr",
              "it": [
                {
                  "ind": 0,
                  "ty": "sh",
                  "ix": 1,
                  "ks": {
                    "a": 0,
                    "k": {
                      "i": [[0,0],[0,0],[0,0]],
                      "o": [[0,0],[0,0],[0,0]],
                      "v": [[0.5,114.5],[-171.5,114.5],[-87,265]],
                      "c": true
                    },
                    "ix": 2
                  },
                  "nm": "Path 1",
                  "mn": "ADBE Vector Shape - Group",
                  "hd": false
                },
                {
                  "ty": "fl",
                  "c": {"a":0,"k":[0.65882,0.10588,0.83529,1],"ix":4},
                  "o": {"a":0,"k":100,"ix":5},
                  "r":1,"bm":0,
                  "nm":"Fill 1","mn":"ADBE Vector Graphic - Fill","hd":false
                },
                {
                  "ty": "tr",
                  "p": {"a":0,"k":[0,0],"ix":2},
                  "a": {"a":0,"k":[0,0],"ix":1},
                  "s": {"a":0,"k":[100,100],"ix":3},
                  "r": {"a":0,"k":0,"ix":6},
                  "o": {"a":0,"k":100,"ix":7},
                  "sk": {"a":0,"k":0,"ix":4},
                  "sa": {"a":0,"k":0,"ix":5},
                  "nm":"Transform"
                }
              ],
              "nm": "Shape 1",
              "np": 3,
              "cix": 2,
              "bm": 0,
              "ix": 1,
              "mn": "ADBE Vector Group",
              "hd": false
            }
          ],
          "ip": 0,
          "op": 76,
          "st": 0,
          "bm": 0
        }
      ]
    },
    {
      "id": "comp_1",
      "layers": [
        {
          "ddd": 0,
          "ind": 1,
          "ty": 3,
          "nm": "Null 9",
          "sr": 1,
          "ks": {
            "o": {"a":0,"k":0,"ix":11},
            "r": {"a":0,"k":0,"ix":10},
            "p": {"a":0,"k":[172,267,0],"ix":2},
            "a": {"a":0,"k":[0,0,0],"ix":1},
            "s": {"a":0,"k":[100,100,100],"ix":6}
          },
          "ao": 0,
          "ip": 0,
          "op": 76,
          "st": 0,
          "bm": 0
        },
        {
          "ddd": 0,
          "ind": 2,
          "ty": 4,
          "nm": "Shape Layer 3",
          "sr": 1,
          "ks": {
            "o": {
              "a": 1,
              "k": [
                {"i":{"x":[0.667],"y":[1]},"o":{"x":[0.333],"y":[0]},"t":30,"s":[0]},
                {"t":50,"s":[100]}
              ],
              "ix": 11
            },
            "r": {"a":0,"k":180,"ix":10},
            "p": {
              "a": 1,
              "k": [
                {"i":{"x":0.667,"y":1},"o":{"x":0.333,"y":0},"t":30,"s":[255,453,0],"to":[0,-11.667,0],"ti":[0,11.667,0]},
                {"t":50,"s":[255,383,0]}
              ],
              "ix": 2
            },
            "a": {
              "a": 1,
              "k": [
                {"i":{"x":0.667,"y":1},"o":{"x":0.333,"y":0},"t":30,"s":[-85,-29,0],"to":[0,24,0],"ti":[0,-24,0]},
                {"t":50,"s":[-85,115,0]}
              ],
              "ix": 1
            },
            "s": {"a":0,"k":[100,100,100],"ix":6}
          },
          "ao": 0,
          "shapes": [
            {
              "ty": "gr",
              "it": [
                {
                  "ind": 0,
                  "ty": "sh",
                  "ix": 1,
                  "ks": {
                    "a": 0,
                    "k": {
                      "i": [[0,0],[0,0],[0,0]],
                      "o": [[0,0],[0,0],[0,0]],
                      "v": [[0.5,114.5],[-171.5,114.5],[-87,265]],
                      "c": true
                    },
                    "ix": 2
                  },
                  "nm": "Path 1",
                  "mn": "ADBE Vector Shape - Group",
                  "hd": false
                },
                {
                  "ty": "fl",
                  "c": {"a":0,"k":[0.65882,0.10588,0.83529,1],"ix":4},
                  "o": {"a":0,"k":100,"ix":5},
                  "r":1,"bm":0,
                  "nm":"Fill 1","mn":"ADBE Vector Graphic - Fill","hd":false
                },
                {
                  "ty": "tr",
                  "p": {"a":0,"k":[0,0],"ix":2},
                  "a": {"a":0,"k":[0,0],"ix":1},
                  "s": {"a":0,"k":[100,100],"ix":3},
                  "r": {"a":0,"k":0,"ix":6},
                  "o": {"a":0,"k":100,"ix":7},
                  "sk": {"a":0,"k":0,"ix":4},
                  "sa": {"a":0,"k":0,"ix":5},
                  "nm":"Transform"
                }
              ],
              "nm": "Shape 1",
              "np": 3,
              "cix": 2,
              "bm": 0,
              "ix": 1,
              "mn": "ADBE Vector Group",
              "hd": false
            }
          ],
          "ip": 30,
          "op": 106,
          "st": 30,
          "bm": 0
        },
        {
          "ddd": 0,
          "ind": 3,
          "ty": 4,
          "nm": "Shape Layer 2",
          "sr": 1,
          "ks": {
            "o": {
              "a": 1,
              "k": [
                {"i":{"x":[0.667],"y":[1]},"o":{"x":[0.333],"y":[0]},"t":20,"s":[0]},
                {"t":40,"s":[100]}
              ],
              "ix": 11
            },
            "r": {"a":0,"k":0,"ix":10},
            "p": {
              "a": 1,
              "k": [
                {"i":{"x":0.667,"y":1},"o":{"x":0.333,"y":0},"t":20,"s":[257,312,0],"to":[0,11.667,0],"ti":[0,-11.667,0]},
                {"t":40,"s":[257,382,0]}
              ],
              "ix": 2
            },
            "a": {
              "a": 1,
              "k": [
                {"i":{"x":0.667,"y":0.667},"o":{"x":0.333,"y":0.333},"t":20,"s":[-85,115,0],"to":[0,0,0],"ti":[0,0,0]},
                {"t":40,"s":[-85,115,0]}
              ],
              "ix": 1
            },
            "s": {"a":0,"k":[100,100,100],"ix":6}
          },
          "ao": 0,
          "shapes": [
            {
              "ty": "gr",
              "it": [
                {
                  "ind": 0,
                  "ty": "sh",
                  "ix": 1,
                  "ks": {
                    "a": 0,
                    "k": {
                      "i": [[0,0],[0,0],[0,0]],
                      "o": [[0,0],[0,0],[0,0]],
                      "v": [[0.5,114.5],[-171.5,114.5],[-87,265]],
                      "c": true
                    },
                    "ix": 2
                  },
                  "nm": "Path 1",
                  "mn": "ADBE Vector Shape - Group",
                  "hd": false
                },
                {
                  "ty": "fl",
                  "c": {"a":0,"k":[0.65882,0.10588,0.83529,1],"ix":4},
                  "o": {"a":0,"k":100,"ix":5},
                  "r":1,"bm":0,
                  "nm":"Fill 1","mn":"ADBE Vector Graphic - Fill","hd":false
                },
                {
                  "ty": "tr",
                  "p": {"a":0,"k":[0,0],"ix":2},
                  "a": {"a":0,"k":[0,0],"ix":1},
                  "s": {"a":0,"k":[100,100],"ix":3},
                  "r": {"a":0,"k":0,"ix":6},
                  "o": {"a":0,"k":100,"ix":7},
                  "sk": {"a":0,"k":0,"ix":4},
                  "sa": {"a":0,"k":0,"ix":5},
                  "nm":"Transform"
                }
              ],
              "nm": "Shape 1",
              "np": 3,
              "cix": 2,
              "bm": 0,
              "ix": 1,
              "mn": "ADBE Vector Group",
              "hd": false
            }
          ],
          "ip": 20,
          "op": 96,
          "st": 20,
          "bm": 0
        },
        {
          "ddd": 0,
          "ind": 4,
          "ty": 4,
          "nm": "Shape Layer 1",
          "parent": 1,
          "sr": 1,
          "ks": {
            "o": {
              "a": 1,
              "k": [
                {"i":{"x":[0.667],"y":[1]},"o":{"x":[0.333],"y":[0]},"t":10,"s":[0]},
                {"t":30,"s":[100]}
              ],
              "ix": 11
            },
            "r": {"a":0,"k":0,"ix":10},
            "p": {
              "a": 1,
              "k": [
                {"i":{"x":0.667,"y":1},"o":{"x":0.333,"y":0},"t":10,"s":[-84,45,0],"to":[0,11.667,0],"ti":[0,-11.667,0]},
                {"t":30,"s":[-84,115,0]}
              ],
              "ix": 2
            },
            "a": {
              "a": 1,
              "k": [
                {"i":{"x":0.667,"y":0.667},"o":{"x":0.333,"y":0.333},"t":10,"s":[-85,115,0],"to":[0,0,0],"ti":[0,0,0]},
                {"t":30,"s":[-85,115,0]}
              ],
              "ix": 1
            },
            "s": {"a":0,"k":[100,100,100],"ix":6}
          },
          "ao": 0,
          "shapes": [
            {
              "ty": "gr",
              "it": [
                {
                  "ind": 0,
                  "ty": "sh",
                  "ix": 1,
                  "ks": {
                    "a": 0,
                    "k": {
                      "i": [[0,0],[0,0],[0,0]],
                      "o": [[0,0],[0,0],[0,0]],
                      "v": [[0.5,114.5],[-171.5,114.5],[-87,265]],
                      "c": true
                    },
                    "ix": 2
                  },
                  "nm": "Path 1",
                  "mn": "ADBE Vector Shape - Group",
                  "hd": false
                },
                {
                  "ty": "fl",
                  "c": {"a":0,"k":[0.65882,0.10588,0.83529,1],"ix":4},
                  "o": {"a":0,"k":100,"ix":5},
                  "r":1,"bm":0,
                  "nm":"Fill 1","mn":"ADBE Vector Graphic - Fill","hd":false
                },
                {
                  "ty": "tr",
                  "p": {"a":0,"k":[0,0],"ix":2},
                  "a": {"a":0,"k":[0,0],"ix":1},
                  "s": {"a":0,"k":[100,100],"ix":3},
                  "r": {"a":0,"k":0,"ix":6},
                  "o": {"a":0,"k":100,"ix":7},
                  "sk": {"a":0,"k":0,"ix":4},
                  "sa": {"a":0,"k":0,"ix":5},
                  "nm":"Transform"
                }
              ],
              "nm": "Shape 1",
              "np": 3,
              "cix": 2,
              "bm": 0,
              "ix": 1,
              "mn": "ADBE Vector Group",
              "hd": false
            }
          ],
          "ip": 10,
          "op": 86,
          "st": 10,
          "bm": 0
        },
        {
          "ddd": 0,
          "ind": 5,
          "ty": 4,
          "nm": "Shape Layer 4",
          "sr": 1,
          "ks": {
            "o": {
              "a": 1,
              "k": [
                {"i":{"x":[0.667],"y":[1]},"o":{"x":[0.333],"y":[0]},"t":0,"s":[0]},
                {"t":20,"s":[100]}
              ],
              "ix": 11
            },
            "r": {"a":0,"k":180,"ix":10},
            "p": {
              "a": 1,
              "k": [
                {"i":{"x":0.667,"y":1},"o":{"x":0.333,"y":0},"t":0,"s":[170,604,0],"to":[0,-11.75,0],"ti":[0,11.75,0]},
                {"t":20,"s":[170,533.5,0]}
              ],
              "ix": 2
            },
            "a": {
              "a": 1,
              "k": [
                {"i":{"x":0.667,"y":1},"o":{"x":0.333,"y":0},"t":0,"s":[-85,-29,0],"to":[0,24,0],"ti":[0,-24,0]},
                {"t":20,"s":[-85,115,0]}
              ],
              "ix": 1
            },
            "s": {"a":0,"k":[100,100,100],"ix":6}
          },
          "ao": 0,
          "shapes": [
            {
              "ty": "gr",
              "it": [
                {
                  "ind": 0,
                  "ty": "sh",
                  "ix": 1,
                  "ks": {
                    "a": 0,
                    "k": {
                      "i": [[0,0],[0,0],[0,0]],
                      "o": [[0,0],[0,0],[0,0]],
                      "v": [[0.5,114.5],[-171.5,114.5],[-87,265]],
                      "c": true
                    },
                    "ix": 2
                  },
                  "nm": "Path 1",
                  "mn": "ADBE Vector Shape - Group",
                  "hd": false
                },
                {
                  "ty": "fl",
                  "c": {"a":0,"k":[0.65882,0.10588,0.83529,1],"ix":4},
                  "o": {"a":0,"k":100,"ix":5},
                  "r":1,"bm":0,
                  "nm":"Fill 1","mn":"ADBE Vector Graphic - Fill","hd":false
                },
                {
                  "ty": "tr",
                  "p": {"a":0,"k":[0,0],"ix":2},
                  "a": {"a":0,"k":[0,0],"ix":1},
                  "s": {"a":0,"k":[100,100],"ix":3},
                  "r": {"a":0,"k":0,"ix":6},
                  "o": {"a":0,"k":100,"ix":7},
                  "sk": {"a":0,"k":0,"ix":4},
                  "sa": {"a":0,"k":0,"ix":5},
                  "nm":"Transform"
                }
              ],
              "nm": "Shape 1",
              "np": 3,
              "cix": 2,
              "bm": 0,
              "ix": 1,
              "mn": "ADBE Vector Group",
              "hd": false
            }
          ],
          "ip": 0,
          "op": 76,
          "st": 0,
          "bm": 0
        }
      ]
    }
  ],
  "layers": [
    {
      "ddd": 0,
      "ind": 1,
      "ty": 0,
      "nm": "Pre-comp 4",
      "refId": "comp_0",
      "sr": 1,
      "ks": {
        "o": {"a":0,"k":100,"ix":11},
        "r": {"a":0,"k":180,"ix":10},
        "p": {"a":0,"k":[172,267,0],"ix":2},
        "a": {"a":0,"k":[172,267,0],"ix":1},
        "s": {"a":0,"k":[100,100,100],"ix":6}
      },
      "ao": 0,
      "w": 344,
      "h": 534,
      "ip": 0,
      "op": 76,
      "st": 0,
      "bm": 0
    },
    {
      "ddd": 0,
      "ind": 2,
      "ty": 0,
      "nm": "Pre-comp 3",
      "refId": "comp_1",
      "sr": 1,
      "ks": {
        "o": {"a":0,"k":100,"ix":11},
        "r": {"a":0,"k":0,"ix":10},
        "p": {"a":0,"k":[172,267,0],"ix":2},
        "a": {"a":0,"k":[172,267,0],"ix":1},
        "s": {"a":0,"k":[100,100,100],"ix":6}
      },
      "ao": 0,
      "w": 344,
      "h": 534,
      "ip": 0,
      "op": 76,
      "st": 0,
      "bm": 0
    }
  ],
  "markers": []
}