{
  "v": "5.5.8",
  "fr": 60,
  "ip": 0,
  "op": 121,
  "w": 95,
  "h": 95,
  "nm": "sql",
  "ddd": 0,
  "assets": [],
  "layers": [
    {
      "ddd": 0,
      "ind": 1,
      "ty": 3,
      "nm": "Null 5",
      "sr": 1,
      "ks": {
        "o": {"a":0,"k":0,"ix":11},
        "r": {"a":0,"k":0,"ix":10},
        "p": {"a":0,"k":[47.5,47.5,0],"ix":2},
        "a": {"a":0,"k":[0,0,0],"ix":1},
        "s": {"a":0,"k":[98,98,100],"ix":6}
      },
      "ao": 0,
      "ip": 0,
      "op": 121,
      "st": 0,
      "bm": 0
    },
    {
      "ddd": 0,
      "ind": 2,
      "ty": 4,
      "nm": "Layer 1 Outlines 2",
      "parent": 1,
      "sr": 1,
      "ks": {
        "o": {"a":0,"k":100,"ix":11},
        "r": {"a":0,"k":0,"ix":10},
        "p": {"a":0,"k":[-32.917,22.271,0],"ix":2},
        "a": {"a":0,"k":[14.167,47.822,0],"ix":1},
        "s": {
          "a":1,
          "k":[
            {"i":{"x":[0.667,0.667,0.667],"y":[1,1,1]},"o":{"x":[0.333,0.333,0.333],"y":[0,0,0]},"t":0,"s":[0,0,100]},
            {"i":{"x":[0.667,0.667,0.667],"y":[1,1,1]},"o":{"x":[0.333,0.333,0.333],"y":[0,0,0]},"t":14,"s":[110,110,100]},
            {"i":{"x":[0.667,0.667,0.667],"y":[1,1,1]},"o":{"x":[0.333,0.333,0.333],"y":[0,0,0]},"t":28,"s":[90,90,100]},
            {"t":42,"s":[100,100,100]}
          ],
          "ix":6
        }
      },
      "ao": 0,
      "shapes": [
        {
          "ty": "gr",
          "it": [
            {
              "ind": 0,
              "ty": "sh",
              "ix": 1,
              "ks": {
                "a": 0,
                "k": {
                  "i": [[3.722,0],[0,0],[0,0],[0,0],[0,0],[0,0],[0,3.721],[0,0],[-3.722,0],[0,0],[0,0],[0,0],[0,0],[0,0],[0,-3.722],[0,0]],
                  "o": [[0,0],[0,0],[0,0],[0,0],[0,0],[-3.722,0],[0,0],[0,-3.721],[0,0],[0,0],[0,0],[0,0],[0,0],[3.722,0],[0,0],[0,3.721]],
                  "v": [[6.738,23.584],[-13.476,23.584],[-13.476,16.846],[6.738,16.846],[6.738,3.369],[-6.738,3.369],[-13.476,-3.369],[-13.476,-16.846],[-6.738,-23.584],[13.476,-23.584],[13.476,-16.846],[-6.738,-16.846],[-6.738,-3.369],[6.738,-3.369],[13.476,3.369],[13.476,16.846]],
                  "c": true
                },
                "ix": 2
              },
              "nm": "Path 1",
              "mn": "ADBE Vector Shape - Group",
              "hd": false
            },
            {
              "ty": "fl",
              "c": {"a":0,"k":[0.65882,0.10588,0.83529,1],"ix":4},
              "o": {"a":0,"k":100,"ix":5},
              "r":1,"bm":0,
              "nm":"Fill 1","mn":"ADBE Vector Graphic - Fill","hd":false
            },
            {
              "ty": "tr",
              "p": {"a":0,"k":[13.726,23.834],"ix":2},
              "a": {"a":0,"k":[0,0],"ix":1},
              "s": {"a":0,"k":[100,100],"ix":3},
              "r": {"a":0,"k":0,"ix":6},
              "o": {"a":0,"k":100,"ix":7},
              "sk": {"a":0,"k":0,"ix":4},
              "sa": {"a":0,"k":0,"ix":5},
              "nm":"Transform"
            }
          ],
          "nm": "Group 1",
          "np":2,
          "cix":2,
          "bm":0,
          "ix":1,
          "mn":"ADBE Vector Group",
          "hd":false
        }
      ],
      "ip":0,
      "op":121,
      "st":0,
      "bm":0
    },
    {
      "ddd": 0,
      "ind": 3,
      "ty": 4,
      "nm": "Layer 1 Outlines 3",
      "parent": 1,
      "sr": 1,
      "ks": {
        "o": {"a":0,"k":100,"ix":11},
        "r": {"a":0,"k":0,"ix":10},
        "p": {"a":0,"k":[0.583,22.271,0],"ix":2},
        "a": {"a":0,"k":[47.667,47.822,0],"ix":1},
        "s": {
          "a":1,
          "k":[
            {"i":{"x":[0.667,0.667,0.667],"y":[1,1,1]},"o":{"x":[0.333,0.333,0.333],"y":[0,0,0]},"t":28,"s":[0,0,100]},
            {"i":{"x":[0.667,0.667,0.667],"y":[1,1,1]},"o":{"x":[0.333,0.333,0.333],"y":[0,0,0]},"t":42,"s":[110,110,100]},
            {"i":{"x":[0.667,0.667,0.667],"y":[1,1,1]},"o":{"x":[0.333,0.333,0.333],"y":[0,0,0]},"t":56,"s":[90,90,100]},
            {"t":70,"s":[100,100,100]}
          ],
          "ix":6
        }
      },
      "ao": 0,
      "shapes": [
        {
          "ty": "gr",
          "it": [
            {
              "ind": 0,
              "ty": "sh",
              "ix": 1,
              "ks": {
                "a": 0,
                "k": {
                  "i": [[0,0],[0,0],[0,0],[0,0]],
                  "o": [[0,0],[0,0],[0,0],[0,0]],
                  "v": [[-6.738,-23.584],[6.738,-23.584],[6.738,10.107],[-6.738,10.107]],
                  "c": true
                },
                "ix": 2
              },
              "nm": "Path 1",
              "mn": "ADBE Vector Shape - Group",
              "hd": false
            },
            {
              "ind": 1,
              "ty": "sh",
              "ix": 2,
              "ks": {
                "a": 0,
                "k": {
                  "i": [[0,0]],
                  "o": [[0,0]],
                  "v": [[-6.738,10.107]],
                  "c": false
                },
                "ix": 2
              },
              "nm": "Path 2",
              "mn": "ADBE Vector Shape - Group",
              "hd": false
            },
            {
              "ind": 2,
              "ty": "sh",
              "ix": 3,
              "ks": {
                "a": 0,
                "k": {
                  "i": [[3.722,0],[0,0],[0,-3.721],[0,0],[-3.721,0],[0,0],[0,0],[-3.721,0],[0,0],[0,0],[0,0],[0,0],[0,0],[0,3.722],[0,0]],
                  "o": [[0,0],[-3.721,0],[0,0],[0,3.722],[0,0],[0,0],[0,3.721],[0,0],[0,0],[0,0],[0,0],[0,0],[3.722,0],[0,0],[0,-3.721]],
                  "v": [[6.738,-30.322],[-6.738,-30.322],[-13.477,-23.584],[-13.477,10.107],[-6.738,16.846],[-3.369,16.846],[-3.369,23.584],[3.368,30.322],[10.107,30.322],[10.107,23.584],[3.368,23.584],[3.368,16.846],[6.738,16.846],[13.477,10.107],[13.477,-23.584]],
                  "c": true
                },
                "ix": 2
              },
              "nm": "Path 3",
              "mn": "ADBE Vector Shape - Group",
              "hd": false
            },
            {
              "ty": "mm",
              "mm": 1,
              "nm": "Merge Paths 1",
              "mn": "ADBE Vector Filter - Merge",
              "hd": false
            },
            {
              "ty": "fl",
              "c": {"a":0,"k":[0.65882,0.10588,0.83529,1],"ix":4},
              "o": {"a":0,"k":100,"ix":5},
              "r":1,"bm":0,
              "nm":"Fill 1","mn":"ADBE Vector Graphic - Fill","hd":false
            },
            {
              "ty": "tr",
              "p": {"a":0,"k":[47.417,30.572],"ix":2},
              "a": {"a":0,"k":[0,0],"ix":1},
              "s": {"a":0,"k":[100,100],"ix":3},
              "r": {"a":0,"k":0,"ix":6},
              "o": {"a":0,"k":100,"ix":7},
              "sk": {"a":0,"k":0,"ix":4},
              "sa": {"a":0,"k":0,"ix":5},
              "nm":"Transform"
            }
          ],
          "nm": "Group 2",
          "np":5,
          "cix":2,
          "bm":0,
          "ix":1,
          "mn":"ADBE Vector Group",
          "hd":false
        }
      ],
      "ip":20,
      "op":121,
      "st":20,
      "bm":0
    },
    {
      "ddd": 0,
      "ind": 4,
      "ty": 4,
      "nm": "Layer 1 Outlines 4",
      "parent": 1,
      "sr": 1,
      "ks": {
        "o": {"a":0,"k":100,"ix":11},
        "r": {"a":0,"k":0,"ix":10},
        "p": {"a":0,"k":[33.833,22.771,0],"ix":2},
        "a": {"a":0,"k":[80.917,48.322,0],"ix":1},
        "s": {
          "a":1,
          "k":[
            {"i":{"x":[0.667,0.667,0.667],"y":[1,1,1]},"o":{"x":[0.333,0.333,0.333],"y":[0,0,0]},"t":56,"s":[0,0,100]},
            {"i":{"x":[0.667,0.667,0.667],"y":[1,1,1]},"o":{"x":[0.333,0.333,0.333],"y":[0,0,0]},"t":70,"s":[110,110,100]},
            {"i":{"x":[0.667,0.667,0.667],"y":[1,1,1]},"o":{"x":[0.333,0.333,0.333],"y":[0,0,0]},"t":84,"s":[90,90,100]},
            {"t":98,"s":[100,100,100]}
          ],
          "ix":6
        }
      },
      "ao": 0,
      "shapes": [
        {
          "ty": "gr",
          "it": [
            {
              "ind": 0,
              "ty": "sh",
              "ix": 1,
              "ks": {
                "a": 0,
                "k": {
                  "i": [[0,0],[0,0],[0,0],[0,0],[0,0],[0,0]],
                  "o": [[0,0],[0,0],[0,0],[0,0],[0,0],[0,0]],
                  "v": [[-13.477,-23.584],[-13.477,23.584],[13.477,23.584],[13.477,16.846],[-6.738,16.846],[-6.738,-23.584]],
                  "c": true
                },
                "ix": 2
              },
              "nm": "Path 1",
              "mn": "ADBE Vector Shape - Group",
              "hd": false
            },
            {
              "ty": "fl",
              "c": {"a":0,"k":[0.65882,0.10588,0.83529,1],"ix":4},
              "o": {"a":0,"k":100,"ix":5},
              "r":1,"bm":0,
              "nm":"Fill 1","mn":"ADBE Vector Graphic - Fill","hd":false
            },
            {
              "ty": "tr",
              "p": {"a":0,"k":[81.108,23.834],"ix":2},
              "a": {"a":0,"k":[0,0],"ix":1},
              "s": {"a":0,"k":[100,100],"ix":3},
              "r": {"a":0,"k":0,"ix":6},
              "o": {"a":0,"k":100,"ix":7},
              "sk": {"a":0,"k":0,"ix":4},
              "sa": {"a":0,"k":0,"ix":5},
              "nm":"Transform"
            }
          ],
          "nm": "Group 3",
          "np":2,
          "cix":2,
          "bm":0,
          "ix":1,
          "mn":"ADBE Vector Group",
          "hd":false
        }
      ],
      "ip":40,
      "op":121,
      "st":40,
      "bm":0
    }
  ],
  "markers": []
}