{
  "v": "5.5.8",
  "fr": 60,
  "ip": 0,
  "op": 121,
  "w": 95,
  "h": 95,
  "nm": "Stellar",
  "ddd": 0,
  "assets": [
    {
      "id": "comp_0",
      "layers": [
        {
          "ddd": 0,
          "ind": 1,
          "ty": 4,
          "nm": "Shape Layer 5",
          "sr": 1,
          "ks": {
            "o": {"a":0,"k":100,"ix":11},
            "r": {"a":0,"k":0,"ix":10},
            "p": {"a":0,"k":[47.5,47.5,0],"ix":2},
            "a": {"a":0,"k":[0,0,0],"ix":1},
            "s": {"a":0,"k":[100,100,100],"ix":6}
          },
          "ao": 0,
          "shapes": [
            {
              "ty": "gr",
              "it": [
                {
                  "d": 1,
                  "ty": "el",
                  "s": {"a":0,"k":[73.75,73.75],"ix":2},
                  "p": {"a":0,"k":[0,0],"ix":3},
                  "nm": "Ellipse Path 1",
                  "mn": "ADBE Vector Shape - Ellipse",
                  "hd": false
                },
                {
                  "ty": "st",
                  "c": {"a":0,"k":[0.65882,0.10588,0.83529,1],"ix":3},
                  "o": {"a":0,"k":100,"ix":4},
                  "w": {"a":0,"k":7,"ix":5},
                  "lc": 1,
                  "lj": 1,
                  "ml": 4,
                  "bm": 0,
                  "nm": "Stroke 1",
                  "mn": "ADBE Vector Graphic - Stroke",
                  "hd": false
                },
                {
                  "ty": "tr",
                  "p": {"a":0,"k":[-0.625,0.375],"ix":2},
                  "a": {"a":0,"k":[0,0],"ix":1},
                  "s": {"a":0,"k":[100,100],"ix":3},
                  "r": {"a":0,"k":0,"ix":6},
                  "o": {"a":0,"k":100,"ix":7},
                  "sk": {"a":0,"k":0,"ix":4},
                  "sa": {"a":0,"k":0,"ix":5},
                  "nm": "Transform"
                }
              ],
              "nm": "Ellipse 1",
              "np": 3,
              "cix": 2,
              "bm": 0,
              "ix": 1,
              "mn": "ADBE Vector Group",
              "hd": false
            },
            {
              "ty": "tm",
              "s": {"a":0,"k":0,"ix":1},
              "e": {
                "a": 1,
                "k": [
                  {"i":{"x":[0.833],"y":[0.833]},"o":{"x":[0.167],"y":[0.167]},"t":19,"s":[0]},
                  {"t":50,"s":[100]}
                ],
                "ix": 2
              },
              "o": {"a":0,"k":0,"ix":3},
              "m": 1,
              "ix": 2,
              "nm": "Trim Paths 1",
              "mn": "ADBE Vector Filter - Trim",
              "hd": false
            }
          ],
          "ip": 19,
          "op": 77,
          "st": 0,
          "bm": 0
        }
      ]
    },
    {
      "id": "comp_1",
      "layers": [
        {
          "ddd": 0,
          "ind": 1,
          "ty": 4,
          "nm": "Shape Layer 5",
          "sr": 1,
          "ks": {
            "o": {"a":0,"k":100,"ix":11},
            "r": {"a":0,"k":0,"ix":10},
            "p": {"a":0,"k":[47.5,47.5,0],"ix":2},
            "a": {"a":0,"k":[0,0,0],"ix":1},
            "s": {"a":0,"k":[100,100,100],"ix":6}
          },
          "ao": 0,
          "shapes": [
            {
              "ty": "gr",
              "it": [
                {
                  "d": 1,
                  "ty": "el",
                  "s": {"a":0,"k":[73.75,73.75],"ix":2},
                  "p": {"a":0,"k":[0,0],"ix":3},
                  "nm": "Ellipse Path 1",
                  "mn": "ADBE Vector Shape - Ellipse",
                  "hd": false
                },
                {
                  "ty": "st",
                  "c": {"a":0,"k":[0.65882,0.10588,0.83529,1],"ix":3},
                  "o": {"a":0,"k":100,"ix":4},
                  "w": {"a":0,"k":7,"ix":5},
                  "lc": 1,
                  "lj": 1,
                  "ml": 4,
                  "bm": 0,
                  "nm": "Stroke 1",
                  "mn": "ADBE Vector Graphic - Stroke",
                  "hd": false
                },
                {
                  "ty": "tr",
                  "p": {"a":0,"k":[-0.625,0.375],"ix":2},
                  "a": {"a":0,"k":[0,0],"ix":1},
                  "s": {"a":0,"k":[100,100],"ix":3},
                  "r": {"a":0,"k":0,"ix":6},
                  "o": {"a":0,"k":100,"ix":7},
                  "sk": {"a":0,"k":0,"ix":4},
                  "sa": {"a":0,"k":0,"ix":5},
                  "nm": "Transform"
                }
              ],
              "nm": "Ellipse 1",
              "np": 3,
              "cix": 2,
              "bm": 0,
              "ix": 1,
              "mn": "ADBE Vector Group",
              "hd": false
            },
            {
              "ty": "tm",
              "s": {"a":0,"k":0,"ix":1},
              "e": {
                "a": 1,
                "k": [
                  {"i":{"x":[0.833],"y":[0.833]},"o":{"x":[0.167],"y":[0.167]},"t":20,"s":[0]},
                  {"t":50,"s":[100]}
                ],
                "ix": 2
              },
              "o": {"a":0,"k":0,"ix":3},
              "m": 1,
              "ix": 2,
              "nm": "Trim Paths 1",
              "mn": "ADBE Vector Filter - Trim",
              "hd": false
            }
          ],
          "ip": 19,
          "op": 77,
          "st": 0,
          "bm": 0
        }
      ]
    }
  ],
  "layers": [
    {
      "ddd": 0,
      "ind": 1,
      "ty": 0,
      "nm": "Shape Layer 5 Comp 1",
      "parent": 2,
      "refId": "comp_0",
      "sr": 1,
      "ks": {
        "o": {"a":0,"k":100,"ix":11},
        "r": {"a":0,"k":0,"ix":10},
        "p": {"a":0,"k":[0,-16.25,0],"ix":2},
        "a": {"a":0,"k":[47.5,47.5,0],"ix":1},
        "s": {"a":0,"k":[100,100,100],"ix":6}
      },
      "ao": 0,
      "hasMask": true,
      "masksProperties": [
        {
          "inv": true,
          "mode": "a",
          "pt": {
            "a": 0,
            "k": {
              "i": [[1.25,-0.5],[0,0],[0,0],[0,0],[0,0],[0,0],[0,0]],
              "o": [[-1.25,0.5],[0,0],[0,0],[0,0],[0,0],[0,0],[0,0]],
              "v": [[70,-10.5],[8.25,-10.25],[-22.5,13],[-15,71.5],[17,83.5],[98.25,28.75],[117.75,-0.75]],
              "c": true
            },
            "ix": 1
          },
          "o": {"a":0,"k":100,"ix":3},
          "x": {"a":0,"k":0,"ix":4},
          "nm": "Mask 1"
        }
      ],
      "w": 95,
      "h": 95,
      "ip": 0,
      "op": 76,
      "st": 0,
      "bm": 0
    },
    {
      "ddd": 0,
      "ind": 2,
      "ty": 4,
      "nm": "Shape Layer 4",
      "sr": 1,
      "ks": {
        "o": {"a":0,"k":100,"ix":11},
        "r": {"a":0,"k":0,"ix":10},
        "p": {
          "a": 1,
          "k": [
            {"i":{"x":0.833,"y":0.833},"o":{"x":0.167,"y":0.167},"t":20,"s":[47.5,61.25,0],"to":[0,0.417,0],"ti":[0,-0.417,0]},
            {"t":40,"s":[47.5,63.75,0]}
          ],
          "ix": 2
        },
        "a": {"a":0,"k":[0,0,0],"ix":1},
        "s": {"a":0,"k":[100,100,100],"ix":6}
      },
      "ao": 0,
      "shapes": [
        {
          "ty": "gr",
          "it": [
            {
              "ind": 0,
              "ty": "sh",
              "ix": 1,
              "ks": {
                "a": 0,
                "k": {
                  "i": [[0,0],[0,0]],
                  "o": [[0,0],[0,0]],
                  "v": [[45.5,-31.688],[-45.5,15.188]],
                  "c": false
                },
                "ix": 2
              },
              "nm": "Path 1",
              "mn": "ADBE Vector Shape - Group",
              "hd": false
            },
            {
              "ty": "tm",
              "s": {
                "a": 1,
                "k": [
                  {"i":{"x":[0.667],"y":[1]},"o":{"x":[0.333],"y":[0]},"t":0,"s":[100]},
                  {"t":20,"s":[0]}
                ],
                "ix": 1
              },
              "e": {"a":0,"k":100,"ix":2},
              "o": {"a":0,"k":0,"ix":3},
              "m": 1,
              "ix": 2,
              "nm": "Trim Paths 1",
              "mn": "ADBE Vector Filter - Trim",
              "hd": false
            },
            {
              "ty": "st",
              "c": {"a":0,"k":[0.65882,0.10588,0.83529,1],"ix":3},
              "o": {"a":0,"k":100,"ix":4},
              "w": {"a":0,"k":7,"ix":5},
              "lc": 1,
              "lj": 1,
              "ml": 4,
              "bm": 0,
              "nm": "Stroke 1",
              "mn": "ADBE Vector Graphic - Stroke",
              "hd": false
            },
            {
              "ty": "tr",
              "p": {"a":0,"k":[0,0],"ix":2},
              "a": {"a":0,"k":[0,0],"ix":1},
              "s": {"a":0,"k":[100,100],"ix":3},
              "r": {"a":0,"k":0,"ix":6},
              "o": {"a":0,"k":100,"ix":7},
              "sk": {"a":0,"k":0,"ix":4},
              "sa": {"a":0,"k":0,"ix":5},
              "nm": "Transform"
            }
          ],
          "nm": "Shape 1",
          "np": 4,
          "cix": 2,
          "bm": 0,
          "ix": 1,
          "mn": "ADBE Vector Group",
          "hd": false
        }
      ],
      "ip": 0,
      "op": 76,
      "st": 0,
      "bm": 0
    },
    {
      "ddd": 0,
      "ind": 3,
      "ty": 0,
      "nm": "Shape Layer 5 Comp 2",
      "parent": 4,
      "refId": "comp_1",
      "sr": 1,
      "ks": {
        "o": {"a":0,"k":100,"ix":11},
        "r": {"a":0,"k":180,"ix":10},
        "p": {"a":0,"k":[0,0,0],"ix":2},
        "a": {"a":0,"k":[47.5,47.5,0],"ix":1},
        "s": {"a":0,"k":[100,100,100],"ix":6}
      },
      "ao": 0,
      "hasMask": true,
      "masksProperties": [
        {
          "inv": true,
          "mode": "a",
          "pt": {
            "a": 0,
            "k": {
              "i": [[1.25,-0.5],[0,0],[0,0],[0,0],[0,0],[0,0],[0,0]],
              "o": [[-1.25,0.5],[0,0],[0,0],[0,0],[0,0],[0,0],[0,0]],
              "v": [[70,-10.5],[8.25,-10.25],[-22.5,13],[-15,71.5],[17,83.5],[98.25,28.75],[117.75,-0.75]],
              "c": true
            },
            "ix": 1
          },
          "o": {"a":0,"k":100,"ix":3},
          "x": {"a":0,"k":0,"ix":4},
          "nm": "Mask 1"
        }
      ],
      "w": 95,
      "h": 95,
      "ip": 0,
      "op": 76,
      "st": 0,
      "bm": 0
    },
    {
      "ddd": 0,
      "ind": 4,
      "ty": 4,
      "nm": "Shape Layer 3",
      "sr": 1,
      "ks": {
        "o": {"a":0,"k":100,"ix":11},
        "r": {"a":0,"k":0,"ix":10},
        "p": {
          "a": 1,
          "k": [
            {"i":{"x":0.833,"y":0.833},"o":{"x":0.167,"y":0.167},"t":20,"s":[47.5,53.5,0],"to":[0,-1,0],"ti":[0,1,0]},
            {"t":40,"s":[47.5,47.5,0]}
          ],
          "ix": 2
        },
        "a": {"a":0,"k":[0,0,0],"ix":1},
        "s": {"a":0,"k":[100,100,100],"ix":6}
      },
      "ao": 0,
      "shapes": [
        {
          "ty": "gr",
          "it": [
            {
              "ind": 0,
              "ty": "sh",
              "ix": 1,
              "ks": {
                "a": 0,
                "k": {
                  "i": [[0,0],[0,0]],
                  "o": [[0,0],[0,0]],
                  "v": [[45.5,-31.625],[-45.5,15.375]],
                  "c": false
                },
                "ix": 2
              },
              "nm": "Path 1",
              "mn": "ADBE Vector Shape - Group",
              "hd": false
            },
            {
              "ty": "tm",
              "s": {"a":0,"k":0,"ix":1},
              "e": {
                "a": 1,
                "k": [
                  {"i":{"x":[0.667],"y":[1]},"o":{"x":[0.333],"y":[0]},"t":0,"s":[0]},
                  {"t":20,"s":[100]}
                ],
                "ix": 2
              },
              "o": {"a":0,"k":0,"ix":3},
              "m": 1,
              "ix": 2,
              "nm": "Trim Paths 1",
              "mn": "ADBE Vector Filter - Trim",
              "hd": false
            },
            {
              "ty": "st",
              "c": {"a":0,"k":[0.65882,0.10588,0.83529,1],"ix":3},
              "o": {"a":0,"k":100,"ix":4},
              "w": {"a":0,"k":7,"ix":5},
              "lc": 1,
              "lj": 1,
              "ml": 4,
              "bm": 0,
              "nm": "Stroke 1",
              "mn": "ADBE Vector Graphic - Stroke",
              "hd": false
            },
            {
              "ty": "tr",
              "p": {"a":0,"k":[0,0],"ix":2},
              "a": {"a":0,"k":[0,0],"ix":1},
              "s": {"a":0,"k":[100,100],"ix":3},
              "r": {"a":0,"k":0,"ix":6},
              "o": {"a":0,"k":100,"ix":7},
              "sk": {"a":0,"k":0,"ix":4},
              "sa": {"a":0,"k":0,"ix":5},
              "nm": "Transform"
            }
          ],
          "nm": "Shape 1",
          "np": 4,
          "cix": 2,
          "bm": 0,
          "ix": 1,
          "mn": "ADBE Vector Group",
          "hd": false
        }
      ],
      "ip": 0,
      "op": 76,
      "st": 0,
      "bm": 0
    }
  ],
  "markers": []
}