{
  "v": "5.5.8",
  "fr": 30,
  "ip": 0,
  "op": 60,
  "w": 48,
  "h": 48,
  "nm": "Swift",
  "ddd": 0,
  "assets": [],
  "layers": [
    {
      "ddd": 0,
      "ind": 1,
      "ty": 3,
      "nm": "Null 4",
      "sr": 1,
      "ks": {
        "o": {"a":0,"k":0,"ix":11},
        "r": {"a":0,"k":0,"ix":10},
        "p": {
          "a":1,
          "k":[
            {"i":{"x":0.667,"y":1},"o":{"x":0.333,"y":0},"t":0,"s":[13,13,0],"to":[1.833,1.833,0],"ti":[-1.833,-1.833,0]},
            {"t":30,"s":[24,24,0]}
          ],
          "ix":2
        },
        "a": {"a":0,"k":[0,0,0],"ix":1},
        "s": {
          "a":1,
          "k":[
            {"i":{"x":[0.667,0.667,0.667],"y":[1,1,1]},"o":{"x":[0.333,0.333,0.333],"y":[0,0,0]},"t":6,"s":[75,75,100]},
            {"t":15,"s":[100,100,100]}
          ],
          "ix":6
        }
      },
      "ao": 0,
      "ip": 0,
      "op": 60,
      "st": 0,
      "bm": 0
    },
    {
      "ddd": 0,
      "ind": 2,
      "ty": 4,
      "nm": "Layer 2 Outlines 11",
      "parent": 1,
      "sr": 1,
      "ks": {
        "o": {"a":0,"k":100,"ix":11},
        "r": {"a":0,"k":0,"ix":10},
        "p": {"a":0,"k":[0.648,0.708,0],"ix":2},
        "a": {"a":0,"k":[18.583,16.116,0],"ix":1},
        "s": {"a":0,"k":[100,100,100],"ix":6}
      },
      "ao": 0,
      "shapes": [
        {
          "ty": "gr",
          "it": [
            {
              "ind": 0,
              "ty": "sh",
              "ix": 1,
              "ks": {
                "a": 0,
                "k": {
                  "i": [[8.08,4.737],[1.396,-4.935],[0.175,-0.432],[0,0],[5.128,5.046],[-3.7,-3.848],[4.542,3.916],[-0.749,-0.814],[-5.546,-4.33],[5.972,2.653],[1.264,0.969],[-4.508,-1.86],[-4.188,2.35],[0,0],[-2.184,-4.046],[3.994,4.842],[0,0],[0,0.2]],
                  "o": [[3.49,4.642],[-0.127,0.452],[0,0],[-6.048,-3.826],[3.072,4.389],[-5.077,-3.147],[0.573,0.95],[4.327,5.606],[-4.201,2.534],[-1.458,-0.629],[2.712,4.137],[5.781,2.401],[0,0],[2.031,-0.849],[0.505,0.969],[0,0],[0.066,-0.2],[1.991,-7.455]],
                  "v": [[3.57,-15.866],[7.255,-0.677],[6.801,0.649],[6.154,0.278],[-10.652,-13.067],[-0.479,-0.691],[-14.932,-11.304],[-12.943,-8.651],[1.926,6.312],[-14.234,6.312],[-18.333,3.913],[-7.253,13.118],[8.469,12.932],[8.467,12.946],[16.73,14.897],[14.339,5.903],[14.273,5.824],[14.443,5.226]],
                  "c": true
                },
                "ix": 2
              },
              "nm": "Path 1",
              "mn": "ADBE Vector Shape - Group",
              "hd": false
            },
            {
              "ty": "fl",
              "c": {"a":0,"k":[0.65882,0.10588,0.83529,1],"ix":4},
              "o": {"a":0,"k":100,"ix":5},
              "r":1,"bm":0,
              "nm":"Fill 1","mn":"ADBE Vector Graphic - Fill","hd":false
            },
            {
              "ty": "tr",
              "p": {"a":0,"k":[18.583,16.116],"ix":2},
              "a": {"a":0,"k":[0,0],"ix":1},
              "s": {"a":0,"k":[100,100],"ix":3},
              "r": {"a":0,"k":0,"ix":6},
              "o": {"a":0,"k":100,"ix":7},
              "sk": {"a":0,"k":0,"ix":4},
              "sa": {"a":0,"k":0,"ix":5},
              "nm":"Transform"
            }
          ],
          "nm": "Group 1",
          "np":2,
          "cix":2,
          "bm":0,
          "ix":1,
          "mn":"ADBE Vector Group",
          "hd":false
        }
      ],
      "ip":30,
      "op":61,
      "st":30,
      "bm":0
    },
    {
      "ddd": 0,
      "ind": 3,
      "ty": 4,
      "nm": "Layer 2 Outlines 10",
      "parent": 1,
      "sr": 1,
      "ks": {
        "o": {"a":0,"k":100,"ix":11},
        "r": {"a":0,"k":0,"ix":10},
        "p": {"a":0,"k":[0.648,0.708,0],"ix":2},
        "a": {"a":0,"k":[18.583,16.116,0],"ix":1},
        "s": {"a":0,"k":[100,100,100],"ix":6}
      },
      "ao": 0,
      "shapes": [
        {
          "ty": "gr",
          "it": [
            {
              "ind": 0,
              "ty": "sh",
              "ix": 1,
              "ks": {
                "a": 0,
                "k": {
                  "i": [[8.08,4.737],[2.972,-2.906],[0.175,-0.432],[0,0],[5.128,5.046],[-3.7,-3.848],[4.542,3.916],[-0.749,-0.814],[-5.546,-4.33],[2.836,0.167],[1.264,0.969],[-4.508,-1.86],[-4.188,2.35],[0,0],[-2.184,-4.046],[3.994,4.842],[0,0],[0,0.2]],
                  "o": [[3.49,4.642],[-0.336,0.328],[0,0],[-6.048,-3.826],[3.072,4.389],[-5.077,-3.147],[0.573,0.95],[4.327,5.606],[-4.201,2.534],[-3.414,-0.645],[2.712,4.137],[5.781,2.401],[0,0],[2.031,-0.849],[0.505,0.969],[0,0],[0.066,-0.2],[1.991,-7.455]],
                  "v": [[9.07,-17.491],[7.255,-0.677],[6.801,0.649],[6.155,0.278],[-11.215,-12.38],[-0.479,-0.691],[-14.12,-11.617],[-12.13,-8.964],[1.926,6.312],[-11.859,8.062],[-19.833,6.288],[-7.253,13.118],[8.469,12.932],[8.467,12.946],[16.73,14.897],[14.339,5.903],[14.273,5.824],[14.443,5.226]],
                  "c": true
                },
                "ix": 2
              },
              "nm": "Path 1",
              "mn": "ADBE Vector Shape - Group",
              "hd": false
            },
            {
              "ty": "fl",
              "c": {"a":0,"k":[0.65882,0.10588,0.83529,1],"ix":4},
              "o": {"a":0,"k":100,"ix":5},
              "r":1,"bm":0,
              "nm":"Fill 1","mn":"ADBE Vector Graphic - Fill","hd":false
            },
            {
              "ty": "tr",
              "p": {"a":0,"k":[18.583,16.116],"ix":2},
              "a": {"a":0,"k":[0,0],"ix":1},
              "s": {"a":0,"k":[100,100],"ix":3},
              "r": {"a":0,"k":0,"ix":6},
              "o": {"a":0,"k":100,"ix":7},
              "sk": {"a":0,"k":0,"ix":4},
              "sa": {"a":0,"k":0,"ix":5},
              "nm":"Transform"
            }
          ],
          "nm": "Group 1",
          "np":2,
          "cix":2,
          "bm":0,
          "ix":1,
          "mn":"ADBE Vector Group",
          "hd":false
        }
      ],
      "ip":25,
      "op":30,
      "st":15,
      "bm":0
    },
    {
      "ddd": 0,
      "ind": 4,
      "ty": 4,
      "nm": "Layer 2 Outlines 9",
      "parent": 1,
      "sr": 1,
      "ks": {
        "o": {"a":0,"k":100,"ix":11},
        "r": {"a":0,"k":0,"ix":10},
        "p": {"a":0,"k":[0.648,0.708,0],"ix":2},
        "a": {"a":0,"k":[18.583,16.116,0],"ix":1},
        "s": {"a":0,"k":[100,100,100],"ix":6}
      },
      "ao": 0,
      "shapes": [
        {
          "ty": "gr",
          "it": [
            {
              "ind": 0,
              "ty": "sh",
              "ix": 1,
              "ks": {
                "a": 0,
                "k": {
                  "i": [[8.08,4.737],[1.396,-4.935],[0.175,-0.432],[0,0],[5.128,5.046],[-3.7,-3.848],[4.542,3.916],[-0.749,-0.814],[-5.546,-4.33],[5.972,2.653],[1.264,0.969],[-4.508,-1.86],[-4.188,2.35],[0,0],[-2.184,-4.046],[3.994,4.842],[0,0],[0,0.2]],
                  "o": [[3.49,4.642],[-0.127,0.452],[0,0],[-6.048,-3.826],[3.072,4.389],[-5.077,-3.147],[0.573,0.95],[4.327,5.606],[-4.201,2.534],[-1.458,-0.629],[2.712,4.137],[5.781,2.401],[0,0],[2.031,-0.849],[0.505,0.969],[0,0],[0.066,-0.2],[1.991,-7.455]],
                  "v": [[3.57,-15.866],[7.255,-0.677],[6.801,0.649],[6.154,0.278],[-10.652,-13.067],[-0.479,-0.691],[-14.932,-11.304],[-12.943,-8.651],[1.926,6.312],[-14.234,6.312],[-18.333,3.913],[-7.253,13.118],[8.469,12.932],[8.467,12.946],[16.73,14.897],[14.339,5.903],[14.273,5.824],[14.443,5.226]],
                  "c": true
                },
                "ix": 2
              },
              "nm": "Path 1",
              "mn": "ADBE Vector Shape - Group",
              "hd": false
            },
            {
              "ty": "fl",
              "c": {"a":0,"k":[0.65882,0.10588,0.83529,1],"ix":4},
              "o": {"a":0,"k":100,"ix":5},
              "r":1,"bm":0,
              "nm":"Fill 1","mn":"ADBE Vector Graphic - Fill","hd":false
            },
            {
              "ty": "tr",
              "p": {"a":0,"k":[18.583,16.116],"ix":2},
              "a": {"a":0,"k":[0,0],"ix":1},
              "s": {"a":0,"k":[100,100],"ix":3},
              "r": {"a":0,"k":0,"ix":6},
              "o": {"a":0,"k":100,"ix":7},
              "sk": {"a":0,"k":0,"ix":4},
              "sa": {"a":0,"k":0,"ix":5},
              "nm":"Transform"
            }
          ],
          "nm": "Group 1",
          "np":2,
          "cix":2,
          "bm":0,
          "ix":1,
          "mn":"ADBE Vector Group",
          "hd":false
        }
      ],
      "ip":20,
      "op":25,
      "st":20,
      "bm":0
    },
    {
      "ddd": 0,
      "ind": 5,
      "ty": 4,
      "nm": "Layer 2 Outlines 8",
      "parent": 1,
      "sr": 1,
      "ks": {
        "o": {"a":0,"k":100,"ix":11},
        "r": {"a":0,"k":0,"ix":10},
        "p": {"a":0,"k":[0.648,0.708,0],"ix":2},
        "a": {"a":0,"k":[18.583,16.116,0],"ix":1},
        "s": {"a":0,"k":[100,100,100],"ix":6}
      },
      "ao": 0,
      "shapes": [
        {
          "ty": "gr",
          "it": [
            {
              "ind": 0,
              "ty": "sh",
              "ix": 1,
              "ks": {
                "a": 0,
                "k": {
                  "i": [[8.08,4.737],[2.972,-2.906],[0.175,-0.432],[0,0],[5.128,5.046],[-3.7,-3.848],[4.542,3.916],[-0.749,-0.814],[-5.546,-4.33],[2.836,0.167],[1.264,0.969],[-4.508,-1.86],[-4.188,2.35],[0,0],[-2.184,-4.046],[3.994,4.842],[0,0],[0,0.2]],
                  "o": [[3.49,4.642],[-0.336,0.328],[0,0],[-6.048,-3.826],[3.072,4.389],[-5.077,-3.147],[0.573,0.95],[4.327,5.606],[-4.201,2.534],[-3.414,-0.645],[2.712,4.137],[5.781,2.401],[0,0],[2.031,-0.849],[0.505,0.969],[0,0],[0.066,-0.2],[1.991,-7.455]],
                  "v": [[9.07,-17.491],[7.255,-0.677],[6.801,0.649],[6.155,0.278],[-11.215,-12.38],[-0.479,-0.691],[-14.12,-11.617],[-12.13,-8.964],[1.926,6.312],[-11.859,8.062],[-19.833,6.288],[-7.253,13.118],[8.469,12.932],[8.467,12.946],[16.73,14.897],[14.339,5.903],[14.273,5.824],[14.443,5.226]],
                  "c": true
                },
                "ix": 2
              },
              "nm": "Path 1",
              "mn": "ADBE Vector Shape - Group",
              "hd": false
            },
            {
              "ty": "fl",
              "c": {"a":0,"k":[0.65882,0.10588,0.83529,1],"ix":4},
              "o": {"a":0,"k":100,"ix":5},
              "r":1,"bm":0,
              "nm":"Fill 1","mn":"ADBE Vector Graphic - Fill","hd":false
            },
            {
              "ty": "tr",
              "p": {"a":0,"k":[18.583,16.116],"ix":2},
              "a": {"a":0,"k":[0,0],"ix":1},
              "s": {"a":0,"k":[100,100],"ix":3},
              "r": {"a":0,"k":0,"ix":6},
              "o": {"a":0,"k":100,"ix":7},
              "sk": {"a":0,"k":0,"ix":4},
              "sa": {"a":0,"k":0,"ix":5},
              "nm":"Transform"
            }
          ],
          "nm": "Group 1",
          "np":2,
          "cix":2,
          "bm":0,
          "ix":1,
          "mn":"ADBE Vector Group",
          "hd":false
        }
      ],
      "ip":10,
      "op":15,
      "st":10,
      "bm":0
    },
    {
      "ddd": 0,
      "ind": 6,
      "ty": 4,
      "nm": "Layer 2 Outlines 7",
      "parent": 1,
      "sr": 1,
      "ks": {
        "o": {"a":0,"k":100,"ix":11},
        "r": {"a":0,"k":0,"ix":10},
        "p": {"a":0,"k":[0.648,0.708,0],"ix":2},
        "a": {"a":0,"k":[18.583,16.116,0],"ix":1},
        "s": {"a":0,"k":[100,100,100],"ix":6}
      },
      "ao": 0,
      "shapes": [
        {
          "ty": "gr",
          "it": [
            {
              "ind": 0,
              "ty": "sh",
              "ix": 1,
              "ks": {
                "a": 0,
                "k": {
                  "i": [[8.08,4.737],[1.396,-4.935],[0.175,-0.432],[0,0],[5.128,5.046],[-3.7,-3.848],[4.542,3.916],[-0.749,-0.814],[-5.546,-4.33],[5.972,2.653],[1.264,0.969],[-4.508,-1.86],[-4.188,2.35],[0,0],[-2.184,-4.046],[3.994,4.842],[0,0],[0,0.2]],
                  "o": [[3.49,4.642],[-0.127,0.452],[0,0],[-6.048,-3.826],[3.072,4.389],[-5.077,-3.147],[0.573,0.95],[4.327,5.606],[-4.201,2.534],[-1.458,-0.629],[2.712,4.137],[5.781,2.401],[0,0],[2.031,-0.849],[0.505,0.969],[0,0],[0.066,-0.2],[1.991,-7.455]],
                  "v": [[3.57,-15.866],[7.255,-0.677],[6.801,0.649],[6.154,0.278],[-10.652,-13.067],[-0.479,-0.691],[-14.932,-11.304],[-12.943,-8.651],[1.926,6.312],[-14.234,6.312],[-18.333,3.913],[-7.253,13.118],[8.469,12.932],[8.467,12.946],[16.73,14.897],[14.339,5.903],[14.273,5.824],[14.443,5.226]],
                  "c": true
                },
                "ix": 2
              },
              "nm": "Path 1",
              "mn": "ADBE Vector Shape - Group",
              "hd": false
            },
            {
              "ty": "fl",
              "c": {"a":0,"k":[0.65882,0.10588,0.83529,1],"ix":4},
              "o": {"a":0,"k":100,"ix":5},
              "r":1,"bm":0,
              "nm":"Fill 1","mn":"ADBE Vector Graphic - Fill","hd":false
            },
            {
              "ty": "tr",
              "p": {"a":0,"k":[18.583,16.116],"ix":2},
              "a": {"a":0,"k":[0,0],"ix":1},
              "s": {"a":0,"k":[100,100],"ix":3},
              "r": {"a":0,"k":0,"ix":6},
              "o": {"a":0,"k":100,"ix":7},
              "sk": {"a":0,"k":0,"ix":4},
              "sa": {"a":0,"k":0,"ix":5},
              "nm":"Transform"
            }
          ],
          "nm": "Group 1",
          "np":2,
          "cix":2,
          "bm":0,
          "ix":1,
          "mn":"ADBE Vector Group",
          "hd":false
        }
      ],
      "ip":5,
      "op":10,
      "st":-5,
      "bm":0
    },
    {
      "ddd": 0,
      "ind": 7,
      "ty": 4,
      "nm": "Layer 2 Outlines 2",
      "parent": 1,
      "sr": 1,
      "ks": {
        "o": {
          "a":1,
          "k":[
            {"i":{"x":[0.833],"y":[0.833]},"o":{"x":[0.167],"y":[0.167]},"t":0,"s":[9]},
            {"t":5,"s":[100]}
          ],
          "ix":11
        },
        "r": {"a":0,"k":0,"ix":10},
        "p": {"a":0,"k":[0.648,0.708,0],"ix":2},
        "a": {"a":0,"k":[18.583,16.116,0],"ix":1},
        "s": {"a":0,"k":[100,100,100],"ix":6}
      },
      "ao": 0,
      "shapes": [
        {
          "ty": "gr",
          "it": [
            {
              "ind": 0,
              "ty": "sh",
              "ix": 1,
              "ks": {
                "a": 0,
                "k": {
                  "i": [[8.08,4.737],[1.396,-4.935],[0.175,-0.432],[0,0],[5.128,5.046],[-3.7,-3.848],[4.542,3.916],[-0.749,-0.814],[-5.546,-4.33],[5.972,2.653],[1.264,0.969],[-4.508,-1.86],[-4.188,2.35],[0,0],[-2.184,-4.046],[3.994,4.842],[0,0],[0,0.2]],
                  "o": [[3.49,4.642],[-0.127,0.452],[0,0],[-6.048,-3.826],[3.072,4.389],[-5.077,-3.147],[0.573,0.95],[4.327,5.606],[-4.201,2.534],[-1.458,-0.629],[2.712,4.137],[5.781,2.401],[0,0],[2.031,-0.849],[0.505,0.969],[0,0],[0.066,-0.2],[1.991,-7.455]],
                  "v": [[3.57,-15.866],[7.255,-0.677],[6.801,0.649],[6.154,0.278],[-10.652,-13.067],[-0.479,-0.691],[-14.932,-11.304],[-12.943,-8.651],[1.926,6.312],[-14.234,6.312],[-18.333,3.913],[-7.253,13.118],[8.469,12.932],[8.467,12.946],[16.73,14.897],[14.339,5.903],[14.273,5.824],[14.443,5.226]],
                  "c": true
                },
                "ix": 2
              },
              "nm": "Path 1",
              "mn": "ADBE Vector Shape - Group",
              "hd": false
            },
            {
              "ty": "fl",
              "c": {"a":0,"k":[0.65882,0.10588,0.83529,1],"ix":4},
              "o": {"a":0,"k":100,"ix":5},
              "r":1,"bm":0,
              "nm":"Fill 1","mn":"ADBE Vector Graphic - Fill","hd":false
            },
            {
              "ty": "tr",
              "p": {"a":0,"k":[18.583,16.116],"ix":2},
              "a": {"a":0,"k":[0,0],"ix":1},
              "s": {"a":0,"k":[100,100],"ix":3},
              "r": {"a":0,"k":0,"ix":6},
              "o": {"a":0,"k":100,"ix":7},
              "sk": {"a":0,"k":0,"ix":4},
              "sa": {"a":0,"k":0,"ix":5},
              "nm":"Transform"
            }
          ],
          "nm": "Group 1",
          "np":2,
          "cix":2,
          "bm":0,
          "ix":1,
          "mn":"ADBE Vector Group",
          "hd":false
        }
      ],
      "ip":0,
      "op":5,
      "st":0,
      "bm":0
    },
    {
      "ddd": 0,
      "ind": 8,
      "ty": 4,
      "nm": "Layer 1 Outlines",
      "sr": 1,
      "ks": {
        "o": {"a":0,"k":100,"ix":11},
        "r": {"a":0,"k":0,"ix":10},
        "p": {"a":0,"k":[24,24,0],"ix":2},
        "a": {"a":0,"k":[24.25,24.25,0],"ix":1},
        "s": {"a":0,"k":[100,100,100],"ix":6}
      },
      "ao": 0,
      "shapes": [
        {
          "ty": "gr",
          "it": [
            {
              "ind": 0,
              "ty": "sh",
              "ix": 1,
              "ks": {
                "a": 0,
                "k": {
                  "i": [[0,0],[-1.014,-0.21],[-0.936,-0.495],[-0.752,-0.785],[-0.374,-2.135],[0,-1.061],[0,0],[0,0],[0.151,-1.047],[0.501,-0.952],[0.749,-0.725],[0.95,-0.477],[1.008,-0.185],[1.056,-0.001],[0,0],[1.015,0.211],[0.937,0.494],[0.742,0.759],[0.374,2.135],[0,1.061],[0,0],[-0.151,1.043],[-0.502,0.951],[-0.753,0.716],[-0.199,0.211],[-0.68,0.379],[0,0],[-0.77,0.094],[-0.782,0.015]],
                  "o": [[1.016,0.096],[1.024,0.183],[0.961,0.463],[1.478,1.502],[0.201,1.039],[0,0],[0,0],[-0.05,1.058],[-0.169,1.075],[-0.464,0.954],[-0.802,0.74],[-0.916,0.483],[-1.039,0.203],[0,0],[-1.016,-0.096],[-1.024,-0.182],[-0.94,-0.452],[-1.478,-1.502],[-0.202,-1.039],[0,0],[0.052,-1.054],[0.17,-1.075],[0.477,-0.966],[0.198,-0.197],[0.61,-0.504],[0,0],[0.717,-0.313],[0.774,-0.125],[0,0]],
                  "v": [[12.102,-24],[15.255,-23.694],[18.21,-22.672],[20.795,-20.785],[23.645,-15.192],[23.948,-12.033],[24,-12.033],[24,12.09],[23.697,15.25],[22.682,18.313],[20.848,20.855],[18.209,22.688],[15.307,23.693],[12.154,24],[-12.194,24],[-15.348,23.693],[-18.303,22.673],[-20.847,20.841],[-23.696,15.248],[-24,12.089],[-24,-12.283],[-23.696,-15.43],[-22.681,-18.492],[-20.821,-21.036],[-20.214,-21.54],[-18.275,-22.868],[-17.564,-23.174],[-15.322,-23.79],[-12.986,-24]],
                  "c": true
                },
                "ix": 2
              },
              "nm": "Path 1",
              "mn": "ADBE Vector Shape - Group",
              "hd": false
            },
            {
              "ty": "fl",
              "c": {"a":0,"k":[0.42745,0.06667,0.89412,1],"ix":4},
              "o": {"a":0,"k":100,"ix":5},
              "r":1,"bm":0,
              "nm":"Fill 1","mn":"ADBE Vector Graphic - Fill","hd":false
            },
            {
              "ty": "tr",
              "p": {"a":0,"k":[24.25,24.25],"ix":2},
              "a": {"a":0,"k":[0,0],"ix":1},
              "s": {"a":0,"k":[100,100],"ix":3},
              "r": {"a":0,"k":0,"ix":6},
              "o": {"a":0,"k":100,"ix":7},
              "sk": {"a":0,"k":0,"ix":4},
              "sa": {"a":0,"k":0,"ix":5},
              "nm":"Transform"
            }
          ],
          "nm": "Group 1",
          "np":4,
          "cix":2,
          "bm":0,
          "ix":1,
          "mn":"ADBE Vector Group",
          "hd":false
        }
      ],
      "ip":0,
      "op":60,
      "st":0,
      "bm":0
    }
  ],
  "markers": []
}