{
  "v": "5.5.8",
  "fr": 30,
  "ip": 0,
  "op": 76,
  "w": 95,
  "h": 95,
  "nm": "XRP",
  "ddd": 0,
  "assets": [],
  "layers": [
    {
      "ddd": 0,
      "ind": 1,
      "ty": 4,
      "nm": "Layer 2 Outlines 2",
      "sr": 1,
      "ks": {
        "o": {"a":0,"k":100,"ix":11},
        "r": {"a":0,"k":0,"ix":10},
        "p": {"a":0,"k":[47.5,66.826,0],"ix":2},
        "a": {"a":0,"k":[256.25,104.555,0],"ix":1},
        "s": {"a":0,"k":[17.945,17.945,100],"ix":6}
      },
      "ao": 0,
      "shapes": [
        {
          "ty": "gr",
          "it": [
            {
              "ind": 0,
              "ty": "sh",
              "ix": 1,
              "ks": {
                "a": 0,
                "k": {
                  "i": [[0,0],[0,0],[0,0],[-55.809,-55.19],[0,0],[0,0],[0,0],[35.471,-34.959]],
                  "o": [[0,0],[0,0],[55.77,-55.19],[0,0],[0,0],[0,0],[-35.471,-34.959],[0,0]],
                  "v": [[-181.95,104.305],[-256,104.305],[-101,-49.115],[101,-49.115],[256,104.305],[182,104.305],[64,-12.465],[-63.91,-12.465]],
                  "c": true
                },
                "ix": 2
              },
              "nm": "Path 1",
              "mn": "ADBE Vector Shape - Group",
              "hd": false
            },
            {
              "ty": "mm",
              "mm": 4,
              "nm": "Merge Paths 1",
              "mn": "ADBE Vector Filter - Merge",
              "hd": false
            },
            {
              "ty": "tr",
              "p": {"a":0,"k":[256.25,104.555],"ix":2},
              "a": {"a":0,"k":[0,0],"ix":1},
              "s": {"a":0,"k":[100,100],"ix":3},
              "r": {"a":0,"k":0,"ix":6},
              "o": {"a":0,"k":100,"ix":7},
              "sk": {"a":0,"k":0,"ix":4},
              "sa": {"a":0,"k":0,"ix":5},
              "nm": "Transform"
            }
          ],
          "nm": "Group 1",
          "np": 3,
          "cix": 2,
          "bm": 0,
          "ix": 1,
          "mn": "ADBE Vector Group",
          "hd": false
        },
        {
          "ty": "tm",
          "s": {
            "a": 1,
            "k": [
              {"i":{"x":[0.667],"y":[1]},"o":{"x":[0.333],"y":[0]},"t":0,"s":[0]},
              {"t":60,"s":[100]}
            ],
            "ix": 1
          },
          "e": {"a":0,"k":0,"ix":2},
          "o": {"a":0,"k":0,"ix":3},
          "m": 1,
          "ix": 2,
          "nm": "Trim Paths 1",
          "mn": "ADBE Vector Filter - Trim",
          "hd": false
        },
        {
          "ty": "st",
          "c": {"a":0,"k":[0.65882,0.10588,0.83529,1],"ix":3},
          "o": {"a":0,"k":100,"ix":4},
          "w": {"a":0,"k":10,"ix":5},
          "lc": 1,
          "lj": 1,
          "ml": 4,
          "bm": 0,
          "nm": "Stroke 1",
          "mn": "ADBE Vector Graphic - Stroke",
          "hd": false
        }
      ],
      "ip": 0,
      "op": 76,
      "st": 0,
      "bm": 0
    },
    {
      "ddd": 0,
      "ind": 2,
      "ty": 4,
      "nm": "Layer 2 Outlines",
      "sr": 1,
      "ks": {
        "o": {
          "a": 1,
          "k": [
            {"i":{"x":[0.667],"y":[1]},"o":{"x":[0.333],"y":[0]},"t":30,"s":[0]},
            {"t":50,"s":[100]}
          ],
          "ix": 11
        },
        "r": {"a":0,"k":0,"ix":10},
        "p": {"a":0,"k":[47.5,66.826,0],"ix":2},
        "a": {"a":0,"k":[256.25,104.555,0],"ix":1},
        "s": {"a":0,"k":[17.945,17.945,100],"ix":6}
      },
      "ao": 0,
      "shapes": [
        {
          "ty": "gr",
          "it": [
            {
              "ind": 0,
              "ty": "sh",
              "ix": 1,
              "ks": {
                "a": 0,
                "k": {
                  "i": [[0,0],[0,0],[0,0],[-55.809,-55.19],[0,0],[0,0],[0,0],[35.471,-34.959]],
                  "o": [[0,0],[0,0],[55.77,-55.19],[0,0],[0,0],[0,0],[-35.471,-34.959],[0,0]],
                  "v": [[-181.95,104.305],[-256,104.305],[-101,-49.115],[101,-49.115],[256,104.305],[182,104.305],[64,-12.465],[-63.91,-12.465]],
                  "c": true
                },
                "ix": 2
              },
              "nm": "Path 1",
              "mn": "ADBE Vector Shape - Group",
              "hd": false
            },
            {
              "ty": "mm",
              "mm": 4,
              "nm": "Merge Paths 1",
              "mn": "ADBE Vector Filter - Merge",
              "hd": false
            },
            {
              "ty": "fl",
              "c": {"a":0,"k":[0.65882,0.10588,0.83529,1],"ix":4},
              "o": {"a":0,"k":100,"ix":5},
              "r":1,"bm":0,
              "nm":"Fill 1","mn":"ADBE Vector Graphic - Fill","hd":false
            },
            {
              "ty": "tr",
              "p": {"a":0,"k":[256.25,104.555],"ix":2},
              "a": {"a":0,"k":[0,0],"ix":1},
              "s": {"a":0,"k":[100,100],"ix":3},
              "r": {"a":0,"k":0,"ix":6},
              "o": {"a":0,"k":100,"ix":7},
              "sk": {"a":0,"k":0,"ix":4},
              "sa": {"a":0,"k":0,"ix":5},
              "nm": "Transform"
            }
          ],
          "nm": "Group 1",
          "np": 3,
          "cix": 2,
          "bm": 0,
          "ix": 1,
          "mn": "ADBE Vector Group",
          "hd": false
        }
      ],
      "ip": 30,
      "op": 106,
      "st": 30,
      "bm": 0
    },
    {
      "ddd": 0,
      "ind": 3,
      "ty": 4,
      "nm": "Layer 1 Outlines 2",
      "sr": 1,
      "ks": {
        "o": {"a":0,"k":100,"ix":11},
        "r": {"a":0,"k":0,"ix":10},
        "p": {"a":0,"k":[47.495,28.09,0],"ix":2},
        "a": {"a":0,"k":[255.28,104.085,0],"ix":1},
        "s": {"a":0,"k":[17.945,17.945,100],"ix":6}
      },
      "ao": 0,
      "shapes": [
        {
          "ty": "gr",
          "it": [
            {
              "ind": 0,
              "ty": "sh",
              "ix": 1,
              "ks": {
                "a": 0,
                "k": {
                  "i": [[0,0],[0,0],[0,0],[55.81,55.19],[0,0],[0,0],[0,0],[-35.471,34.959]],
                  "o": [[0,0],[0,0],[-55.77,55.19],[0,0],[0,0],[0,0],[35.471,34.959],[0,0]],
                  "v": [[181.03,-103.835],[255.03,-103.835],[101.03,48.645],[-100.97,48.645],[-255.03,-103.835],[-180.97,-103.835],[-63.97,11.995],[63.94,11.995]],
                  "c": true
                },
                "ix": 2
              },
              "nm": "Path 1",
              "mn": "ADBE Vector Shape - Group",
              "hd": false
            },
            {
              "ty": "tm",
              "s": {"a":0,"k":0,"ix":1},
              "e": {
                "a": 1,
                "k": [
                  {"i":{"x":[0.667],"y":[1]},"o":{"x":[0.333],"y":[0]},"t":0,"s":[0]},
                  {"t":50,"s":[100]}
                ],
                "ix": 2
              },
              "o": {"a":0,"k":0,"ix":3},
              "m": 1,
              "ix": 2,
              "nm": "Trim Paths 1",
              "mn": "ADBE Vector Filter - Trim",
              "hd": false
            },
            {
              "ty": "tr",
              "p": {"a":0,"k":[255.28,104.085],"ix":2},
              "a": {"a":0,"k":[0,0],"ix":1},
              "s": {"a":0,"k":[100,100],"ix":3},
              "r": {"a":0,"k":0,"ix":6},
              "o": {"a":0,"k":100,"ix":7},
              "sk": {"a":0,"k":0,"ix":4},
              "sa": {"a":0,"k":0,"ix":5},
              "nm": "Transform"
            }
          ],
          "nm": "Group 1",
          "np": 3,
          "cix": 2,
          "bm": 0,
          "ix": 1,
          "mn": "ADBE Vector Group",
          "hd": false
        },
        {
          "ty": "st",
          "c": {"a":0,"k":[0.65882,0.10588,0.83529,1],"ix":3},
          "o": {"a":0,"k":100,"ix":4},
          "w": {"a":0,"k":10,"ix":5},
          "lc": 1,
          "lj": 1,
          "ml": 4,
          "bm": 0,
          "nm": "Stroke 1",
          "mn": "ADBE Vector Graphic - Stroke",
          "hd": false
        }
      ],
      "ip": 0,
      "op": 76,
      "st": 0,
      "bm": 0
    },
    {
      "ddd": 0,
      "ind": 4,
      "ty": 4,
      "nm": "Layer 1 Outlines",
      "sr": 1,
      "ks": {
        "o": {
          "a": 1,
          "k": [
            {"i":{"x":[0.667],"y":[1]},"o":{"x":[0.333],"y":[0]},"t":30,"s":[0]},
            {"t":60,"s":[100]}
          ],
          "ix": 11
        },
        "r": {"a":0,"k":0,"ix":10},
        "p": {"a":0,"k":[47.495,28.09,0],"ix":2},
        "a": {"a":0,"k":[255.28,104.085,0],"ix":1},
        "s": {"a":0,"k":[17.945,17.945,100],"ix":6}
      },
      "ao": 0,
      "shapes": [
        {
          "ty": "gr",
          "it": [
            {
              "ind": 0,
              "ty": "sh",
              "ix": 1,
              "ks": {
                "a": 0,
                "k": {
                  "i": [[0,0],[0,0],[0,0],[55.81,55.19],[0,0],[0,0],[0,0],[-35.471,34.959]],
                  "o": [[0,0],[0,0],[-55.77,55.19],[0,0],[0,0],[0,0],[35.471,34.959],[0,0]],
                  "v": [[181.03,-103.835],[255.03,-103.835],[101.03,48.645],[-100.97,48.645],[-255.03,-103.835],[-180.97,-103.835],[-63.97,11.995],[63.94,11.995]],
                  "c": true
                },
                "ix": 2
              },
              "nm": "Path 1",
              "mn": "ADBE Vector Shape - Group",
              "hd": false
            },
            {
              "ty": "fl",
              "c": {"a":0,"k":[0.65882,0.10588,0.83529,1],"ix":4},
              "o": {"a":0,"k":100,"ix":5},
              "r":1,"bm":0,
              "nm":"Fill 1","mn":"ADBE Vector Graphic - Fill","hd":false
            },
            {
              "ty": "tr",
              "p": {"a":0,"k":[255.28,104.085],"ix":2},
              "a": {"a":0,"k":[0,0],"ix":1},
              "s": {"a":0,"k":[100,100],"ix":3},
              "r": {"a":0,"k":0,"ix":6},
              "o": {"a":0,"k":100,"ix":7},
              "sk": {"a":0,"k":0,"ix":4},
              "sa": {"a":0,"k":0,"ix":5},
              "nm": "Transform"
            }
          ],
          "nm": "Group 1",
          "np": 2,
          "cix": 2,
          "bm": 0,
          "ix": 1,
          "mn": "ADBE Vector Group",
          "hd": false
        }
      ],
      "ip": 30,
      "op": 106,
      "st": 30,
      "bm": 0
    }
  ],
  "markers": []
}